id,match_id,competition_name,season_name,is_goal
7b6ab918-87a4-4933-85b7-d8965938a45e,3775648,FA Women's Super League,2020/2021,0
0ba83eaf-b15d-4879-9ee5-cba49421bd89,3775648,FA Women's Super League,2020/2021,0
ea3ebaf8-8dcd-4147-8e41-272d77cd3546,3775648,FA Women's Super League,2020/2021,0
85b4eba6-a1b6-4665-85bb-c5de41a0e74d,3775648,FA Women's Super League,2020/2021,0
c6ff3786-bf7f-4f81-ac6d-3acccf21073b,3775648,FA Women's Super League,2020/2021,0
e51ab6b3-5ce6-480b-af15-e29a5c567ce4,3775648,FA Women's Super League,2020/2021,0
054bb7b6-dedb-4e80-ac72-9d74a2e5e9b2,3775648,FA Women's Super League,2020/2021,0
478e0517-4507-4a77-8d66-c144d8e1d348,3775648,FA Women's Super League,2020/2021,0
d121aa41-9747-49e5-910f-f7a1d316cd13,3775648,FA Women's Super League,2020/2021,0
bac17825-64d1-45a1-9a7b-d9b5bd1f8da8,3775648,FA Women's Super League,2020/2021,0
be5e7e87-91b4-49ea-b78e-4c37c2306d66,3775648,FA Women's Super League,2020/2021,0
4344c703-f327-4f50-9cd9-c64644615bbd,3775648,FA Women's Super League,2020/2021,0
4d798d26-6498-4df3-a5ed-8582d8a7df57,3775648,FA Women's Super League,2020/2021,0
3271c139-d5e2-456c-850c-d6be0146ebd4,3775648,FA Women's Super League,2020/2021,0
cf7d5839-68bb-4dd2-a3b5-79cda7e3de2a,3775648,FA Women's Super League,2020/2021,0
7e70fc12-2242-434b-995f-6f17d4a5643f,3775648,FA Women's Super League,2020/2021,0
b44bc470-86f7-4781-9d70-312c062fbb8e,3775648,FA Women's Super League,2020/2021,0
e985316c-8334-4db4-9c0a-8149175a4d9c,3775648,FA Women's Super League,2020/2021,0
cf3ba359-fbfd-4376-b065-8f8b03ee5bc9,3775648,FA Women's Super League,2020/2021,0
94fe31be-7849-4df5-b57e-33d6fbf21dd9,3775648,FA Women's Super League,2020/2021,1
438da5d4-5cc5-452a-a3df-008bbe94245b,3775648,FA Women's Super League,2020/2021,0
f8a8910b-655f-4c1d-b1e5-b286dce46638,3775648,FA Women's Super League,2020/2021,0
bb275b47-ab07-452a-a696-425e43048b1f,3775648,FA Women's Super League,2020/2021,1
7a207fe5-1065-49a3-8514-1cd5e2e5a722,3775648,FA Women's Super League,2020/2021,0
004d9426-21ec-420a-81fa-e5a1256e1c76,3775648,FA Women's Super League,2020/2021,0
b0a710c0-7175-4fde-94a1-e143631e6051,3775648,FA Women's Super League,2020/2021,0
0b1d1009-8ecc-4d6f-9947-ead6290eeebe,3775648,FA Women's Super League,2020/2021,0
8e6146b7-6d6f-40af-98d8-e4319e0f9e4a,3775648,FA Women's Super League,2020/2021,1
3ea45980-3c67-4570-a477-2501a4781806,3775648,FA Women's Super League,2020/2021,0
3dbf529d-babb-4689-aae9-4fd6007c29aa,3775648,FA Women's Super League,2020/2021,1
bf61e618-74cf-4dc4-91b6-e0d88539f54d,3775648,FA Women's Super League,2020/2021,0
f83f9868-1d43-4e9d-886e-ab832080afd7,3775609,FA Women's Super League,2020/2021,0
7712f855-0206-4004-a10a-365a1fb4f108,3775609,FA Women's Super League,2020/2021,0
2e476a60-43a4-4b5f-bf26-23efbd32c367,3775609,FA Women's Super League,2020/2021,0
8062ebbb-9c77-45a2-9b82-31557cd17600,3775609,FA Women's Super League,2020/2021,0
9429f99c-17e3-49f2-a9d8-75c4bf554be7,3775609,FA Women's Super League,2020/2021,0
75c575a2-7710-43aa-b886-8dde230a1362,3775609,FA Women's Super League,2020/2021,1
d2729ae7-b933-4afc-a604-2aeb74bf46ec,3775609,FA Women's Super League,2020/2021,0
537e21b2-a0e8-4ba8-843d-1ddfaf2c56fb,3775609,FA Women's Super League,2020/2021,0
9e0826bc-d035-4545-8822-fa3f7e70c12b,3775609,FA Women's Super League,2020/2021,0
c108f178-ceb2-4f00-8ed5-40d165c1c829,3775609,FA Women's Super League,2020/2021,0
1ea6fdef-58b6-48b8-b42f-e824940d5d54,3775609,FA Women's Super League,2020/2021,0
6261220b-7f17-4966-845a-db02c943d38d,3775609,FA Women's Super League,2020/2021,0
41493620-1265-444c-a984-a22c1e63aab4,3775609,FA Women's Super League,2020/2021,0
74f7260e-6feb-459d-99aa-8e3e782b0711,3775609,FA Women's Super League,2020/2021,0
8177190f-bd95-4cd4-a444-261ecf30105f,3775609,FA Women's Super League,2020/2021,0
a0a77b3b-f90c-4274-84e1-5999eb117c1d,3775609,FA Women's Super League,2020/2021,0
f5153829-f326-4000-9d88-19f8ca34286e,3775609,FA Women's Super League,2020/2021,0
c77620d7-12a8-4937-8ab5-9e015d3c25c3,3775609,FA Women's Super League,2020/2021,1
1dba170b-2d2a-46a9-a1c6-66d7ebfc8fdb,3775609,FA Women's Super League,2020/2021,0
83d906c3-6c08-4b5b-a5df-2b5030de6b1b,3775609,FA Women's Super League,2020/2021,0
2aa7a1fc-9866-42ce-9fc1-28c929e5e026,3775609,FA Women's Super League,2020/2021,0
a13b9353-bbf1-4d13-a05e-197cc8bf3ad5,3775609,FA Women's Super League,2020/2021,0
9d13b765-e60c-4868-9062-0c1d69361b84,3775633,FA Women's Super League,2020/2021,0
05da4703-53c5-44b4-94b2-1a29eccfe543,3775633,FA Women's Super League,2020/2021,1
a48aae6e-e1b9-4bac-9555-55370181c520,3775633,FA Women's Super League,2020/2021,0
4ddb1fdd-ad4b-47e1-863b-baef66f02983,3775633,FA Women's Super League,2020/2021,0
f531e705-2763-49b0-a67c-dc8752ba5429,3775633,FA Women's Super League,2020/2021,0
c05fde9f-0e82-4101-a901-cb03b7d7c7ae,3775633,FA Women's Super League,2020/2021,0
c1766a05-acfe-4484-93d4-620108481941,3775633,FA Women's Super League,2020/2021,0
e2c316bb-641b-4e74-8646-810ce5cf50a5,3775633,FA Women's Super League,2020/2021,0
bc8cc801-9b0f-4f59-95bf-236a2ae1c89f,3775633,FA Women's Super League,2020/2021,0
6172b1de-0789-4299-a465-7f654565f7ce,3775633,FA Women's Super League,2020/2021,0
dc696760-46c8-41bc-bac7-d6aa8e19f5a1,3775633,FA Women's Super League,2020/2021,0
d3f877cc-ce36-47ed-a8ab-63f3b8369ee6,3775633,FA Women's Super League,2020/2021,0
9bd40cd8-bec1-4b4a-98bf-ea5df81f2065,3775633,FA Women's Super League,2020/2021,0
ece06e01-8c95-4d2e-a979-eb9b4eaf4304,3775633,FA Women's Super League,2020/2021,0
1f6c723a-9df3-41aa-b8f7-5e95c8a1b76e,3775633,FA Women's Super League,2020/2021,0
bf38fb92-a5c7-4b0c-a276-845a00872770,3775633,FA Women's Super League,2020/2021,0
2fa7362f-c99c-49fd-9257-fd36aa3eff70,3775633,FA Women's Super League,2020/2021,0
3edb1a78-25ab-4eb3-98bf-2c29856f38ce,3775633,FA Women's Super League,2020/2021,0
bbc076e4-3c8c-4e0b-a105-f212132b27f3,3775633,FA Women's Super League,2020/2021,0
6ea03cc0-b0d5-4e87-8c9c-a5653562c86b,3775570,FA Women's Super League,2020/2021,0
3179ad0d-3aa0-4492-a39b-5ba38cc259e5,3775570,FA Women's Super League,2020/2021,0
51a17ad1-9d6e-48a0-b623-26f245101351,3775570,FA Women's Super League,2020/2021,0
83681af1-bb77-44aa-849e-d62b9db064a3,3775570,FA Women's Super League,2020/2021,0
4fe6bcf6-18b0-47b8-acfb-eddc67559918,3775570,FA Women's Super League,2020/2021,1
8bf6632d-28f5-4dbe-b801-8a04e9ccf036,3775570,FA Women's Super League,2020/2021,0
6bf1ea9b-1905-44d1-896d-b36ebf406282,3775570,FA Women's Super League,2020/2021,0
616e3225-239a-445b-8da1-09b48bd3dbdf,3775570,FA Women's Super League,2020/2021,1
4bffcedb-51c7-48ec-bfea-7ed1df802462,3775570,FA Women's Super League,2020/2021,0
bbf68ae6-7e8d-48e3-ade3-c011ea6a6378,3775570,FA Women's Super League,2020/2021,1
1b3e6480-2b64-4215-9022-28878d261bb4,3775570,FA Women's Super League,2020/2021,0
c3a7a083-abd4-4afb-b1c7-f2553119d83b,3775570,FA Women's Super League,2020/2021,0
2a78bf5d-1f0e-4fce-9864-f08888f8e774,3775570,FA Women's Super League,2020/2021,0
995def7a-fc5a-40a0-b870-a5a8067d4a89,3775570,FA Women's Super League,2020/2021,0
3fa4f680-01c7-4911-936a-a355810cf867,3775570,FA Women's Super League,2020/2021,1
b952e402-0f07-4f90-bfcd-1f2a1584c64e,3775570,FA Women's Super League,2020/2021,0
55ed8184-9ab4-4907-840c-ba26401925f6,3775570,FA Women's Super League,2020/2021,0
aa11df5a-a275-4aa7-8600-9eafd8c27bfb,3775570,FA Women's Super League,2020/2021,0
93c569c4-45e2-4ec7-be5c-c9b71d1e8ed1,3775570,FA Women's Super League,2020/2021,0
8ffde048-7716-4794-ba59-30498b72a909,3775581,FA Women's Super League,2020/2021,0
4515bf8f-ca30-4a59-8666-9e9d8fdbb9fd,3775581,FA Women's Super League,2020/2021,0
b6848022-eabe-4594-b859-dafd03ae4f8b,3775581,FA Women's Super League,2020/2021,0
fd6bea3c-d41a-4bdf-9352-5f53655582b4,3775581,FA Women's Super League,2020/2021,0
b739570d-f2e1-4db0-9ac3-e7ebb9ea4f25,3775581,FA Women's Super League,2020/2021,0
18cec0dc-82a3-45eb-8ace-432212962067,3775581,FA Women's Super League,2020/2021,0
c8c7a487-7b3d-4491-b878-112d2609a47a,3775581,FA Women's Super League,2020/2021,0
951a86d1-074a-4d5d-80c1-29c383b2b2d4,3775581,FA Women's Super League,2020/2021,0
d9b03c24-a6ac-4dac-8f47-c8de3a08311b,3775581,FA Women's Super League,2020/2021,1
2e4bfe89-5b1b-451a-918d-f0c8c98f42b0,3775581,FA Women's Super League,2020/2021,0
7c1157db-59fa-4eeb-b9af-2a2fc9763e7a,3775581,FA Women's Super League,2020/2021,0
8bc912bf-85a4-4fbb-a448-0764642f0f2b,3775581,FA Women's Super League,2020/2021,0
f22fca98-bffd-4894-9fa4-15d6e2042922,3775581,FA Women's Super League,2020/2021,0
7e577c12-91f0-43e5-bae8-7eb3c6f0b6e1,3775581,FA Women's Super League,2020/2021,0
acdeca26-1470-411c-a7ca-74da4459efe5,3775581,FA Women's Super League,2020/2021,0
3cbcccb2-2ddb-47a4-9dfa-ef07edefc078,3775581,FA Women's Super League,2020/2021,1
ef02a3de-1065-4232-beed-fc49c1805554,3775581,FA Women's Super League,2020/2021,0
24368b93-1577-43ce-bd2a-c1046629e8c7,3775581,FA Women's Super League,2020/2021,0
48da8860-ae69-4224-9149-286cd50dad56,3775581,FA Women's Super League,2020/2021,0
35a9d8f4-e86f-4cca-930e-18aa75667fa8,3775581,FA Women's Super League,2020/2021,0
fc430c72-f3e3-4864-a16a-73731666ed32,3775579,FA Women's Super League,2020/2021,0
e805d11a-1ea4-41f9-a633-e4f208df0096,3775579,FA Women's Super League,2020/2021,0
91f0b576-4e9a-4235-9245-f8c77a5ad95e,3775579,FA Women's Super League,2020/2021,0
9397f0b6-035c-46f5-b5bf-3a816abd830a,3775579,FA Women's Super League,2020/2021,0
17bfc03a-226c-4476-ab75-4e6ab3d6de0f,3775579,FA Women's Super League,2020/2021,0
ec626f5e-618c-4756-afcc-da7f764c92c9,3775579,FA Women's Super League,2020/2021,0
7a987f5b-0ba7-422f-b845-a82219f3d334,3775579,FA Women's Super League,2020/2021,0
97150214-9328-4ac1-826a-74e75717a1dc,3775579,FA Women's Super League,2020/2021,1
6ce76585-890e-408c-ab8e-35391c23351b,3775579,FA Women's Super League,2020/2021,1
8acc6233-a72c-442d-848a-90ed8361b8b3,3775579,FA Women's Super League,2020/2021,1
b28c4c5b-1ce7-4855-b248-5b69d794eb0d,3775579,FA Women's Super League,2020/2021,0
c14e8438-d782-42cc-9071-e890a13a09cc,3775579,FA Women's Super League,2020/2021,0
6de0b2c4-f7d7-4073-88bb-bcc8f96d084d,3775579,FA Women's Super League,2020/2021,0
ea0de02c-b643-4495-a68d-961fdcf1a557,3775579,FA Women's Super League,2020/2021,1
3186c9ec-c14b-44bd-8b1b-08787649573f,3775579,FA Women's Super League,2020/2021,0
cc3090d9-f22d-42cd-be2a-73358b21f1ab,3775579,FA Women's Super League,2020/2021,0
3afb7e69-ee88-43c3-b281-b88135b59218,3775579,FA Women's Super League,2020/2021,0
9a9951c9-6654-4665-a7a7-15e4f69a83e3,3775579,FA Women's Super League,2020/2021,0
84c4c810-9a72-4879-b20d-58bc11da80b5,3775579,FA Women's Super League,2020/2021,0
8b5aadaf-afe9-4c60-bbd0-60586b3907f0,3775579,FA Women's Super League,2020/2021,0
75a749cd-0b2a-43e3-ab73-94227e0738cd,3775579,FA Women's Super League,2020/2021,0
e8fb770d-5f09-46d7-9f69-8d60df76ef9c,3775579,FA Women's Super League,2020/2021,0
3e271bc0-2646-451c-b5cb-19ce429e3328,3775579,FA Women's Super League,2020/2021,0
adb0f624-6551-4374-927b-531e158c38cb,3775579,FA Women's Super League,2020/2021,0
411cd354-85dd-4290-9c0c-c670d0284b2c,3775544,FA Women's Super League,2020/2021,0
b2904ef8-f850-4fcd-98ef-085995c8bd8a,3775544,FA Women's Super League,2020/2021,0
edefdc72-dc0b-4ea0-ac3d-716f6845ad69,3775544,FA Women's Super League,2020/2021,0
bfa06905-08df-4a38-8377-81a3482d489e,3775544,FA Women's Super League,2020/2021,0
281b5572-b912-41b4-abb7-75f475215266,3775544,FA Women's Super League,2020/2021,0
412e1e2d-100d-4979-a381-88afd4d5d555,3775544,FA Women's Super League,2020/2021,0
f3e9183a-8ccd-433b-aa2e-0802081fbcd3,3775544,FA Women's Super League,2020/2021,0
953458ea-9c24-4288-b4d7-08fbd4085a40,3775544,FA Women's Super League,2020/2021,0
f38125e1-440a-4369-86b5-ae2d1d5cb676,3775544,FA Women's Super League,2020/2021,0
cc5e12a5-b67d-49e1-a9ef-3ce9384a06b4,3775544,FA Women's Super League,2020/2021,0
ef310001-345c-4893-98e0-15d1c18475fb,3775544,FA Women's Super League,2020/2021,0
1750882c-ba95-4fc2-bfcb-b33a4775ef03,3775544,FA Women's Super League,2020/2021,0
ff07f0d4-c48c-4f75-8fff-84c2d2db00ba,3775544,FA Women's Super League,2020/2021,0
2db10230-088f-4e78-907d-970dad0b194d,3775544,FA Women's Super League,2020/2021,0
cf084e29-69d5-4183-94d7-6bd227e17005,3775544,FA Women's Super League,2020/2021,0
6e5c0dda-9db7-4ead-9c69-088b55054ade,3775544,FA Women's Super League,2020/2021,0
f1bf7046-0f5a-4f3f-a5d1-4b85471f995b,3775544,FA Women's Super League,2020/2021,0
fade801f-88db-44ba-a0a2-50dee147ffd0,3775544,FA Women's Super League,2020/2021,0
bedcf4e4-e9d1-4dfa-b868-1cdfbeedbafe,3775544,FA Women's Super League,2020/2021,0
ea014f42-8d83-4c4f-9b5b-5e64d5c52104,3775544,FA Women's Super League,2020/2021,0
f80ee14b-6801-4c44-9fe2-f542df216dd9,3775544,FA Women's Super League,2020/2021,0
5ecdf996-d8a6-4482-acde-e6f4807124ef,3775544,FA Women's Super League,2020/2021,0
20cbfddd-437c-45d6-b8c0-2b8d9e8c37e9,3775544,FA Women's Super League,2020/2021,0
745f136b-e14f-4b63-8bac-5ad748aa64c3,3775544,FA Women's Super League,2020/2021,0
647d5b0b-8a5a-4082-894a-72b41b571776,3775544,FA Women's Super League,2020/2021,0
d79b9d78-13cd-4042-aa90-f44cf5c001fc,3775544,FA Women's Super League,2020/2021,0
f3d0bb92-93b1-47d5-9561-60c72ccd2d74,3775544,FA Women's Super League,2020/2021,0
58553ce7-7c35-44d6-8d81-f7e1ccd2e94c,3775544,FA Women's Super League,2020/2021,0
2406bacf-93e6-414b-b829-13915aeda4db,3775544,FA Women's Super League,2020/2021,0
cd1d8e4e-b5c1-40b9-9919-a3af1b04a42a,3775544,FA Women's Super League,2020/2021,0
68b5c80d-f643-43d1-861f-072a0a24d3da,3775544,FA Women's Super League,2020/2021,0
93600273-bdca-4a9c-aa54-02095d17e9fb,3775544,FA Women's Super League,2020/2021,0
889a0842-b13f-4e77-93f2-a7e6618c4dad,3775622,FA Women's Super League,2020/2021,0
d336a9b8-8499-46e2-8c17-b9682f457d50,3775622,FA Women's Super League,2020/2021,0
262c98a7-1d25-4d11-87c4-140b2f89e498,3775622,FA Women's Super League,2020/2021,1
48b80936-971a-4f7a-9d31-0aa9e619c89d,3775622,FA Women's Super League,2020/2021,0
82b319eb-2e86-4b38-a765-b594fb732a5f,3775622,FA Women's Super League,2020/2021,1
720dfe8d-12a0-44d2-911b-cdafe9c74c27,3775622,FA Women's Super League,2020/2021,0
aded6ec7-dc1a-4693-9be3-2dca6def5758,3775622,FA Women's Super League,2020/2021,1
f66fec06-55fb-41bb-99b4-ba67c0461780,3775622,FA Women's Super League,2020/2021,0
b3dbb9b2-49b5-44c2-b134-7c8a64576a0c,3775622,FA Women's Super League,2020/2021,0
69adc58e-b2c5-46e1-9846-80f437716518,3775622,FA Women's Super League,2020/2021,0
c86429ab-35f0-4662-a470-4e08c9efcc65,3775622,FA Women's Super League,2020/2021,0
5d59b815-a3ac-4791-b9ca-d082fad40710,3775622,FA Women's Super League,2020/2021,0
37c3c848-3d77-46fa-bb86-bb5783840b6c,3775622,FA Women's Super League,2020/2021,0
900d13cc-1067-4a58-95db-d2b496054542,3775622,FA Women's Super League,2020/2021,0
a9103530-114d-4685-9225-f5389bc2d25f,3775622,FA Women's Super League,2020/2021,0
d22a7baf-5231-4ad5-81f9-bcf15a2df731,3775622,FA Women's Super League,2020/2021,0
c002c1c8-348d-431e-8455-62ac01e74247,3775622,FA Women's Super League,2020/2021,0
e7a672b7-2e9b-498c-8643-6c7b1e123a8a,3775622,FA Women's Super League,2020/2021,0
9c47474a-9015-45e4-bf11-4f1772e625e6,3775553,FA Women's Super League,2020/2021,0
be8946e5-fcf4-40bd-b6b1-82c73e7ef8f6,3775553,FA Women's Super League,2020/2021,1
341b611e-53ef-4acf-a361-8d0979083564,3775553,FA Women's Super League,2020/2021,0
bc497480-45c9-49ae-82bd-0072b97f245f,3775553,FA Women's Super League,2020/2021,0
6197f06d-4b16-4985-abe3-b56ba9057e80,3775553,FA Women's Super League,2020/2021,0
00b84bcc-d7f1-4989-8199-abc265f2e3e2,3775553,FA Women's Super League,2020/2021,0
d6a4b318-249a-4e32-86ca-a8893e681ee1,3775553,FA Women's Super League,2020/2021,0
90233e58-5cb2-4055-ac49-7504294c91a2,3775553,FA Women's Super League,2020/2021,0
4a20a076-8d52-4c6a-a632-94582f5a6e03,3775553,FA Women's Super League,2020/2021,0
a24e866b-f96d-4624-bfac-a58c9cf5eaa2,3775553,FA Women's Super League,2020/2021,0
0d7238b6-2483-472a-9e47-3151bc707d1a,3775553,FA Women's Super League,2020/2021,0
68735396-e960-4983-9c46-fec1acb1e385,3775553,FA Women's Super League,2020/2021,0
754cc18c-4051-4a36-b1fe-d3d3ee2ad392,3775553,FA Women's Super League,2020/2021,0
eaf763f7-7ff9-4696-8ae0-cae772672b5e,3775553,FA Women's Super League,2020/2021,0
e6571e11-7356-4dba-b6be-8c5d3748bbf8,3775553,FA Women's Super League,2020/2021,0
72c0b02d-f25f-4114-b52e-fdd474533245,3775553,FA Women's Super League,2020/2021,0
7124c8e4-9cba-42df-8abc-0163cbaabf9f,3775553,FA Women's Super League,2020/2021,1
6bc3980a-a18e-4c86-aa1b-c7e984db12af,3775553,FA Women's Super League,2020/2021,0
25a026b1-bfae-419f-9a48-5deec7ba8348,3775553,FA Women's Super League,2020/2021,0
0ff1e263-345b-4fb7-b269-9c1fe883c391,3775553,FA Women's Super League,2020/2021,0
c800a5f3-a34b-45b6-a1d6-670f12f4f604,3775584,FA Women's Super League,2020/2021,0
eecdc59b-ca65-489e-96ea-17fc5fa444f6,3775584,FA Women's Super League,2020/2021,0
4225d21a-1ac8-426c-90f6-2c7654d484a6,3775584,FA Women's Super League,2020/2021,0
8557e0cb-ef4d-4414-9ae0-a6b1ac4db77b,3775584,FA Women's Super League,2020/2021,0
89a0ef2d-892d-4720-bf5e-5f14f7956b00,3775584,FA Women's Super League,2020/2021,0
4cbdd399-20fe-4681-944c-6cc1d5a2628e,3775584,FA Women's Super League,2020/2021,0
c66d7782-fe21-4a96-9093-23759a54cb55,3775584,FA Women's Super League,2020/2021,0
cf9fb133-9768-4d54-8222-b689d8c8a866,3775584,FA Women's Super League,2020/2021,0
abf83517-f3ea-412f-87b1-4b1b7c1fb992,3775584,FA Women's Super League,2020/2021,0
a4d2819d-2faa-4d58-9229-fec5fd3e0091,3775584,FA Women's Super League,2020/2021,0
f6612353-3410-4094-85ed-cf86c883b04e,3775584,FA Women's Super League,2020/2021,0
5b231530-65bd-4b6d-9b91-a4dee56b267f,3775584,FA Women's Super League,2020/2021,0
3c36d43f-64b0-4c80-bea6-ba7c15a30014,3775584,FA Women's Super League,2020/2021,0
9f9d4d77-875f-48e0-bcb0-67f132903861,3775584,FA Women's Super League,2020/2021,0
405aa9f4-2830-4873-ae43-e68da552088c,3775584,FA Women's Super League,2020/2021,0
5f09d262-24b0-4d7b-8791-4c677d98734b,3775584,FA Women's Super League,2020/2021,0
9c1371b0-1a06-479e-aa15-2cf3921dae86,3775584,FA Women's Super League,2020/2021,0
91b39b70-b140-4005-8acb-29fceb479fba,3775584,FA Women's Super League,2020/2021,0
bb9574cc-fa13-4da7-97ac-65c2604cb4bf,3775584,FA Women's Super League,2020/2021,1
270c4e3e-120b-4c32-acf4-d8660ff09266,3775584,FA Women's Super League,2020/2021,0
e834a0bf-b278-49eb-a5a4-1b5bb670a0b5,3775584,FA Women's Super League,2020/2021,0
06997777-5bd2-4420-99dc-f7a3747b5e3e,3775584,FA Women's Super League,2020/2021,0
6a089c1d-dc13-43f0-ba4b-23c5abebd8e8,3775584,FA Women's Super League,2020/2021,1
165b3848-b909-4517-bccc-0825c11b1168,3775584,FA Women's Super League,2020/2021,0
025b86d6-09d6-4b2b-b662-aee4ee2f3f44,3775584,FA Women's Super League,2020/2021,0
1273baff-e455-4c5e-9bf9-575f342c9c9a,3775584,FA Women's Super League,2020/2021,0
c2ca5c93-efa6-48da-a80c-9028d1eb1359,3775584,FA Women's Super League,2020/2021,0
d89e50a1-9340-42f9-bb0b-c6a271b818be,3775584,FA Women's Super League,2020/2021,0
60a08fee-a670-4f91-b05f-4fa4a315624d,3775584,FA Women's Super League,2020/2021,0
fdb5e223-1b95-4f1a-a423-bb18ebdd1ad8,3775584,FA Women's Super League,2020/2021,0
33f5b203-72e0-4bfc-9aa0-c07667a52a5d,3775584,FA Women's Super League,2020/2021,0
093e12be-d178-462e-b27c-1018cc5d90b3,3775584,FA Women's Super League,2020/2021,0
88133682-f9a1-40c4-ab86-a5cb812ff99c,3775618,FA Women's Super League,2020/2021,0
b3b7d195-4c82-4dad-a35a-ab12c0e24ecc,3775618,FA Women's Super League,2020/2021,0
7ed4e9cd-220b-4bc4-8e13-609c850b2800,3775618,FA Women's Super League,2020/2021,0
72f6788f-ec38-4881-8ab5-a636f233821f,3775618,FA Women's Super League,2020/2021,0
0949accf-47db-4e7e-a592-3bd2023bb924,3775618,FA Women's Super League,2020/2021,0
00cc3e45-7c17-4a79-a9cd-8cf4636227ff,3775618,FA Women's Super League,2020/2021,0
cf375dd3-90bb-4cea-8f41-b22d527a2524,3775618,FA Women's Super League,2020/2021,0
6cf73435-513b-4781-b576-d17d7dc2b847,3775618,FA Women's Super League,2020/2021,0
8df2a350-2a51-46e9-b800-c376f9b92c82,3775618,FA Women's Super League,2020/2021,0
3732866d-9acf-4a71-a8ce-4e52357a00b9,3775618,FA Women's Super League,2020/2021,0
0f1ab8ee-878b-4375-9e43-54f11bdedbeb,3775618,FA Women's Super League,2020/2021,0
259b0e53-b8cb-492e-aa88-c8538e6e6335,3775618,FA Women's Super League,2020/2021,0
aa711637-cfd2-40af-bdf7-5701c1439187,3775618,FA Women's Super League,2020/2021,0
46b53140-705c-45c3-97e9-b15c9b789048,3775618,FA Women's Super League,2020/2021,0
2d5c5460-763d-458c-aa5e-b93fa81da59a,3775618,FA Women's Super League,2020/2021,0
24bc0a49-cd9c-4f41-9bbc-0a00c7e31189,3775618,FA Women's Super League,2020/2021,0
41506e42-c8c6-4086-b7c5-13f1583c8c8b,3775618,FA Women's Super League,2020/2021,0
d6bf742d-d9fc-4c06-bcce-7e673372b97a,3775618,FA Women's Super League,2020/2021,0
bb02960d-301c-48d7-b32f-93f2e96aab17,3775618,FA Women's Super League,2020/2021,1
115d68b2-45b3-497f-aefb-2df721931fbe,3775618,FA Women's Super League,2020/2021,0
e98818eb-c23c-4241-8b7b-b33769014ef8,3775618,FA Women's Super League,2020/2021,0
7b2c3b33-6d6b-46e3-bd46-443262c92634,3775618,FA Women's Super League,2020/2021,0
5e80bb0f-b6b3-4fd3-a367-adf36c685f2b,3775641,FA Women's Super League,2020/2021,0
e063580e-a170-41aa-9ad5-b2eb4ead614e,3775641,FA Women's Super League,2020/2021,0
a0ada8de-d891-40bf-a005-6f3f89f133e4,3775641,FA Women's Super League,2020/2021,0
348f658e-4492-4355-b490-ea48d44843cc,3775641,FA Women's Super League,2020/2021,0
6730b3bc-752c-4e0d-b1a5-7d2a436899d3,3775641,FA Women's Super League,2020/2021,0
00dab0e2-23b7-49ce-b60d-e0a0b2894386,3775641,FA Women's Super League,2020/2021,0
98f7099d-b212-4ff1-9d46-cf3a29080aff,3775641,FA Women's Super League,2020/2021,0
7d1f31a6-5e2e-45c3-9a25-a57b2b20cf1e,3775641,FA Women's Super League,2020/2021,0
0df35e3a-6bbd-4e6e-8330-67580beeb4eb,3775641,FA Women's Super League,2020/2021,0
5f1f9452-da72-4095-8e40-e43c87edcac0,3775641,FA Women's Super League,2020/2021,0
0ff524d5-a9db-419d-8439-33232162349e,3775641,FA Women's Super League,2020/2021,0
4980438c-5158-40eb-bfee-8e92f0d50e2e,3775641,FA Women's Super League,2020/2021,0
0ab74af6-ad17-41cb-afc0-a55acaf1d76f,3775641,FA Women's Super League,2020/2021,0
6b79a8f1-38a4-4f88-b03a-ce52b5f477a4,3775641,FA Women's Super League,2020/2021,0
f796bafe-a9b1-488d-8e45-bab0355f1dca,3775641,FA Women's Super League,2020/2021,0
9f8e6e0b-63d6-40e4-8292-90f0d621b868,3775641,FA Women's Super League,2020/2021,0
e0210b52-9660-4e53-94c2-1bfa3c08dc7c,3775641,FA Women's Super League,2020/2021,0
825c6af4-707f-4170-98f2-12d774de8021,3775641,FA Women's Super League,2020/2021,0
4743c164-c8d8-4bf3-8d43-83ad45477ad7,3775641,FA Women's Super League,2020/2021,1
b9c1c79a-a58a-49bf-9fbd-20d0008f8556,3775641,FA Women's Super League,2020/2021,0
bb6b0e80-e153-4508-82db-e3dbf2b1867d,3775641,FA Women's Super League,2020/2021,0
b3989979-beb6-479a-bc46-d837e60aca24,3775641,FA Women's Super League,2020/2021,0
1c7e90da-d0fd-4fc4-a9a0-ef761dc4d985,3775636,FA Women's Super League,2020/2021,0
cef32de3-2f12-4edd-8d75-8819310a36bd,3775636,FA Women's Super League,2020/2021,0
b4c54c35-9e6a-4ee7-82b3-c10d7e6a0436,3775636,FA Women's Super League,2020/2021,0
6d450ee3-6774-4172-8a6c-9a2a993c32d3,3775636,FA Women's Super League,2020/2021,0
f67a7a21-181d-4338-bfd3-8c53f046f04b,3775636,FA Women's Super League,2020/2021,1
50b96aa4-bbe1-48d4-899a-014b7394ee35,3775636,FA Women's Super League,2020/2021,0
06322b2e-b3c5-4eaf-bafb-4b9092c091f8,3775636,FA Women's Super League,2020/2021,0
bd635b22-0b31-484c-b040-88faf9c4f0b9,3775636,FA Women's Super League,2020/2021,1
3a93dcb0-2693-4ee8-a2d7-68dd6a4ef9df,3775636,FA Women's Super League,2020/2021,0
a649ea66-6619-4cd1-b29a-5c102d27a814,3775636,FA Women's Super League,2020/2021,0
90735e3a-8564-494a-831a-5e0a1612bf35,3775636,FA Women's Super League,2020/2021,0
bae26142-0235-44f4-8da0-cf820a0bdc2b,3775636,FA Women's Super League,2020/2021,1
d75c8202-6d93-423c-865f-7e3175027733,3775636,FA Women's Super League,2020/2021,0
e26bb662-be30-4c74-bf45-28a7d54ee5f5,3775636,FA Women's Super League,2020/2021,0
a6cefeda-2c22-4b74-a878-5b1dedd3718b,3775636,FA Women's Super League,2020/2021,0
809adb3c-c8e2-4269-81f6-be65af381717,3775636,FA Women's Super League,2020/2021,0
c19d7aa8-f79a-4803-80d1-f4f9d10c1e83,3775636,FA Women's Super League,2020/2021,0
2b0ee4e3-7df8-489f-931e-3fdd2519d506,3775636,FA Women's Super League,2020/2021,0
b341c58a-e409-4415-b6cd-735e10aa72a8,3775653,FA Women's Super League,2020/2021,0
9844a42f-966f-40a9-90c9-125553c1d9f9,3775653,FA Women's Super League,2020/2021,0
f435dbc6-ed6d-4494-8adc-ef794613a295,3775653,FA Women's Super League,2020/2021,0
88c9d4b7-43c0-4d40-a9a6-92e4d12290c3,3775653,FA Women's Super League,2020/2021,1
380fd4a9-a622-4bce-aa96-e813e13b8a21,3775653,FA Women's Super League,2020/2021,0
eae2bed9-719f-436b-9d93-44c675f93da1,3775653,FA Women's Super League,2020/2021,1
e36732ff-3e73-47a3-8f7b-abe3bd4e90ca,3775653,FA Women's Super League,2020/2021,0
8d4e64d0-c253-4589-9136-716db7709579,3775653,FA Women's Super League,2020/2021,1
ccc1bd33-238d-4cc4-a022-ba9d5383d78a,3775653,FA Women's Super League,2020/2021,0
c736dfde-0b3f-4311-a86d-45f448fee38a,3775653,FA Women's Super League,2020/2021,0
3c498e92-7a50-449d-95c6-f0ded572add8,3775653,FA Women's Super League,2020/2021,0
75391f1c-0436-418a-b0b0-d9fbc1c47b1e,3775653,FA Women's Super League,2020/2021,1
56c38bef-1a03-4f7f-97d4-c070d51dca5b,3775653,FA Women's Super League,2020/2021,0
114e70bc-22d6-449e-8083-fae025ab7dc0,3775654,FA Women's Super League,2020/2021,0
c4d31d48-f99f-43f9-b2ea-bf465c118586,3775654,FA Women's Super League,2020/2021,0
d1130ef1-1b4c-4bd1-a2d9-fef5aafd0ccf,3775654,FA Women's Super League,2020/2021,0
d0d8a878-cc9a-45b7-80f2-60cc2113b9b5,3775654,FA Women's Super League,2020/2021,0
95870604-754f-4b2c-8d6f-5bc9bafb508c,3775654,FA Women's Super League,2020/2021,0
3d716bb9-1e54-4dc2-9a49-6a9928baad9f,3775654,FA Women's Super League,2020/2021,0
3d466ad2-cd13-4b24-afb6-5dfdb36f79a0,3775654,FA Women's Super League,2020/2021,1
bafb0f9a-65ea-45e2-a27c-a6aeaffc01c2,3775654,FA Women's Super League,2020/2021,0
819a2724-bab3-4d52-b537-4dfa6c4e1a57,3775654,FA Women's Super League,2020/2021,0
5b998b9f-d9fd-4dd9-b283-2196e1bfe6d4,3775654,FA Women's Super League,2020/2021,0
29d362b2-80a7-465f-8dcd-e9e65bb38d41,3775654,FA Women's Super League,2020/2021,0
e5e0dd57-5e16-42b3-9304-949d0189626c,3775654,FA Women's Super League,2020/2021,0
87275ab4-6ed3-4d4d-b05a-fc29b1f56b27,3775654,FA Women's Super League,2020/2021,0
93ae1f53-9254-4833-96a7-e3e4ad9daa06,3775654,FA Women's Super League,2020/2021,0
19278e21-7d56-4d4e-b405-a3c03f6546e1,3775654,FA Women's Super League,2020/2021,0
5bd97f6c-dce1-4e6a-b8f1-645bd97ec6cb,3775654,FA Women's Super League,2020/2021,0
57997690-4358-4714-9f5d-2bedc3371833,3775654,FA Women's Super League,2020/2021,0
016eee43-4152-4887-ada5-828f76d7f372,3775654,FA Women's Super League,2020/2021,0
580316c1-806f-472d-accd-03e2c638d4af,3775654,FA Women's Super League,2020/2021,0
7222f0f8-8a48-41e4-be15-f1811008a234,3775654,FA Women's Super League,2020/2021,1
ddcbcb41-8984-49bf-8563-16cced55030d,3775654,FA Women's Super League,2020/2021,0
1232d7be-56ea-47f0-a5f2-85a1b1f3ea9f,3775654,FA Women's Super League,2020/2021,0
f879bf4b-4fc6-4566-8b8b-32dccd9916cd,3775654,FA Women's Super League,2020/2021,0
b273049a-593c-46e0-8e9d-69e5d16081a1,3775654,FA Women's Super League,2020/2021,0
03403490-e183-41ee-b455-908657e33cff,3775654,FA Women's Super League,2020/2021,0
ed819ae6-e079-4f74-a673-fd21c877a1f1,3775654,FA Women's Super League,2020/2021,0
f3ce139c-54c9-40ed-8073-57ee9da91e0e,3775654,FA Women's Super League,2020/2021,0
d4e08cf7-0dad-431c-ade4-95d68ce7c3f6,3775643,FA Women's Super League,2020/2021,0
72ada1ac-c410-4242-9d37-5bc8f99e62f2,3775643,FA Women's Super League,2020/2021,0
d81eeaaa-86cf-48ab-85a9-99496dae5010,3775643,FA Women's Super League,2020/2021,1
17f0c86e-0595-4213-8dfc-8d89f92f0f40,3775643,FA Women's Super League,2020/2021,0
f976c22a-b391-4298-ae3e-811e5bba449b,3775643,FA Women's Super League,2020/2021,0
9952a45d-b671-4b79-a30a-01add83e7c30,3775643,FA Women's Super League,2020/2021,0
56e64b37-8ece-4c05-a156-4e114cca8902,3775643,FA Women's Super League,2020/2021,0
3166febd-61d4-45aa-ac0d-6354e2f8f4f8,3775643,FA Women's Super League,2020/2021,0
b7343389-bb58-4734-a777-3cfff7ae7ec3,3775643,FA Women's Super League,2020/2021,1
8475b070-025a-4879-8eec-a142887c888a,3775643,FA Women's Super League,2020/2021,0
0593bc10-aae1-4416-8325-c70247dd99f9,3775643,FA Women's Super League,2020/2021,0
9ef3b7fb-7a56-4a6d-b421-649358b90edd,3775643,FA Women's Super League,2020/2021,0
225c4aa5-ca88-4f6a-96e5-191d5d3d76c4,3775643,FA Women's Super League,2020/2021,0
67833661-8c3d-4ecc-a8fc-f7c04ef5ed90,3775643,FA Women's Super League,2020/2021,0
4dc10c53-81e0-474a-a82a-2c950967356b,3775643,FA Women's Super League,2020/2021,0
288b080d-5dbd-4dc6-a424-4e0cd771da1d,3775643,FA Women's Super League,2020/2021,0
dfcc50cc-688d-4db8-b224-0aa47b751874,3775643,FA Women's Super League,2020/2021,0
2ab83609-d856-40bd-8d85-206b18c598e3,3775643,FA Women's Super League,2020/2021,0
4ef4a28b-e020-4684-945c-a51d775b7e1a,3775643,FA Women's Super League,2020/2021,1
2bef7d69-5ce2-409f-9bc8-6a2cd11b949c,3775643,FA Women's Super League,2020/2021,0
f6c3b62b-cf94-40c5-b7d2-b6718900bc65,3775643,FA Women's Super League,2020/2021,0
c7097055-f8e0-48a8-b5dc-04be9570f1c2,3775643,FA Women's Super League,2020/2021,1
5b3f28c4-8afa-43a2-b1eb-2a9af8b3e398,3764237,FA Women's Super League,2020/2021,0
ad98b224-19ea-406b-97bc-ea902074e41e,3764237,FA Women's Super League,2020/2021,0
1b7e0100-61f9-4b9d-a9f2-8a9a57976c58,3764237,FA Women's Super League,2020/2021,1
17c7fc36-37f5-49f6-91d8-6b630d94edca,3764237,FA Women's Super League,2020/2021,0
47eed6b9-aa8a-447a-96d1-b7d13bb64b76,3764237,FA Women's Super League,2020/2021,0
c667551f-26ff-46fe-b972-f2888b17a53f,3764237,FA Women's Super League,2020/2021,1
20515280-817a-4af0-bdf7-9dc3afc47778,3764237,FA Women's Super League,2020/2021,0
1fc32db4-0419-445d-ad70-619961982f75,3764237,FA Women's Super League,2020/2021,0
92d1a5cb-325c-4beb-9017-585fb8efed33,3764237,FA Women's Super League,2020/2021,0
7abe0b5e-9509-4420-a996-fdaf62cc4a3d,3764237,FA Women's Super League,2020/2021,0
d73cc95b-db67-4297-9c65-bd7cc6df24c1,3764237,FA Women's Super League,2020/2021,0
3aae28e0-7532-447e-906c-8c4beb451c0f,3764237,FA Women's Super League,2020/2021,0
02bb2f26-3f52-4b61-8121-4f1c775d205d,3764237,FA Women's Super League,2020/2021,0
60569976-c069-4922-ae17-a662c6922974,3764237,FA Women's Super League,2020/2021,0
d7020b8d-69e4-4aca-a4c6-8c6099654edc,3764237,FA Women's Super League,2020/2021,1
29ef9abe-19f1-4faf-b18c-e3559a8600f3,3764237,FA Women's Super League,2020/2021,0
0b3a1d4a-a34d-4ac5-93b2-b6398a3ad3d1,3764237,FA Women's Super League,2020/2021,0
b13e5ebd-d584-4be3-9102-2b04a3746054,3764237,FA Women's Super League,2020/2021,0
ce5ac878-600a-4a86-8f23-1378bde2e297,3764237,FA Women's Super League,2020/2021,0
393ae724-7145-4619-b461-d894bb854b7c,3764237,FA Women's Super League,2020/2021,1
2a6e6311-68e7-4f6d-9e7d-91f64dcf6a95,3764237,FA Women's Super League,2020/2021,0
79ecadbf-e562-4389-bb06-9d35229292c3,3764237,FA Women's Super League,2020/2021,0
6e7a4172-ef55-4430-bdcf-6a4ea9373bb7,3764237,FA Women's Super League,2020/2021,0
b15ea6e7-bdcb-4d19-b34b-5e76bd9a0732,3764237,FA Women's Super League,2020/2021,0
1d3d8110-5340-4fd7-a9b5-39b984fc1dad,3764237,FA Women's Super League,2020/2021,0
280ed487-667b-4246-b589-4cd34523d999,3764237,FA Women's Super League,2020/2021,0
3d46e400-12cb-4292-ac1e-e5e2214f5273,3764237,FA Women's Super League,2020/2021,0
f1f27691-fcc6-4335-bdb8-ca56dfc304f2,3764237,FA Women's Super League,2020/2021,1
f76eb2b2-ad40-435e-8145-bcdb4d816a93,3764237,FA Women's Super League,2020/2021,0
54ca8c3d-afd6-4368-9cca-e323790735a2,3764237,FA Women's Super League,2020/2021,0
a1cbc312-0975-4e18-aef6-3cc02678983d,3775594,FA Women's Super League,2020/2021,0
e7bfa082-8b28-4f7f-8ac3-c6a52d525dd1,3775594,FA Women's Super League,2020/2021,0
e56b8a56-7b4b-4012-8976-8ecedfe80c48,3775594,FA Women's Super League,2020/2021,0
eebcd29f-1f13-4660-a32e-ce31d5de1e8e,3775594,FA Women's Super League,2020/2021,0
e7b4e0ad-c681-487b-8a58-eea6e840f4af,3775594,FA Women's Super League,2020/2021,0
e1def8d4-5da9-40d9-8b76-2744525ee704,3775594,FA Women's Super League,2020/2021,0
9fb2b85e-45c0-454d-8eeb-96a7a8324e83,3775594,FA Women's Super League,2020/2021,0
71a4ef97-d29a-43c2-8bc0-8670573b5dd2,3775594,FA Women's Super League,2020/2021,0
6c141c4a-ba02-41e8-8a37-f8d4e82ab710,3775594,FA Women's Super League,2020/2021,0
c8cafa5f-4219-468e-8496-bbd3ca0e785a,3775594,FA Women's Super League,2020/2021,0
6917984f-473c-4527-a230-a0f7153eac12,3775594,FA Women's Super League,2020/2021,0
ed39415a-014f-4af7-b87f-46a7fbb8ae99,3775594,FA Women's Super League,2020/2021,0
e2ded593-df4f-47f4-bf89-cff53af445d3,3775594,FA Women's Super League,2020/2021,1
1e9af323-eaa0-4748-a7c8-34612a6d1e2e,3775594,FA Women's Super League,2020/2021,0
479fb400-6dcd-47bd-b273-b86e6ac153f5,3775594,FA Women's Super League,2020/2021,0
d2d465de-2132-46a4-a55c-6118b3d9718a,3775594,FA Women's Super League,2020/2021,0
714725d8-68df-4c68-b937-28411a9e07d5,3775594,FA Women's Super League,2020/2021,0
68d0cb50-ec4c-479a-b278-fcd7309d3715,3775594,FA Women's Super League,2020/2021,0
56cc9ae5-a180-4166-b684-0b135e2785f0,3775594,FA Women's Super League,2020/2021,0
a36aa333-9647-4344-abb0-95fb4ed7d41b,3775594,FA Women's Super League,2020/2021,0
248bced8-17d4-4b71-8408-bcd6c1d95f88,3775594,FA Women's Super League,2020/2021,0
9d6db99d-873b-47c5-9d82-ff36312ef811,3775594,FA Women's Super League,2020/2021,1
4928ba4a-9013-4923-8ac8-05d7249058ac,3775594,FA Women's Super League,2020/2021,0
415c626f-d221-44ec-a47c-88288b54f5fb,3775594,FA Women's Super League,2020/2021,0
b4a17584-03c1-45b3-af54-12bc2ca92d29,3775560,FA Women's Super League,2020/2021,0
ca4d49db-a7f5-42c9-bf60-77ce63805451,3775560,FA Women's Super League,2020/2021,0
a85732b6-2280-45e0-ba58-f7c2308b092d,3775560,FA Women's Super League,2020/2021,0
41ca14d0-aa9a-4278-92fd-93d1a8be564e,3775560,FA Women's Super League,2020/2021,0
c40bb969-4507-463f-a8a0-5ecf467a98fb,3775560,FA Women's Super League,2020/2021,0
66581dff-8f54-4548-9a22-60e182b1e377,3775560,FA Women's Super League,2020/2021,0
5877f162-b328-4df9-b9fb-e1cfc1b54f17,3775560,FA Women's Super League,2020/2021,0
0090234f-da00-487a-a2e8-5dc687550791,3775560,FA Women's Super League,2020/2021,0
51df1be0-caad-40a9-ae3e-df5dad4807a8,3775560,FA Women's Super League,2020/2021,0
6512eb0f-3c0b-4713-9d85-5e9aaa917899,3775560,FA Women's Super League,2020/2021,0
7638920b-9d5c-4698-a6b9-27487a0dd992,3775560,FA Women's Super League,2020/2021,0
d34a958e-4c15-409c-991c-24213c0c63f4,3775560,FA Women's Super League,2020/2021,0
93c3cb60-0ed7-4d35-b1ae-1211cb3bd89e,3775560,FA Women's Super League,2020/2021,0
e1dd69d6-8e70-4f34-aa02-abc37b2cf18a,3775560,FA Women's Super League,2020/2021,0
449e8581-97cc-4ab3-948a-29e68c129778,3775560,FA Women's Super League,2020/2021,0
321c65b3-6f00-4133-918e-35783666e7f0,3775560,FA Women's Super League,2020/2021,0
c0346524-8f54-415c-a5bf-d2a76dc05239,3775560,FA Women's Super League,2020/2021,0
5f3372e6-79fb-42d6-b52c-bd5ebd49e269,3775560,FA Women's Super League,2020/2021,0
20627092-b310-4a8a-9772-8cb69bfefa8a,3775560,FA Women's Super League,2020/2021,0
b50c2beb-23e7-453c-9d2e-517bfabf60ec,3775560,FA Women's Super League,2020/2021,0
afe2f3f0-1cf7-4e13-ad72-43da927c9ef0,3775560,FA Women's Super League,2020/2021,0
7f0d0b90-2d9c-49f1-8b21-8ad815aa0443,3775624,FA Women's Super League,2020/2021,0
d2718eb2-e1f7-4fd3-8ff2-d219c6f4a5b1,3775624,FA Women's Super League,2020/2021,0
53f3037f-7d4e-4cc2-8c10-5251fc734265,3775624,FA Women's Super League,2020/2021,0
37db8546-a582-43dd-8c3a-c14a3ed27098,3775624,FA Women's Super League,2020/2021,1
8b844f37-c5f7-46d1-92ff-bf7fade43929,3775624,FA Women's Super League,2020/2021,0
7bee50ac-8f4f-4bf5-87a4-cf7a27007a6f,3775624,FA Women's Super League,2020/2021,0
5b6a4c5d-0952-47d0-84ba-e93ed4f7295c,3775624,FA Women's Super League,2020/2021,0
041882ce-0f07-4146-ad64-affd11dbf99c,3775624,FA Women's Super League,2020/2021,0
43fc3329-220a-4141-a948-e79082759be7,3775624,FA Women's Super League,2020/2021,0
620d2e56-8335-4b48-b663-af65fc235f1c,3775624,FA Women's Super League,2020/2021,0
b90dbaca-8049-492a-a5cd-411fbd6e1df2,3775624,FA Women's Super League,2020/2021,0
51e651cb-cb97-4d41-a8ca-c2a71c306059,3775624,FA Women's Super League,2020/2021,0
c62a4f9b-f4a1-469e-a207-ecdcb7da5748,3775624,FA Women's Super League,2020/2021,0
dbc8a9e9-c981-4cd9-8996-4eada6fbacdc,3775624,FA Women's Super League,2020/2021,0
7ce896a0-aecf-4d7f-9f66-2fb4448d431d,3775624,FA Women's Super League,2020/2021,0
6b18868c-c1c5-46da-95b9-168022969782,3775624,FA Women's Super League,2020/2021,1
628dc650-e5bf-4381-b2e4-0bcb40ba7d7f,3775624,FA Women's Super League,2020/2021,0
2fc6ed7c-2f41-40ac-a4a2-f89120d680e5,3775624,FA Women's Super League,2020/2021,0
72f310c5-741b-40e4-b6fc-d7c40af67a9c,3775624,FA Women's Super League,2020/2021,1
359cfc16-f79c-4531-a8db-849cf15bac91,3775624,FA Women's Super League,2020/2021,0
2de76757-c857-405f-8467-d241e3d5338d,3775624,FA Women's Super League,2020/2021,0
c9ef4f7d-1f2d-4419-bd61-a158114a5153,3775624,FA Women's Super League,2020/2021,0
00647157-f60a-45ad-af84-91bfbe973a43,3775624,FA Women's Super League,2020/2021,0
c480a1aa-fa3c-4e4e-b21d-85acefb76170,3775624,FA Women's Super League,2020/2021,0
871e2a38-4327-4ff9-adb2-b89364d3ef71,3775624,FA Women's Super League,2020/2021,0
b42a4a07-c5bd-4ece-a042-0bad4e78566f,3775624,FA Women's Super League,2020/2021,0
9328a05d-ccb4-45b5-9ad6-f13b473a012e,3775624,FA Women's Super League,2020/2021,0
35745158-312c-43eb-96d7-cc33b3e4ec2b,3775624,FA Women's Super League,2020/2021,1
75a77025-b388-44e9-ad9c-043fa8940f0b,3775624,FA Women's Super League,2020/2021,0
b97f28c8-866a-4632-a303-77762e1599ee,3775624,FA Women's Super League,2020/2021,0
ae107362-102f-4129-8fca-f83ae6bcca96,3775624,FA Women's Super League,2020/2021,0
dffc3680-2a87-4e5f-b82b-337c2b9241ca,3775624,FA Women's Super League,2020/2021,0
2340742c-85c0-48de-9e4d-2ccaa8d153ac,3775624,FA Women's Super League,2020/2021,0
5e755647-1085-46a8-a820-f89f891ca40c,3775624,FA Women's Super League,2020/2021,0
80a075cb-e3df-4c30-b9b7-d68d7ba6d093,3764240,FA Women's Super League,2020/2021,0
1decfec0-2bd5-4009-a429-09a7f82c30df,3764240,FA Women's Super League,2020/2021,0
8f378942-e9fb-43a3-8ff9-6a696f5aff7c,3764240,FA Women's Super League,2020/2021,0
6d566cc4-1250-41d3-9ad7-f650c45a28ba,3764240,FA Women's Super League,2020/2021,1
8b8644d8-45d4-45c4-8d65-9f235b0dd82d,3764240,FA Women's Super League,2020/2021,0
36076742-046b-463a-ab7c-fc6bb0601f3b,3764240,FA Women's Super League,2020/2021,0
5dc1975f-e646-40ec-bcd5-30cd90c0e61e,3764240,FA Women's Super League,2020/2021,0
70bda7cf-4b19-4065-a84e-4a55a2e1d975,3764240,FA Women's Super League,2020/2021,1
51b9255b-3475-4420-8fbc-43a80f453fe0,3764240,FA Women's Super League,2020/2021,0
b9783a69-16f1-4362-8038-6056e8f410ec,3764240,FA Women's Super League,2020/2021,0
bddd3603-583e-4d09-b2fe-0f57ed5eb9cc,3764240,FA Women's Super League,2020/2021,0
0745019c-bbbd-49d3-b6cb-7fb388ffebe6,3764240,FA Women's Super League,2020/2021,0
4e25fdff-31a0-474a-8053-a690272db31d,3764240,FA Women's Super League,2020/2021,0
c73242c1-b952-419a-a3a2-0c977172c03b,3764240,FA Women's Super League,2020/2021,0
b0d00e97-ec62-48ab-8058-536cea346470,3764240,FA Women's Super League,2020/2021,0
342cfd38-3440-4403-b600-7679b3b06c22,3764240,FA Women's Super League,2020/2021,0
522ae9e4-57aa-4868-bb64-3ee8e262da5f,3764240,FA Women's Super League,2020/2021,0
b6f95718-b90d-4ebe-9895-334efea5d820,3764240,FA Women's Super League,2020/2021,0
72fd7dcb-6bc3-43bf-9978-ea4f226b4336,3764240,FA Women's Super League,2020/2021,1
f5e886af-9e96-40a3-be77-4e4ada242261,3764240,FA Women's Super League,2020/2021,0
4fd68159-59a8-47fc-bc41-2bbc215f34f5,3764233,FA Women's Super League,2020/2021,0
afa45a94-f8f5-425b-916b-37d7ca4fcf15,3764233,FA Women's Super League,2020/2021,0
7f5074eb-3a5c-4758-b0b1-144212cf23e7,3764233,FA Women's Super League,2020/2021,0
c92595ef-0231-44ac-a80a-3301303d9e8b,3764233,FA Women's Super League,2020/2021,1
c65bf39e-d430-4f0b-9b56-aef262362a34,3764233,FA Women's Super League,2020/2021,1
8596f732-2445-44cd-a909-3ffce639e2e4,3764233,FA Women's Super League,2020/2021,0
40d20aa3-7e25-4f37-ba74-8847b41dc68d,3764233,FA Women's Super League,2020/2021,1
6d8ae2ae-6942-4b3e-832b-6347d4ea2baf,3764233,FA Women's Super League,2020/2021,0
3f2797e0-4349-4ea6-9929-74cda086cc6a,3764233,FA Women's Super League,2020/2021,0
52725be4-8cb1-43fc-979a-ad7c14ec6a2b,3764233,FA Women's Super League,2020/2021,0
49397541-d231-419d-980d-342d71824d28,3764233,FA Women's Super League,2020/2021,0
68ac4779-ffd7-4263-9d92-d24b3ba97f17,3764233,FA Women's Super League,2020/2021,0
5f94de45-20ac-42cb-9b7e-1194d859cc4f,3764233,FA Women's Super League,2020/2021,0
53439839-a734-457d-b0d4-bb48bd7f4b82,3764233,FA Women's Super League,2020/2021,1
1853c721-4df6-4218-be12-5fa6927e7347,3764233,FA Women's Super League,2020/2021,0
335cd773-fa73-4217-a7c8-f205600da4c2,3764233,FA Women's Super League,2020/2021,0
cee6b178-c2ab-4fc5-9b3e-24605b2590ab,3764233,FA Women's Super League,2020/2021,0
85b920b4-f82b-4ae8-aa2f-08e03365fe64,3764233,FA Women's Super League,2020/2021,0
cb9974b4-b95c-47cb-8645-4731fb5bfcbc,3764233,FA Women's Super League,2020/2021,0
90c42897-b7ff-4c76-966d-2540b64590b1,3764233,FA Women's Super League,2020/2021,0
1f42b3b9-83b6-4c2f-b379-a3c1f7591b46,3764233,FA Women's Super League,2020/2021,0
5e0b548f-9f20-4478-8fd0-bf24dcbde4ca,3764233,FA Women's Super League,2020/2021,1
309dd25d-d6a4-4142-bfc3-7135d0b5a3fd,3764233,FA Women's Super League,2020/2021,0
80befb66-2fd5-4e94-8e31-ae86861cf7a4,3764233,FA Women's Super League,2020/2021,1
4be768db-819b-4c42-a77d-95e4ae0af988,3764233,FA Women's Super League,2020/2021,0
3b8f4ac3-0db5-4dd8-976b-c33dc116446d,3764233,FA Women's Super League,2020/2021,0
02ea4851-1f0e-4bd5-8bd6-e05dad391d9a,3764233,FA Women's Super League,2020/2021,0
93d8f73b-20af-46e8-9f70-af61b353ae54,3764233,FA Women's Super League,2020/2021,0
0499a31e-3d3f-4ac2-bd3f-e85747e1a453,3764233,FA Women's Super League,2020/2021,0
3bc44237-d565-4fd1-bbb6-6cde5d0c18e7,3764233,FA Women's Super League,2020/2021,1
1d185b65-176a-4d6b-b3ce-31f1801545e2,3775585,FA Women's Super League,2020/2021,0
742285b7-44e6-4178-8a6f-149494023b2e,3775585,FA Women's Super League,2020/2021,0
65b7708f-5d4b-4f9e-80ab-baac1ac86c44,3775585,FA Women's Super League,2020/2021,1
053ddb48-a4c2-4045-ba7f-d932be14c618,3775585,FA Women's Super League,2020/2021,0
0e21cb8a-0a5d-4383-9e97-388c6f366558,3775585,FA Women's Super League,2020/2021,0
6da91af9-11eb-46a1-bff8-2e6f521fb804,3775585,FA Women's Super League,2020/2021,0
5ad5e2c8-c84b-47dc-964f-a610fd3ae4e6,3775585,FA Women's Super League,2020/2021,0
51f97198-7176-4ef6-b5a0-cbf5761513e7,3775585,FA Women's Super League,2020/2021,0
19f628a7-e4b0-4fa2-bb07-fa280d18e9f2,3775585,FA Women's Super League,2020/2021,0
337ee067-cabe-4850-acc2-538b845ae66a,3775585,FA Women's Super League,2020/2021,0
f2bc57ab-1a6d-457a-b67a-42565ff65f3d,3775585,FA Women's Super League,2020/2021,0
6ef76077-4d30-44ff-bbae-57ff8c5a4ba8,3775585,FA Women's Super League,2020/2021,0
ee9aa90b-969e-48ec-a963-602ebd87ca22,3775585,FA Women's Super League,2020/2021,0
b18df4cb-a3ba-45bf-8936-f7b74fc198c6,3775585,FA Women's Super League,2020/2021,0
2cf6e565-34db-4d7e-b3b8-3529ef5ec3e8,3775585,FA Women's Super League,2020/2021,0
46b5e8da-fa7c-480b-b4ae-67daa7271aed,3775585,FA Women's Super League,2020/2021,1
e9ee5b81-481a-4522-98bf-f8ff55756f42,3775585,FA Women's Super League,2020/2021,0
daa9e061-7a1f-4cf1-a0f0-ebc696c667ca,3775585,FA Women's Super League,2020/2021,0
4644f8ad-0392-4148-8e60-7cd40575150b,3775585,FA Women's Super League,2020/2021,1
7f219de3-c502-4909-8e55-e4b135847993,3775585,FA Women's Super League,2020/2021,0
f09f16ea-75d3-4eba-9c06-0b5e7feb6699,3775585,FA Women's Super League,2020/2021,0
9d4747bf-5c19-4feb-b6e6-013f59cd85b3,3775585,FA Women's Super League,2020/2021,0
27efd4cc-4aee-421b-a09b-f74950383714,3775585,FA Women's Super League,2020/2021,0
f3e96354-0990-4da0-995f-57128c5c297f,3775593,FA Women's Super League,2020/2021,1
93abce73-b8fa-40c4-b48f-200d67ddb20e,3775593,FA Women's Super League,2020/2021,0
5ceeb090-5fc6-41dd-bfcf-89d462367a70,3775593,FA Women's Super League,2020/2021,0
9682e996-bcb0-4bce-b5b6-5f7fd3fb0ca1,3775593,FA Women's Super League,2020/2021,0
022da0cd-958f-4477-92c8-4567c00be5a5,3775593,FA Women's Super League,2020/2021,0
f9a06afd-c8aa-4b1e-ac91-2055661cf6d5,3775593,FA Women's Super League,2020/2021,0
f38fb7dc-23ad-4dea-bdf7-6822b02759df,3775593,FA Women's Super League,2020/2021,1
23ee8a8a-c04f-428c-a86a-68ba1cdb64d7,3775593,FA Women's Super League,2020/2021,0
d9379031-8ee3-4052-81c6-0fde1569b97c,3775593,FA Women's Super League,2020/2021,0
c32b348e-162d-4f0f-b6cd-10ff14904078,3775593,FA Women's Super League,2020/2021,0
0b5ecc2b-d306-4f35-9c7c-afa2a4d016f3,3775593,FA Women's Super League,2020/2021,0
5bbbd869-2623-4d19-abfe-3561ac4182b3,3775593,FA Women's Super League,2020/2021,1
f6d68e11-e823-4cdc-b64c-9916b0db9a53,3775593,FA Women's Super League,2020/2021,0
1775c06a-8b7a-406a-bbe5-c33a86d38b92,3775593,FA Women's Super League,2020/2021,0
65108c56-8d7d-4cf3-8bc2-327c48549e93,3775593,FA Women's Super League,2020/2021,0
06336b69-4af7-4e55-b859-89fcc7aa50b5,3775593,FA Women's Super League,2020/2021,1
f08dadc9-e517-410a-8a72-64836918dde7,3775593,FA Women's Super League,2020/2021,0
938dd2da-961a-4b21-8ed9-7df3c45c01f4,3775593,FA Women's Super League,2020/2021,0
62f86358-71c9-4953-ba2d-276f1046484b,3775593,FA Women's Super League,2020/2021,1
66272e63-ee40-421c-8b3a-5e4ea8d24ee2,3775593,FA Women's Super League,2020/2021,0
c6df5a26-2371-45ad-be32-c968b211ec53,3775593,FA Women's Super League,2020/2021,0
0ddd7cae-6168-48e8-9f4e-e4633e356f07,3775593,FA Women's Super League,2020/2021,0
c6c117d1-656e-4844-8368-e17a6f8de4a7,3775593,FA Women's Super League,2020/2021,0
90961979-8f4d-42b2-877e-7495a6cc089a,3775602,FA Women's Super League,2020/2021,0
b62882ea-be1f-4b53-bfb8-a3cbc014e118,3775602,FA Women's Super League,2020/2021,0
59653154-2da1-42d1-b783-02545aaa0b93,3775602,FA Women's Super League,2020/2021,0
b2b51015-5bce-4303-9256-eeef8d4f4778,3775602,FA Women's Super League,2020/2021,0
39885924-bebf-42d5-b940-e28202f730ea,3775602,FA Women's Super League,2020/2021,0
abf30e06-5e2d-440e-be09-248be64847b4,3775602,FA Women's Super League,2020/2021,0
d137e041-0ef7-46ed-afc0-bdc357229a78,3775602,FA Women's Super League,2020/2021,0
6446ac17-e328-4cbd-bf70-26d95377041a,3775602,FA Women's Super League,2020/2021,0
a7f91066-14cf-48d4-9f4c-00c6424e7570,3775602,FA Women's Super League,2020/2021,1
5a1d6bd5-f94b-48dc-9f27-067b4f838a34,3775602,FA Women's Super League,2020/2021,0
8f80883e-12ce-419a-a721-888ab4939b03,3775602,FA Women's Super League,2020/2021,0
2c66096c-d8e9-41bc-a56d-5b9a21d85c66,3775602,FA Women's Super League,2020/2021,0
e035f46d-1ff9-43f9-8058-90bdedbfb376,3775602,FA Women's Super League,2020/2021,0
032138ce-3891-408e-a4c1-f38ccdb50c02,3775602,FA Women's Super League,2020/2021,0
3ae026b9-519a-4888-bfa3-45471220bf81,3775602,FA Women's Super League,2020/2021,0
18ce3dca-1f2b-4d6a-a519-469b63fce7f6,3775602,FA Women's Super League,2020/2021,0
9fa6be81-5a17-40b3-9e5d-b51b49ac2110,3775602,FA Women's Super League,2020/2021,0
388c0da1-b80c-477c-bb4c-65f928de00a6,3775602,FA Women's Super League,2020/2021,0
af868e36-ca46-464e-9ff8-dca5197303d9,3775602,FA Women's Super League,2020/2021,0
b3544369-ecc4-4f74-9c6c-966e7e33bdc8,3775602,FA Women's Super League,2020/2021,0
daadbf5b-afa6-414c-8261-dcb716cd349f,3775620,FA Women's Super League,2020/2021,0
19e87c6d-ab5f-44b6-9638-4ed3a0dcfb89,3775620,FA Women's Super League,2020/2021,0
6665e719-7e18-4d7d-a19e-94b152d00c1a,3775620,FA Women's Super League,2020/2021,1
85bb9937-b845-4a2e-8f16-1587131a4bd0,3775620,FA Women's Super League,2020/2021,0
f637e4a3-33cc-4098-97ea-383ee65d0aaa,3775620,FA Women's Super League,2020/2021,0
7f4d0838-76c9-478e-844c-c12569f3f2eb,3775620,FA Women's Super League,2020/2021,0
2a308ea6-1624-478e-b26d-e490ba465541,3775620,FA Women's Super League,2020/2021,0
0e5d780b-ca6d-4e3d-8500-50563db85f44,3775620,FA Women's Super League,2020/2021,1
dc757b37-5218-495f-9d36-5389b1e62d0e,3775620,FA Women's Super League,2020/2021,0
23c44ce3-97eb-4305-82b1-e4a3b2054190,3775620,FA Women's Super League,2020/2021,0
1bc3af20-3075-4a25-9bfb-72934c333c52,3775620,FA Women's Super League,2020/2021,0
5613b37a-9038-48a9-b5fc-b4b9efbd3579,3775620,FA Women's Super League,2020/2021,0
0de37453-446a-49b5-a67b-2c22b13c2a78,3775620,FA Women's Super League,2020/2021,0
5527ba11-e668-4760-8cb9-cc31353572a7,3775620,FA Women's Super League,2020/2021,0
e62d22df-6a7f-460a-95e3-556b9ca36e37,3775620,FA Women's Super League,2020/2021,0
afa7fa1b-a60f-4d8c-a8cd-9830739a05e8,3775620,FA Women's Super League,2020/2021,0
6540faeb-2b4e-4778-a77a-1ab9ad865685,3775620,FA Women's Super League,2020/2021,0
4f111099-bae0-470d-811b-60758a3a1ec7,3775620,FA Women's Super League,2020/2021,0
54fd38a3-9494-42f8-933b-8146d0a908a2,3775620,FA Women's Super League,2020/2021,0
9e0a2576-bbf3-45ab-98b5-cf8f958685c9,3775620,FA Women's Super League,2020/2021,1
dc8e8bd8-c20e-4d8f-b597-da764e6fa4fd,3775620,FA Women's Super League,2020/2021,0
3ec2954e-87c1-407a-ad20-b24471c73d9f,3775620,FA Women's Super League,2020/2021,0
a5fa83f1-6bd2-471b-939e-27694b7a7240,3775620,FA Women's Super League,2020/2021,0
fae41f9e-4f4f-4ce6-bf4b-f87ec4df2b9d,3775620,FA Women's Super League,2020/2021,0
5bb4dccd-4d32-4fea-9d61-323c0f854d27,3764232,FA Women's Super League,2020/2021,0
1545e441-7e3a-4931-84a2-3ffc53c3bfd5,3764232,FA Women's Super League,2020/2021,0
9bfa08af-398f-45da-a2b5-2e8c0cb557c8,3764232,FA Women's Super League,2020/2021,0
bbb02bd7-6f19-4370-b262-ec2975aa78ee,3764232,FA Women's Super League,2020/2021,0
2da75e5f-8680-432d-be27-90d60d789e07,3764232,FA Women's Super League,2020/2021,1
6bbcb5e3-0a51-438d-b894-1537985b5052,3764232,FA Women's Super League,2020/2021,0
81fec94a-4f29-4a4b-b5b6-0df06705668d,3764232,FA Women's Super League,2020/2021,0
9dfbcb6b-2e7f-4e15-a7b5-b14b0ef19777,3764232,FA Women's Super League,2020/2021,0
3530f3ce-f001-4d12-9717-68b8ab8b4c0b,3764232,FA Women's Super League,2020/2021,0
6fc51a30-c3dc-40b2-b6a3-6ed9a22c5c89,3764232,FA Women's Super League,2020/2021,0
a93dcad8-af0c-4497-a8fb-e5b55c485c5b,3764232,FA Women's Super League,2020/2021,0
e1102e21-2689-4be1-b110-6f73dc3482a8,3764232,FA Women's Super League,2020/2021,0
dc2a0ea1-3b34-4187-9d8e-5df991347119,3764232,FA Women's Super League,2020/2021,0
7eb085ee-75e8-460d-97d2-faac8c5f34e7,3764232,FA Women's Super League,2020/2021,0
f95b75ad-e4a4-47eb-9046-4161ed57638d,3764232,FA Women's Super League,2020/2021,0
d054f65e-010c-44ef-b03d-5ec73a27dfb8,3764232,FA Women's Super League,2020/2021,0
1810781f-06b2-4f8e-9c83-04da03629993,3764232,FA Women's Super League,2020/2021,0
e1bd87e7-fd97-4256-84dd-4a5b2bf80d0c,3764232,FA Women's Super League,2020/2021,0
9395f5f6-b0f0-426f-a2ff-70740805c2aa,3764232,FA Women's Super League,2020/2021,0
31920ba6-a4e1-434e-a791-eb9fc4988794,3764232,FA Women's Super League,2020/2021,0
559dbd26-d6b9-4e65-87d9-dfa845fb0b45,3764232,FA Women's Super League,2020/2021,0
bba64364-c5af-45a3-a13d-676a831214ec,3764232,FA Women's Super League,2020/2021,1
c3dd300e-4552-47ae-a848-4c1cfdd633d9,3764232,FA Women's Super League,2020/2021,0
1105afe6-a902-4c3e-81eb-aebc27ea609f,3764232,FA Women's Super League,2020/2021,0
b4ccb3df-c442-4b58-8444-d8e0d06457af,3764232,FA Women's Super League,2020/2021,0
32505a68-afd7-4478-ac8c-ae8c77e009ef,3764232,FA Women's Super League,2020/2021,0
e4a01b25-adb3-4562-8797-89acec33396d,3764232,FA Women's Super League,2020/2021,0
7767e725-90c5-4138-9315-5583c654646f,3764232,FA Women's Super League,2020/2021,0
53db1cfb-e728-4045-ab47-9176162a56ab,3775559,FA Women's Super League,2020/2021,0
fd5a7f3a-2428-425b-bfd1-b35ab0c5c41e,3775559,FA Women's Super League,2020/2021,0
1e6df864-64c1-4d18-9c09-6c8289e1d437,3775559,FA Women's Super League,2020/2021,1
360e5492-d1ad-4280-bc4b-1147ef2cdb82,3775559,FA Women's Super League,2020/2021,1
2d864766-b796-4d7d-851a-21a9e0bc6ecb,3775559,FA Women's Super League,2020/2021,0
29319c77-5af8-469e-91a2-6d2a25c7f067,3775559,FA Women's Super League,2020/2021,0
5e5c10ab-0118-4021-a9de-0de936d72f0b,3775559,FA Women's Super League,2020/2021,0
34bf0a50-00d4-473d-9ccc-46126632bbe8,3775559,FA Women's Super League,2020/2021,0
5c8470ad-4a79-4c75-8773-58a8adb574c2,3775559,FA Women's Super League,2020/2021,0
60611868-6310-4ff7-a3fb-fc82df2e5175,3775559,FA Women's Super League,2020/2021,0
a4c5d452-cdbc-4d04-9bde-bf4b313cd121,3775559,FA Women's Super League,2020/2021,0
b91a5044-5d04-4767-9a0c-5896610411b9,3775559,FA Women's Super League,2020/2021,0
123c02ec-f334-4033-a4f5-8791c070822f,3775559,FA Women's Super League,2020/2021,0
07436ca1-48c3-4719-b11d-86b8184b6531,3775559,FA Women's Super League,2020/2021,0
a7a8b656-7449-4882-8cbf-2693d1d6242e,3775559,FA Women's Super League,2020/2021,0
c1b79e5e-5faf-4a8b-8746-4d0e6df92d0f,3775559,FA Women's Super League,2020/2021,1
8ccd76dc-086c-476f-92f5-e5554932b16f,3775559,FA Women's Super League,2020/2021,1
478a8114-e71e-473d-b85b-4bea512d01e6,3775559,FA Women's Super League,2020/2021,0
ae887e0f-b387-4bcd-94f6-090240b21c5b,3775559,FA Women's Super League,2020/2021,0
05003bdf-aa66-402b-9862-a5fba54a4075,3775559,FA Women's Super League,2020/2021,0
fcaf9132-1564-48a7-bc3c-4f8d7b4b4b4a,3775559,FA Women's Super League,2020/2021,0
183f6e5c-7afb-47a8-ab07-88dae2e3d7ac,3775606,FA Women's Super League,2020/2021,1
33d27f8c-3c68-4e51-8aeb-98709c7bac57,3775606,FA Women's Super League,2020/2021,0
1717c8c0-e591-409f-922f-0e44710420fc,3775606,FA Women's Super League,2020/2021,0
30cdd4ea-ba72-4cdc-9db0-d63155daf504,3775606,FA Women's Super League,2020/2021,1
90c576e8-1362-4ff5-9dda-7aefb227efb0,3775606,FA Women's Super League,2020/2021,0
abf2c574-7ad2-48bc-8a61-5176cd061bb1,3775606,FA Women's Super League,2020/2021,0
2bf365bc-b877-4f74-abd3-9de9c6090862,3775606,FA Women's Super League,2020/2021,0
1e5910db-7137-4a17-8ff6-ae60f678f6e8,3775606,FA Women's Super League,2020/2021,0
e354f2ff-6e7a-43d0-a5fc-04660d80ac46,3775606,FA Women's Super League,2020/2021,1
ce9cbc4b-bac0-4461-89af-08b0794e058f,3775606,FA Women's Super League,2020/2021,0
c6216b91-f5aa-4fd9-bc13-158923f32045,3775606,FA Women's Super League,2020/2021,1
670be399-3498-4395-a6b1-5b7f0ef87afa,3775606,FA Women's Super League,2020/2021,0
bf7e8c7c-8f4c-462a-9099-e09d7a1c248b,3775606,FA Women's Super League,2020/2021,0
8ce268c0-d30a-412f-b99a-9c8b9ad508d2,3775606,FA Women's Super League,2020/2021,0
f013728e-5ed9-4bb3-8032-5fe78072a4e2,3775606,FA Women's Super League,2020/2021,0
9c5f8d64-7920-4f4d-8390-7e883e9c5dcd,3775606,FA Women's Super League,2020/2021,0
05535095-bc09-43c7-9f3c-b100e9ba9a10,3775606,FA Women's Super League,2020/2021,1
2a429f5f-a3ce-4daa-92a9-b71168afaabd,3775606,FA Women's Super League,2020/2021,0
c997cf7b-fba3-48e5-9405-fb61448e7ee6,3775606,FA Women's Super League,2020/2021,0
21b3fdf1-0d88-44ba-8134-a1b87d790020,3775606,FA Women's Super League,2020/2021,0
89f5d183-a421-421d-8b9f-c2865366b260,3775606,FA Women's Super League,2020/2021,0
03b9631c-89a9-46b7-acfd-bd7ca7c4c2a6,3775567,FA Women's Super League,2020/2021,0
d68aaa2d-5528-4ee9-95dc-1401a2327bc3,3775567,FA Women's Super League,2020/2021,0
a70cf05e-b138-473d-8830-237b621ba748,3775567,FA Women's Super League,2020/2021,0
372dc575-1288-4d30-af8b-60fe05f28ecc,3775567,FA Women's Super League,2020/2021,0
c35359cc-8631-452b-9a5d-1c0af246f470,3775567,FA Women's Super League,2020/2021,0
3313635a-fdb2-404f-9009-18c030ae3c1a,3775567,FA Women's Super League,2020/2021,0
d641b071-e77a-4407-bfac-4c48faed2a90,3775567,FA Women's Super League,2020/2021,0
01e82682-25c9-4c02-ba8d-e2dcb393676f,3775567,FA Women's Super League,2020/2021,0
5bdd474a-0d2c-4a95-b129-928a463e52b8,3775567,FA Women's Super League,2020/2021,0
e754f519-9003-4ba9-a36b-196abc3f00ff,3775567,FA Women's Super League,2020/2021,0
9dd76134-a557-4f91-b6ac-e494d869b0ae,3775567,FA Women's Super League,2020/2021,0
0c3643b7-1c1d-431f-9bcd-bb39b6af4fcd,3775567,FA Women's Super League,2020/2021,0
23773aef-e258-4abe-89ee-d68a94bd8a29,3775567,FA Women's Super League,2020/2021,1
a18029d3-8a02-4271-99ee-eba0f8fa060d,3775567,FA Women's Super League,2020/2021,0
e8d5bdb2-3749-4f36-a124-378e2c1f0f26,3775567,FA Women's Super League,2020/2021,0
d569c2af-b636-4590-bb30-ae44a0f80fc1,3775567,FA Women's Super League,2020/2021,0
c3261679-3a3d-4459-82e3-b6f662d056b1,3775567,FA Women's Super League,2020/2021,1
51830245-c3b6-4e1b-8cf2-1e91f36ba77e,3775567,FA Women's Super League,2020/2021,0
8a4ffb20-8838-4a9b-a30b-9a85ca652716,3775567,FA Women's Super League,2020/2021,0
baffac3f-2829-49d9-9ffb-7a1227146b6e,3775567,FA Women's Super League,2020/2021,1
fe8264e1-3169-42ad-9669-66477623460e,3775567,FA Women's Super League,2020/2021,0
70cc6c2b-20b5-4cba-bc6b-505dcd42fd99,3775567,FA Women's Super League,2020/2021,0
bfe246a5-85c3-4264-84ab-65f11af404e1,3775567,FA Women's Super League,2020/2021,0
0bbde3dd-b2e9-4086-97c5-6bbcc67fe10d,3775638,FA Women's Super League,2020/2021,0
d57501be-f11b-47e5-86ce-db2b5c631658,3775638,FA Women's Super League,2020/2021,0
a1db19d3-15bd-407a-8ee6-d2e85d275659,3775638,FA Women's Super League,2020/2021,0
9fee298b-8c91-4ba1-a91c-272a7181825f,3775638,FA Women's Super League,2020/2021,0
e69e458a-3aad-4aa4-8277-f896de686f45,3775638,FA Women's Super League,2020/2021,0
52e62d9c-b226-4f8c-86c1-17497f35ac2d,3775638,FA Women's Super League,2020/2021,0
fa9b1bf4-07ad-48bd-9b68-4cf0e88a98f8,3775638,FA Women's Super League,2020/2021,0
5930747a-388c-416d-bd11-6c1c8ec87ffc,3775638,FA Women's Super League,2020/2021,0
a8fa44ec-98c3-47e4-9edd-df14d636759f,3775638,FA Women's Super League,2020/2021,0
7fbb78b2-7549-4b6c-8dc7-43247b5d56b0,3775638,FA Women's Super League,2020/2021,0
26e72f9f-e65b-4be2-9686-f797f931f89d,3775638,FA Women's Super League,2020/2021,1
b44bd397-e6fd-4f94-8e2e-600458d02da4,3775638,FA Women's Super League,2020/2021,1
19d549de-acd0-4aff-8d3d-7605fa6d3a65,3775638,FA Women's Super League,2020/2021,0
3f2d83dd-6a5e-43f7-a7ca-6aecf851b728,3775638,FA Women's Super League,2020/2021,0
431f4b4d-2311-460a-8ebd-a92ae33192ce,3775638,FA Women's Super League,2020/2021,0
39faa15f-f3e0-4d05-b043-dd4962349de4,3775638,FA Women's Super League,2020/2021,0
1b753e86-6a39-45e0-80bb-bccddc66796c,3775638,FA Women's Super League,2020/2021,0
a0cfb53f-52aa-4c9c-9af3-7d6adddd2e88,3775638,FA Women's Super League,2020/2021,0
39e0452e-bef5-4a4c-a9de-9a48d6cf2452,3775638,FA Women's Super League,2020/2021,0
662d06f9-4fdc-4085-a608-64563562bad5,3775607,FA Women's Super League,2020/2021,0
2d0ab4a3-75f2-4696-80cf-418901443bc2,3775607,FA Women's Super League,2020/2021,0
dad5b98e-5252-46ef-8021-394f92dd0005,3775607,FA Women's Super League,2020/2021,0
4938edd6-f930-46f1-aa06-59ec4a928d3f,3775607,FA Women's Super League,2020/2021,0
f6408aca-a264-4a26-a619-8e18126b4cf3,3775607,FA Women's Super League,2020/2021,1
806819bf-81fa-4a10-b807-fd7e624c19df,3775607,FA Women's Super League,2020/2021,0
6874e28e-0394-431d-99dd-701680c6a792,3775607,FA Women's Super League,2020/2021,0
47412a03-d35e-4f6c-a6c7-383a3b7c2dab,3775607,FA Women's Super League,2020/2021,0
69443857-459c-43fe-8d7a-6eccbb70e088,3775607,FA Women's Super League,2020/2021,0
9e083a62-4b55-4ae3-9c91-931610daa53b,3775607,FA Women's Super League,2020/2021,1
e3518cc2-e50f-4281-878b-90a5c0b6fd11,3775607,FA Women's Super League,2020/2021,0
a44f5cce-e80f-48eb-869a-87f44f0ca558,3775607,FA Women's Super League,2020/2021,0
67cc4c58-01fd-47a6-9ca9-9575a38fe94c,3775607,FA Women's Super League,2020/2021,0
bf30a52e-9c97-451c-bc5b-c70239d04a52,3775607,FA Women's Super League,2020/2021,0
73d2bccf-b9e7-4bbb-a746-773cbf4017a4,3775607,FA Women's Super League,2020/2021,0
ad85b537-9d67-4aae-99c8-0bf2ffcd9fed,3775607,FA Women's Super League,2020/2021,0
b6253da2-8875-4d14-a00d-07ac74634954,3775607,FA Women's Super League,2020/2021,0
506aa90a-dfdc-4c69-af9a-348880b7b95d,3775607,FA Women's Super League,2020/2021,0
a147140f-8c6b-4888-b0e4-b1ed00929765,3775607,FA Women's Super League,2020/2021,1
2808a1ab-e218-443f-8725-5ed8172a118c,3775607,FA Women's Super League,2020/2021,0
241404a5-0b28-4e49-9d88-722fd95ae7e1,3775607,FA Women's Super League,2020/2021,0
65e3d23f-f657-43fe-886e-43719f9f72e3,3775607,FA Women's Super League,2020/2021,0
308f08e3-3cd4-4933-86fd-a06647825e7d,3775607,FA Women's Super League,2020/2021,1
bf450c17-fa1e-45c4-ba4b-c921e9210c76,3775607,FA Women's Super League,2020/2021,0
d064b0d6-5d0e-4569-8db8-309a505f401c,3775607,FA Women's Super League,2020/2021,0
c1b59b73-9881-4fcd-8bfb-f5069b269b88,3775607,FA Women's Super League,2020/2021,1
2d0698f5-1da9-4c1f-9baf-ab761417d8df,3775607,FA Women's Super League,2020/2021,0
853ec1a0-df7f-44b5-888c-c2173900d098,3775607,FA Women's Super League,2020/2021,0
e1266957-add9-44ff-a635-07130b71c503,3775607,FA Women's Super League,2020/2021,0
3a6a2f55-80f5-4390-9709-5ee29cd14a7c,3764230,FA Women's Super League,2020/2021,0
21d3ffe6-d1ab-4349-a31c-e4a5c3205ae6,3764230,FA Women's Super League,2020/2021,0
7f6173b6-ccf7-4c24-be81-ba0ade371763,3764230,FA Women's Super League,2020/2021,0
fd193ea8-b2a8-4f4f-8575-1fbb211fbd11,3764230,FA Women's Super League,2020/2021,0
60e5da68-b02f-4692-8a28-5a8eceda8c70,3764230,FA Women's Super League,2020/2021,0
c3476f90-23f2-4e56-a201-3ffead1c168d,3764230,FA Women's Super League,2020/2021,0
c500dcda-0e76-4b2f-9a2c-ff2c3d0e5dd1,3764230,FA Women's Super League,2020/2021,0
ab2b8c6d-2019-4c2d-99d9-7e03f17744db,3764230,FA Women's Super League,2020/2021,0
969a0e95-14cb-477c-8dba-08994c42706b,3764230,FA Women's Super League,2020/2021,0
3933a7fb-b90a-4b00-8526-eb2a8bfa108c,3764230,FA Women's Super League,2020/2021,1
104a00ff-cd3a-4985-b28e-7a65aa569926,3764230,FA Women's Super League,2020/2021,0
f6ce8748-1826-42ef-93d6-cc2108e09a95,3764230,FA Women's Super League,2020/2021,0
be790427-5b2a-4c0b-aa71-297c74f2fb50,3764230,FA Women's Super League,2020/2021,0
631182bd-3a49-4955-a5ed-b781dad6024a,3764230,FA Women's Super League,2020/2021,0
ce2720a8-262c-4381-9f88-537b21f46fc9,3764230,FA Women's Super League,2020/2021,0
410792c8-8d52-4ba2-a934-119497cfaeaa,3764230,FA Women's Super League,2020/2021,0
b3894988-7a2d-4030-b620-da2e11dd09c4,3764230,FA Women's Super League,2020/2021,0
a75e7fab-b6de-4b40-8ac8-9f6ccfc6d6bb,3764230,FA Women's Super League,2020/2021,0
c07f685c-27da-4bf0-a616-2b25ae67ea56,3764230,FA Women's Super League,2020/2021,0
37138206-a883-4568-a02a-a13b095de314,3764241,FA Women's Super League,2020/2021,0
82d13a05-fe4a-4936-8dff-feb10ab44dfd,3764241,FA Women's Super League,2020/2021,0
f736823c-a3dd-4b4b-8fb7-0bfc0289ed39,3764241,FA Women's Super League,2020/2021,0
d2300ef2-83a3-4071-a108-c158b63d3af0,3764241,FA Women's Super League,2020/2021,0
cab26e73-0581-4453-9e38-85e9547580f4,3764241,FA Women's Super League,2020/2021,0
86b4ba55-627b-40b4-996e-08b47e62b4df,3764241,FA Women's Super League,2020/2021,0
17fc1c67-402a-4631-acb1-ec0861f014ac,3764241,FA Women's Super League,2020/2021,0
b1de0d9a-da0e-4140-a8d1-2f00a43f757c,3764241,FA Women's Super League,2020/2021,0
eca5d0b8-8403-40dc-9505-25851ed89723,3764241,FA Women's Super League,2020/2021,0
b1c33034-3155-4275-a241-2418960990d9,3764241,FA Women's Super League,2020/2021,0
f746b928-8707-4e02-845f-569ac5b76209,3764241,FA Women's Super League,2020/2021,0
edf46d46-5cc6-4160-9028-2b7a9610fa4b,3764241,FA Women's Super League,2020/2021,0
6a38bb75-5741-48d6-9846-a408e5c87358,3764241,FA Women's Super League,2020/2021,0
2528e0d1-0f7d-4c51-9607-fe7787b795a6,3764241,FA Women's Super League,2020/2021,0
50421347-fff7-4bc6-b6ca-ff52b53f558f,3764241,FA Women's Super League,2020/2021,0
3a241fbb-aead-482b-b421-da1025a32819,3764241,FA Women's Super League,2020/2021,0
5955c13d-bee7-4c81-81e7-43e2730ff1fc,3764241,FA Women's Super League,2020/2021,0
0d503449-9842-4bb7-9934-7cf6c0a254ac,3764241,FA Women's Super League,2020/2021,0
e23204eb-db27-4b33-85f3-e5af95df4e62,3764241,FA Women's Super League,2020/2021,0
f7137229-4176-441e-94d2-2609d4773a12,3764241,FA Women's Super League,2020/2021,0
dfbf1f06-161d-45a3-a598-bc6141f4ec27,3764235,FA Women's Super League,2020/2021,0
a2470127-9060-4119-aea2-fa98e839a5d0,3764235,FA Women's Super League,2020/2021,0
7c968b37-16a3-46f5-95b0-91aa54031128,3764235,FA Women's Super League,2020/2021,0
4e8fbf9b-8e8d-416c-8ce6-dee2b41341c8,3764235,FA Women's Super League,2020/2021,1
eb8fa323-b274-4ab2-a407-7e2a87c47601,3764235,FA Women's Super League,2020/2021,0
b3514873-7396-426c-adc6-44d2d1b5296b,3764235,FA Women's Super League,2020/2021,0
054d2b3f-33b8-4e3a-8e79-03704b8315f0,3764235,FA Women's Super League,2020/2021,0
f637b336-a56a-4aa6-942d-ecb6d1e687ac,3764235,FA Women's Super League,2020/2021,0
da399e5a-e3dc-4e5e-9ff3-f69cd0dd5497,3764235,FA Women's Super League,2020/2021,1
6edb9d7f-a85d-4d8a-823a-59820bd34ca5,3764235,FA Women's Super League,2020/2021,1
9268b7fa-6826-4722-a64f-a6cba8fc9b29,3764235,FA Women's Super League,2020/2021,0
04f10821-cdcf-48de-9723-9124422a5c9c,3764235,FA Women's Super League,2020/2021,1
f1d5fa83-7c26-4f72-8de2-7546de14292a,3764235,FA Women's Super League,2020/2021,0
3e5c0a6c-f607-4377-b810-78e59e3565da,3764235,FA Women's Super League,2020/2021,0
8cb3a680-e685-4a48-a895-9ec3a6172dac,3764235,FA Women's Super League,2020/2021,0
1d2ee9c0-821e-4c51-89a0-317f6e9d781a,3764235,FA Women's Super League,2020/2021,0
1df89f12-e46c-45b6-bee9-2d9eb46a6b29,3764235,FA Women's Super League,2020/2021,0
8938b618-2a71-4e93-8f9d-31ea71087e1b,3764235,FA Women's Super League,2020/2021,0
08954f6e-a76b-4f5e-8d1a-c5a67d9e28a9,3764235,FA Women's Super League,2020/2021,0
06cdef5c-4c5c-4d8e-afab-2c9773b0d402,3764235,FA Women's Super League,2020/2021,0
5d73c4f1-3870-436c-9320-42e48496c9ff,3764235,FA Women's Super League,2020/2021,1
d51e2ebf-44c3-4d69-8b6c-ef0191142722,3764235,FA Women's Super League,2020/2021,0
1c23cae0-a76e-4079-a163-1e5123065542,3764235,FA Women's Super League,2020/2021,1
29af60d9-9dcf-4f02-baa2-c060e8bc2c91,3764235,FA Women's Super League,2020/2021,0
c700f7aa-cba2-4291-b4cd-309992e0a47f,3764235,FA Women's Super League,2020/2021,0
f68db7ae-f1fe-4db7-82f8-bf8ccf50d3ca,3764235,FA Women's Super League,2020/2021,1
4ccc88ff-97a6-43bd-a765-d9e1d10bdcb2,3764235,FA Women's Super League,2020/2021,0
25a4c6f7-30d3-4b46-a9e4-8556591462c6,3764235,FA Women's Super League,2020/2021,0
4d65807a-5278-4f6d-904b-5e7e2a9aaba2,3764235,FA Women's Super League,2020/2021,0
7dea0ffc-a6b4-4aaa-a570-49ba578b6c83,3764235,FA Women's Super League,2020/2021,0
22f93e3e-7370-475c-bbca-8218fcc3a0a7,3764235,FA Women's Super League,2020/2021,1
712e4e52-d9c7-46b5-b1b8-b6e78036e7ec,3764235,FA Women's Super League,2020/2021,0
e20e9618-02e8-4956-a071-00bc588b22d3,3764235,FA Women's Super League,2020/2021,0
719db4e1-ef73-44b8-b031-8d8007bb5c48,3764235,FA Women's Super League,2020/2021,0
58dabded-2c06-4a4c-b55c-be4530c11e3d,3764235,FA Women's Super League,2020/2021,0
9f360f6c-aa8e-49c6-a103-ae04f76edec4,3764239,FA Women's Super League,2020/2021,0
90940ba1-02c4-4857-a2e3-299b7c271631,3764239,FA Women's Super League,2020/2021,0
679239f2-dea5-48b1-9665-0b5f7ea7bdbf,3764239,FA Women's Super League,2020/2021,0
102e9f5e-a9e3-4060-839e-38a75733d0df,3764239,FA Women's Super League,2020/2021,0
ea566c6b-ee9c-43a6-8fc6-c0b130905496,3764239,FA Women's Super League,2020/2021,0
8162917c-818c-4a75-b0c6-71be9c7511bb,3764239,FA Women's Super League,2020/2021,0
f124f9f2-fa1b-4f56-8aaa-19f9b0dde7f4,3764239,FA Women's Super League,2020/2021,0
4c8fcdf7-a729-4be7-a4d7-5472d39a7120,3764239,FA Women's Super League,2020/2021,0
65537db0-8be1-4d7e-bb91-d26f2bbcd9f3,3764239,FA Women's Super League,2020/2021,0
43aaacf2-f07e-4acd-a853-cac5c62ecbc7,3764239,FA Women's Super League,2020/2021,0
abc9d666-a8d6-427b-8ef7-7f1f7604838e,3764239,FA Women's Super League,2020/2021,1
434f37fd-ebff-427d-a368-ad283f5369f2,3764239,FA Women's Super League,2020/2021,0
01606097-52fc-4198-b7c2-caddbc382745,3764239,FA Women's Super League,2020/2021,0
61edf09d-5f93-4240-841e-cc5b7d555324,3764239,FA Women's Super League,2020/2021,0
ca3f8020-33e6-4feb-9409-8d4b0b4efc93,3764239,FA Women's Super League,2020/2021,0
26829221-25f0-4a9a-9269-4608fff6a733,3764239,FA Women's Super League,2020/2021,0
17c77758-7987-4d65-98f5-34862f9dd251,3764236,FA Women's Super League,2020/2021,0
8d8e6fe9-a09a-48df-a9fb-f0780c5843e5,3764236,FA Women's Super League,2020/2021,0
a1216d0f-a23e-4730-bb5c-b6dac4de8ab4,3764236,FA Women's Super League,2020/2021,0
4f2bfe61-c8b9-4fc6-a580-4be4fc6df641,3764236,FA Women's Super League,2020/2021,0
08171320-8053-4f6d-a7c1-87bc5f9eefb2,3764236,FA Women's Super League,2020/2021,1
aca5f5a1-14a9-422f-89c9-6732bb7dc988,3764236,FA Women's Super League,2020/2021,0
8c61bca5-6f67-4009-be0c-48c671a3c8d7,3764236,FA Women's Super League,2020/2021,0
a88c102c-878d-45c1-8723-8d1c79892cbb,3764236,FA Women's Super League,2020/2021,0
e8465ed9-e50f-443e-b9de-d91eb9f49566,3764236,FA Women's Super League,2020/2021,0
e1ed2840-7a64-4645-9611-45fd9394aea1,3764236,FA Women's Super League,2020/2021,0
f6151332-0091-4101-ace6-c844153fcf3a,3764236,FA Women's Super League,2020/2021,0
2f1017a5-a023-4c1b-b62c-94d5bd7493a0,3764236,FA Women's Super League,2020/2021,1
ba9fda8a-e54e-45fb-ac75-a0966244734e,3764236,FA Women's Super League,2020/2021,0
9e3bc8d1-09b6-4bd7-a2d7-a31e9ea7011b,3764236,FA Women's Super League,2020/2021,0
47785c03-e47b-4365-b125-01284e121ad4,3764236,FA Women's Super League,2020/2021,0
f1782ee1-25c0-480c-8bd8-164aa6f914d0,3764236,FA Women's Super League,2020/2021,0
9dbbd579-4a03-4b4f-bed6-241e6c674dca,3764236,FA Women's Super League,2020/2021,0
560cd397-4f3b-4aae-a7fc-ecfd73be7a8a,3764236,FA Women's Super League,2020/2021,0
fca8d218-112f-40dc-ae7a-1e7dc1431bce,3764236,FA Women's Super League,2020/2021,0
6b3a24f0-33e4-43aa-8196-209f292f3219,3764236,FA Women's Super League,2020/2021,0
a2ba064d-6dad-47a5-8ec6-ac82c2c375ab,3764236,FA Women's Super League,2020/2021,0
93bb47d0-58e1-4080-bc1d-5dfa2885d2a3,3764236,FA Women's Super League,2020/2021,0
48015f35-eee8-4dd1-af33-f9f14439ce42,3764236,FA Women's Super League,2020/2021,0
f6ee03d7-c50c-40f0-a8f0-ea073c0f7367,3764236,FA Women's Super League,2020/2021,0
86dcc019-a7c5-477e-a8f1-65de8d8bb5c4,3764236,FA Women's Super League,2020/2021,0
e552e58f-b93f-48fa-8b7e-f789de5d8aaa,3764236,FA Women's Super League,2020/2021,0
c2b60bd1-7e5e-4d6b-bd2c-f65aa500e633,3764236,FA Women's Super League,2020/2021,0
58ed301d-dab0-4b59-b266-ed93ff10e93d,3764236,FA Women's Super League,2020/2021,0
c3c782e7-5532-4560-843f-b081bf6d1cfd,3764236,FA Women's Super League,2020/2021,0
8759485a-6329-4e83-af0a-1de67e11db87,3764236,FA Women's Super League,2020/2021,0
4f6b788f-a73f-46a2-8daf-8d34d0802f7d,3764231,FA Women's Super League,2020/2021,0
e06fe8cb-99fa-4233-b261-8047cf1fc2a3,3764231,FA Women's Super League,2020/2021,0
2cd70f2d-5a4f-491e-b0ab-3e2cb25b6c97,3764231,FA Women's Super League,2020/2021,0
aec3bbcc-72ea-43a7-94b2-911ad9d9cbbd,3764231,FA Women's Super League,2020/2021,0
69ff3ff6-4a20-4777-abc0-d038096246ae,3764231,FA Women's Super League,2020/2021,0
a8badc50-d2c2-4be8-b898-09fc0eabcb58,3764231,FA Women's Super League,2020/2021,0
b608b235-e2c6-47d1-8ad4-6107cdfffb92,3764231,FA Women's Super League,2020/2021,0
5a04d41a-5f8b-4031-a350-9571b9e58828,3764231,FA Women's Super League,2020/2021,0
219d5afd-6196-4a16-9b7e-f0e4d95a4c63,3764231,FA Women's Super League,2020/2021,0
3ae08660-15a9-4abf-8ae4-10085dee1699,3764231,FA Women's Super League,2020/2021,0
a64ffa6c-51e8-4caa-ba45-d4e52f768b07,3764231,FA Women's Super League,2020/2021,0
97b81a68-5d53-4e73-b4fe-d9813c9c0e88,3764231,FA Women's Super League,2020/2021,0
98461507-fce2-4e41-a5d4-8e05f6102818,3764231,FA Women's Super League,2020/2021,0
f83a2ded-b049-42a4-b30c-0b41f49ccf20,3764231,FA Women's Super League,2020/2021,1
0c91c93a-89b8-45b5-997d-7ce6f71c1bdf,3764231,FA Women's Super League,2020/2021,1
6cad85f6-d4a6-47e4-a60e-f0dbf5387606,3764231,FA Women's Super League,2020/2021,0
7c2612e4-5f97-43eb-84f7-6ed7347010aa,3764231,FA Women's Super League,2020/2021,0
e9e53891-8502-4cab-9354-37bd375a144c,3764231,FA Women's Super League,2020/2021,0
8b537c53-e125-4c7c-a28e-a2147c15f958,3764231,FA Women's Super League,2020/2021,0
b2749ca5-5bac-41b0-b5f1-29f4da7f7a89,3764231,FA Women's Super League,2020/2021,0
1a783b00-fb8a-4879-95f7-9ff055b84467,3764234,FA Women's Super League,2020/2021,0
d32279d3-f7c6-49b1-9080-9e1b6aacaf80,3764234,FA Women's Super League,2020/2021,0
9a5f36be-4be6-4f1f-bb76-cc428afb16d4,3764234,FA Women's Super League,2020/2021,0
f7381a2b-aa3f-498c-9e58-42477e9dbea8,3764234,FA Women's Super League,2020/2021,1
a1a282f6-e44e-482c-bbf3-e9fe2ff84d12,3764234,FA Women's Super League,2020/2021,0
1c5ee9b6-eff9-4e4d-858d-f5025d8f07b5,3764234,FA Women's Super League,2020/2021,0
11f56ccd-83b0-459f-b015-24e6367881fc,3764234,FA Women's Super League,2020/2021,0
eb207ae9-8a09-4023-ab31-694a7d960df3,3764234,FA Women's Super League,2020/2021,1
80c06944-b746-4272-8d2c-df9c484df996,3764234,FA Women's Super League,2020/2021,0
3eb5d975-a45d-4c72-b5c7-17a935d5cc10,3764234,FA Women's Super League,2020/2021,0
8ddeb312-4862-4b65-8455-3f554f0ceb27,3764234,FA Women's Super League,2020/2021,0
37919da3-2167-4e2f-a80a-5a42b298f050,3764234,FA Women's Super League,2020/2021,0
195b2b6b-6711-4899-a910-fb5ae5d05ade,3764234,FA Women's Super League,2020/2021,0
0da26fae-fb1b-4969-aefc-ff70af5bc40d,3764234,FA Women's Super League,2020/2021,0
274a8c9a-d8fc-4a7d-b6eb-d3bd445a9658,3764234,FA Women's Super League,2020/2021,0
743d610c-779d-4c22-af8d-ce63696c6468,3764234,FA Women's Super League,2020/2021,0
fae19d96-0cac-48a8-92ec-ea3fbc967803,3764234,FA Women's Super League,2020/2021,0
a458fdfa-de4f-4856-8121-2d6d75baa6bc,3764234,FA Women's Super League,2020/2021,0
6ad667ca-af17-4359-bcb0-9e2d4bed2edd,3764234,FA Women's Super League,2020/2021,0
cc186626-f29b-414f-8a1b-719ff7c51c37,3764234,FA Women's Super League,2020/2021,0
a208f6fa-e6cb-4abc-b464-13b99b68b69b,3764234,FA Women's Super League,2020/2021,0
068dd4b8-f6e0-4ceb-ab2f-1e61883b7690,3764234,FA Women's Super League,2020/2021,0
fce56fe4-3798-436a-810e-c01d6f7fffff,3764234,FA Women's Super League,2020/2021,0
81eb1a85-97fc-4090-a83f-ecc7382f1ddb,3764234,FA Women's Super League,2020/2021,0
1dc6470b-0f8d-43e5-8f80-8a1440e6be08,3775543,FA Women's Super League,2020/2021,0
e3a60064-b9e8-4174-8b20-31a27e62de78,3775543,FA Women's Super League,2020/2021,0
e07b3409-5760-4bae-8315-c402cf250c07,3775543,FA Women's Super League,2020/2021,1
5a7dc215-4dda-47d5-8d87-784b5ad55054,3775543,FA Women's Super League,2020/2021,0
b998c374-0ae3-4400-971d-efd555a445c0,3775543,FA Women's Super League,2020/2021,0
b3067c99-0905-4a11-844e-5c7fc02a1d60,3775543,FA Women's Super League,2020/2021,0
c024bbcf-9dd9-4c7b-aedd-1fa06b3b8c58,3775543,FA Women's Super League,2020/2021,0
74245d88-8232-481d-b282-fbc60ffcf6df,3775543,FA Women's Super League,2020/2021,0
d6d424d3-9d44-4dee-885a-32076941fe17,3775543,FA Women's Super League,2020/2021,0
3c9b2052-c133-48d9-b982-dfb8d6aa85d6,3775543,FA Women's Super League,2020/2021,0
20c2d288-c9e3-4c08-b706-1166c2da50c5,3775543,FA Women's Super League,2020/2021,0
c0450004-ba89-48cc-99f9-b66d6097b918,3775543,FA Women's Super League,2020/2021,1
750a802b-a38f-4f4b-b44f-da513ea0c4c2,3775543,FA Women's Super League,2020/2021,0
62d4864e-5e39-499e-a9b2-3c4514161f11,3775543,FA Women's Super League,2020/2021,1
bc0803dc-d150-4cba-bdcf-a3d9554c21d1,3775543,FA Women's Super League,2020/2021,0
4e00c78d-e4fc-4201-ab2f-3e7b072b6907,3775543,FA Women's Super League,2020/2021,0
0ef1c337-8978-40d5-86c1-b3f49d02e91e,3775543,FA Women's Super League,2020/2021,0
6bbc17fd-ad6e-4034-ac08-0ccb43551b0f,3775543,FA Women's Super League,2020/2021,1
691eebb2-352d-4d7c-94f1-4ca6036f2010,3775543,FA Women's Super League,2020/2021,0
774efd0a-d40f-41ff-bb9e-739d7be3b578,3775543,FA Women's Super League,2020/2021,0
ae78585c-5ee6-4665-96fd-f1bc79226bea,3775543,FA Women's Super League,2020/2021,0
90a8196d-4589-4961-a0ec-3b976eca1c91,3775543,FA Women's Super League,2020/2021,0
96e262de-9e72-4dac-882e-eb1005420999,3775543,FA Women's Super League,2020/2021,1
8865af4a-4970-4bba-ba9f-ef84f45ea098,3775551,FA Women's Super League,2020/2021,0
12705a07-8713-4235-bb3b-74e08b414af9,3775551,FA Women's Super League,2020/2021,0
45a14b55-1b82-4de8-b9c6-5d70d7584c0d,3775551,FA Women's Super League,2020/2021,0
627953a6-854a-4a19-9dff-b9173bb62b9d,3775551,FA Women's Super League,2020/2021,0
6a445318-aec9-4ee7-b941-0c886e9671c1,3775551,FA Women's Super League,2020/2021,0
e88845b2-820a-4b68-ae38-c4eb1c013eec,3775551,FA Women's Super League,2020/2021,0
78295873-26bf-40ab-8131-0798a7a36414,3775551,FA Women's Super League,2020/2021,0
f11ad7e3-4cc8-4df0-bebb-ceda0d30db74,3775551,FA Women's Super League,2020/2021,0
36c9e725-777e-409c-9596-e82f0007bfd3,3775551,FA Women's Super League,2020/2021,0
8a2a7b2b-de54-41cc-96d9-bb854e3e5463,3775551,FA Women's Super League,2020/2021,0
a582be7e-a5c6-406f-8ee9-cc89bc9d0abf,3775551,FA Women's Super League,2020/2021,0
e309bf8e-d86c-4683-a3b0-fbbe0a5883a3,3775551,FA Women's Super League,2020/2021,0
7bb9d8d0-aea9-4183-8c9f-8edfd083519e,3775551,FA Women's Super League,2020/2021,0
c971859a-a02e-4b2d-8a28-81d9cf8e168f,3775551,FA Women's Super League,2020/2021,0
66db5592-35e9-468a-aed8-393428eaa091,3775551,FA Women's Super League,2020/2021,0
c1f750da-622b-44ba-9191-59b65e0cae69,3775551,FA Women's Super League,2020/2021,0
3ac0d159-fb2c-4627-a7a1-e5ee9ca4c882,3775551,FA Women's Super League,2020/2021,0
544ecebc-fe74-4356-8a0a-551c6a8388a5,3775551,FA Women's Super League,2020/2021,0
e8217cd3-063a-477d-aead-1ae8239f7c10,3775551,FA Women's Super League,2020/2021,0
bd8401e3-2836-491e-8226-a8ebacecba0e,3775551,FA Women's Super League,2020/2021,0
dec95d85-a93c-43f5-b814-1c6655274b68,3775551,FA Women's Super League,2020/2021,0
781cd789-a89d-4907-bba6-c8af4590015f,3775551,FA Women's Super League,2020/2021,0
6f1529f4-c276-4a29-86f4-f875c4d27685,3775551,FA Women's Super League,2020/2021,0
9427afa8-a1a0-452f-b4b4-c2504e6c111d,3775551,FA Women's Super League,2020/2021,1
61cb57fa-a8a9-4b7b-8147-b77654e3cfbb,3775551,FA Women's Super League,2020/2021,0
41056a89-e87b-4fdf-9876-dae3a5686d8d,3775551,FA Women's Super League,2020/2021,0
b0db5074-f002-44e8-a423-742eba804907,3775551,FA Women's Super League,2020/2021,0
ecf884a9-9fc1-4efe-a100-fa3f62ae183a,3775551,FA Women's Super League,2020/2021,0
9302f957-c5dc-432c-a50d-46afca7e9356,3775551,FA Women's Super League,2020/2021,0
15ee7e1e-69bf-4c33-8144-8498170a7db2,3775551,FA Women's Super League,2020/2021,0
f6f16dbb-f0b9-447c-896b-f2a6b1088138,3775551,FA Women's Super League,2020/2021,0
ba7d0729-dc01-4aab-a6ac-1aee66808b4a,3775551,FA Women's Super League,2020/2021,0
94ae1b57-063b-483d-8a5c-615e3fdc39e8,3775540,FA Women's Super League,2020/2021,0
cce40cbe-4aec-4d49-bcef-1f5370737d43,3775540,FA Women's Super League,2020/2021,0
0354bdad-c4b0-43e7-8e08-92f93127713c,3775540,FA Women's Super League,2020/2021,0
04f8d83c-5d90-418f-aa84-c2f9e9c8b422,3775540,FA Women's Super League,2020/2021,0
f6b49e6d-eef6-415f-8928-ac2bcbaefe31,3775540,FA Women's Super League,2020/2021,0
4606e139-0235-4335-9d26-a869899e1bc7,3775540,FA Women's Super League,2020/2021,0
1cbfbbc8-d007-4285-a22a-6ad0ead6f8df,3775540,FA Women's Super League,2020/2021,1
a878000a-98ca-47b3-90bf-49c67b86019d,3775540,FA Women's Super League,2020/2021,0
28bb382d-b2cf-4d74-b37b-361fad07af52,3775540,FA Women's Super League,2020/2021,0
14957177-8394-4107-891d-7371bcc58e34,3775540,FA Women's Super League,2020/2021,0
6a92756d-72dd-4c0c-af2d-2f2bfda5784c,3775540,FA Women's Super League,2020/2021,0
550ee3f4-a573-45d7-a4aa-3d1476aa0bea,3775540,FA Women's Super League,2020/2021,0
89787c3e-d4ba-4141-8cee-755310a5ba5f,3775540,FA Women's Super League,2020/2021,0
e333706b-ad23-4e53-9cca-00262196fcc3,3775540,FA Women's Super League,2020/2021,0
17a144a8-cb0a-4400-b7d9-5bf705821dfa,3775540,FA Women's Super League,2020/2021,0
f8c8c4ba-a0a5-4942-a2df-b5e8d133596b,3775540,FA Women's Super League,2020/2021,0
6062d85c-8732-4807-92ea-1088e50680f8,3775540,FA Women's Super League,2020/2021,0
09684d82-9c62-48d2-aef2-962149f2646a,3775540,FA Women's Super League,2020/2021,0
5d6a5f09-ab35-4231-8df9-ce14dd808d26,3775540,FA Women's Super League,2020/2021,0
f0d48714-f0d9-4c90-b238-f259a14b90c7,3775540,FA Women's Super League,2020/2021,0
24aa26e8-efa9-4a40-a2b2-757e9bac191e,3775540,FA Women's Super League,2020/2021,1
c84d3183-24cb-4f2c-92f1-b7c826585024,3775540,FA Women's Super League,2020/2021,0
5d9a4e70-e3be-4164-93ab-c5fab62e0aa8,3775540,FA Women's Super League,2020/2021,0
6bbbfd51-a004-4350-b4db-e4577341f22a,3775550,FA Women's Super League,2020/2021,0
fab43a7b-4676-48bb-b04d-4ba4506fbf08,3775550,FA Women's Super League,2020/2021,0
3759fbdb-90f6-4512-a71c-48ff98ac3101,3775550,FA Women's Super League,2020/2021,1
5a6adeba-476e-4307-812b-f8ba8f1e1cca,3775550,FA Women's Super League,2020/2021,0
25491be6-9bfc-4582-904b-ad39443c85a6,3775550,FA Women's Super League,2020/2021,0
92ffca2e-d616-47ab-a562-39d2b7ef14c5,3775550,FA Women's Super League,2020/2021,0
b21affac-41a8-4db0-844a-8201e4f7e500,3775550,FA Women's Super League,2020/2021,0
1c1ff208-b35b-40fc-9c59-4ddcd776667d,3775550,FA Women's Super League,2020/2021,0
c29fd414-43b1-460c-8424-04322dadaad3,3775550,FA Women's Super League,2020/2021,0
edb96fd2-c44c-45cc-80c7-89abec1c1299,3775550,FA Women's Super League,2020/2021,0
46eb18ba-9eb1-4215-95df-45ac72783b7f,3775550,FA Women's Super League,2020/2021,0
cf46da07-8c60-41f8-97b7-d6a1489d25af,3775550,FA Women's Super League,2020/2021,0
eb46b3e1-9c55-4bfd-ad67-5d57015c22e3,3775550,FA Women's Super League,2020/2021,0
f850480f-6058-4921-9db9-dc3f44e13d32,3775550,FA Women's Super League,2020/2021,0
1694ebb8-1c20-4eeb-888e-6f7f4f3b3166,3775550,FA Women's Super League,2020/2021,0
71f4202b-9a1a-472e-9692-e676f2318965,3775550,FA Women's Super League,2020/2021,1
ee7f5f99-5e13-4019-ae5c-f0b56a7b4b10,3775550,FA Women's Super League,2020/2021,0
a386e327-c3cc-43e9-8d01-bc6ce4acf240,3775550,FA Women's Super League,2020/2021,0
d01c1609-98ef-468b-81dd-91a37d45a641,3775550,FA Women's Super League,2020/2021,0
765b11f4-a18e-447b-8d61-437000cb5d34,3775550,FA Women's Super League,2020/2021,0
2f6cad73-f662-4f1e-951e-655f9463ffa5,3775550,FA Women's Super League,2020/2021,0
0aa2476d-3427-4a46-8a62-c490b18a1657,3775550,FA Women's Super League,2020/2021,0
c5334f42-eb60-4004-ad9c-f17f2df2edf4,3775550,FA Women's Super League,2020/2021,1
9c888b6e-8d53-48f5-80e7-31ca7065addd,3775550,FA Women's Super League,2020/2021,0
bfe7ec25-5539-4161-9304-32bc9183dcf4,3775550,FA Women's Super League,2020/2021,0
2d13eca0-4707-475b-834a-ba1ea50611b2,3775545,FA Women's Super League,2020/2021,0
64cec7f9-a71b-4d7b-9335-121b606e8825,3775545,FA Women's Super League,2020/2021,0
6880169d-0393-468e-a282-10fae5753ab0,3775545,FA Women's Super League,2020/2021,0
afe929dc-8e57-4445-82f7-60233c3d2b04,3775545,FA Women's Super League,2020/2021,0
1b87e923-75f8-43e5-8eb4-857e9f6a0a4f,3775545,FA Women's Super League,2020/2021,0
b7b9374c-85d7-4bd8-a4f9-4b1c4808e14c,3775545,FA Women's Super League,2020/2021,0
0454c529-3541-4382-b11d-ac364a73d510,3775545,FA Women's Super League,2020/2021,0
aa675980-cec0-4db7-a4f8-56e012b9412f,3775545,FA Women's Super League,2020/2021,1
08bdb679-e422-43fd-a4a8-967a65805e64,3775545,FA Women's Super League,2020/2021,0
14b5d6de-7b1d-4713-accf-6b854eb92c79,3775545,FA Women's Super League,2020/2021,0
ed917478-5b5f-41a1-871b-b79a71f575be,3775545,FA Women's Super League,2020/2021,0
e6b31e7e-97ef-4515-8a6b-3951146a9a95,3775545,FA Women's Super League,2020/2021,0
7eb9fe28-262a-4af5-af55-1e24ab73606a,3775545,FA Women's Super League,2020/2021,0
6b6eb07a-d5d3-4d37-b2e4-92f8e2d0b004,3775545,FA Women's Super League,2020/2021,0
3811666f-9215-4644-b191-09904a78b38a,3775545,FA Women's Super League,2020/2021,1
ee128c24-abd5-4a2c-9f0c-958344db3f97,3775545,FA Women's Super League,2020/2021,0
788dbac0-4994-4418-b9b7-c731c27d4fcc,3775545,FA Women's Super League,2020/2021,0
ddf395d1-fe6b-4805-b34c-5074bbf16373,3775545,FA Women's Super League,2020/2021,0
1095f0ba-1651-4d42-a1a4-122182297f0a,3775545,FA Women's Super League,2020/2021,1
655cc8c8-4332-488f-be08-046e13260715,3775545,FA Women's Super League,2020/2021,0
18a025cc-f068-4673-a4bc-7fbd08e3498c,3775545,FA Women's Super League,2020/2021,0
3d067022-309e-4c5f-93da-067658dac434,3775545,FA Women's Super League,2020/2021,0
47e0dbe5-a76a-4aa2-8dd1-4b96aac6b0b9,3775545,FA Women's Super League,2020/2021,1
bba55b97-94f1-4c8e-9ab2-173aaca8734b,3775545,FA Women's Super League,2020/2021,0
503cb1dc-1992-4fdd-9526-c05717a90c21,3775545,FA Women's Super League,2020/2021,0
d690b160-14f7-4015-a994-a3384df9d97a,3775545,FA Women's Super League,2020/2021,0
8dcd9969-7f81-406a-9f0d-57ba73189774,3775556,FA Women's Super League,2020/2021,0
83593214-4e13-48a6-bf03-609252e7d03b,3775556,FA Women's Super League,2020/2021,0
1f6ce331-3eb3-4c03-8ef3-0b889d94d109,3775556,FA Women's Super League,2020/2021,0
8c90e548-86c9-41c6-81f6-27b2b2f5ce30,3775556,FA Women's Super League,2020/2021,0
4479436c-7c7a-477d-8159-f6a3cccb4827,3775556,FA Women's Super League,2020/2021,0
eee8a54a-2c28-435d-90a9-e5cd7cbff49a,3775556,FA Women's Super League,2020/2021,0
b602c078-1f62-41ba-b522-ffda19f14aab,3775556,FA Women's Super League,2020/2021,0
c1202275-35a9-4dbd-8489-b01c68a9079a,3775556,FA Women's Super League,2020/2021,0
cebb13f8-dc6f-44e0-9a6d-b4907028d747,3775556,FA Women's Super League,2020/2021,0
1d4bf579-b034-4ebd-9a22-6d80327a1219,3775556,FA Women's Super League,2020/2021,0
20cd426a-e17b-46a5-b0e1-62dd5968d50d,3775556,FA Women's Super League,2020/2021,0
f8f3a213-0c67-43b1-aa13-2adbee111525,3775556,FA Women's Super League,2020/2021,0
416ef4c2-2149-4595-930c-0bebf161fcbb,3775556,FA Women's Super League,2020/2021,1
4dc87260-faff-4584-ba99-fab395ac391b,3775556,FA Women's Super League,2020/2021,0
8b6c3bac-384e-4328-82cc-552ff68b93f2,3775556,FA Women's Super League,2020/2021,0
60286d86-eb84-4177-a6b5-dcae91ef724c,3775556,FA Women's Super League,2020/2021,0
c07ea590-6e9c-4cf7-bdc7-2e856cb4f865,3775556,FA Women's Super League,2020/2021,0
d3e5cb7f-9a23-4dee-bc2b-630feabfbff7,3775556,FA Women's Super League,2020/2021,0
7bd7e245-a231-49d9-9a3f-0547b285ac9b,3775556,FA Women's Super League,2020/2021,0
6c851c0e-7546-4067-9244-29db53aed88b,3775556,FA Women's Super League,2020/2021,1
dbf428b6-f831-471c-89d3-46fa035f0daa,3775556,FA Women's Super League,2020/2021,0
b2f46388-2b11-419e-a1ca-988cb2a3ba54,3775575,FA Women's Super League,2020/2021,0
4225238e-2f8b-4446-9d29-b4739b3b6883,3775575,FA Women's Super League,2020/2021,0
bdea3468-40d7-4420-b276-5ef7ba87fa44,3775575,FA Women's Super League,2020/2021,0
6f26a3f3-8d5e-4b19-b5a1-f27192bfbe0e,3775575,FA Women's Super League,2020/2021,0
2d9f2e97-f713-47ce-a93f-f7f513f29d0e,3775575,FA Women's Super League,2020/2021,0
4ca3b9b8-7e1e-4e7c-8bb8-e06d58dba501,3775575,FA Women's Super League,2020/2021,0
ccabf00c-5163-4756-97f9-a8db691e8cb9,3775575,FA Women's Super League,2020/2021,0
57f46e85-4cfa-4201-8bfe-15ef9f58240b,3775575,FA Women's Super League,2020/2021,0
644553f1-c3b4-4256-b80b-79872d14eb8b,3775575,FA Women's Super League,2020/2021,0
f1f98a75-e08a-43ab-8638-aac9eca564b7,3775575,FA Women's Super League,2020/2021,0
50b6fff7-767d-4b3d-8f3d-fc5bfa612013,3775575,FA Women's Super League,2020/2021,1
107bd7bd-e6eb-4f52-8c3b-1f3f2812c93d,3775575,FA Women's Super League,2020/2021,1
8cf67539-1d51-4e03-bfbe-69d7d1db1344,3775575,FA Women's Super League,2020/2021,1
8e5dd2bd-627f-40cc-80da-0a3ad4783053,3775575,FA Women's Super League,2020/2021,0
cc5c5c9b-c3a1-409c-973d-c8fd1089d459,3775575,FA Women's Super League,2020/2021,1
4c8d3853-9453-45b4-930b-71fa1496bb0f,3775575,FA Women's Super League,2020/2021,0
c8a0bc05-828e-4d42-9508-b1982170a961,3775575,FA Women's Super League,2020/2021,0
7e7d4394-956e-4b14-a1c4-bde77879ffb5,3775575,FA Women's Super League,2020/2021,0
ef549141-4861-4644-88b6-50f753184734,3775575,FA Women's Super League,2020/2021,0
204d96cd-3c7b-4a7c-aa85-0e3877b33ffb,3775575,FA Women's Super League,2020/2021,1
23f10392-8748-424f-9374-999ab0e0f492,3775575,FA Women's Super League,2020/2021,1
34f49a9a-4cc1-4d67-b33d-34888831b274,3775575,FA Women's Super League,2020/2021,0
7ad1e90f-fbab-46ba-bc31-b13c0853a50b,3775575,FA Women's Super League,2020/2021,0
208e7b23-5c4e-4a15-a37f-d4eecb9ba8fe,3775575,FA Women's Super League,2020/2021,0
78530018-87c5-45b8-a08d-950deeb52449,3775575,FA Women's Super League,2020/2021,0
34475851-da4f-4803-82ac-14801deafd07,3775575,FA Women's Super League,2020/2021,0
ce8e8cfe-f253-4a6b-b13c-1304d7d95db7,3775575,FA Women's Super League,2020/2021,0
978918c2-e66b-4cd4-97c2-5de65010ecdf,3775575,FA Women's Super League,2020/2021,0
e43fdc2e-bebb-4844-b2d8-e31654cac46f,3775562,FA Women's Super League,2020/2021,0
b524f072-dbf3-4fc8-ace8-0b04781cd4b0,3775562,FA Women's Super League,2020/2021,0
bb4e4982-27af-4e82-8870-58ab89256dd1,3775562,FA Women's Super League,2020/2021,0
3aee4dbd-8417-4b3b-b58d-0b5ad78a0c8c,3775562,FA Women's Super League,2020/2021,0
c8d23f49-07c5-4feb-b654-92b56876c0ea,3775562,FA Women's Super League,2020/2021,0
844a6eed-923a-41c0-9324-3be259df0884,3775562,FA Women's Super League,2020/2021,0
7fb98cda-a47b-467f-90c9-9314b0781165,3775562,FA Women's Super League,2020/2021,0
31fa7634-7df4-416a-b947-4440eacbde18,3775562,FA Women's Super League,2020/2021,0
b2a97091-c8ac-45bc-915b-885f74454848,3775562,FA Women's Super League,2020/2021,0
c59b2b3d-4fc9-426f-8868-473e88c286d0,3775562,FA Women's Super League,2020/2021,0
c5d291c3-63b8-41b6-a0c7-67b8ad77eb91,3775562,FA Women's Super League,2020/2021,0
e04803a4-34ff-4bfb-9362-4f480da3e317,3775562,FA Women's Super League,2020/2021,0
07e29a7d-52fc-4b2e-a769-9eea1430ce53,3775562,FA Women's Super League,2020/2021,0
b64ddc82-8813-4e77-a59a-b4e28ef657c5,3775562,FA Women's Super League,2020/2021,0
a67a4362-3ab9-480c-a0ae-7e6629d79e18,3775562,FA Women's Super League,2020/2021,0
e0bf2c83-a7c9-47fb-aba4-27474bad1a00,3775562,FA Women's Super League,2020/2021,0
3bb323ae-4c62-469d-859a-0f6738372de6,3775562,FA Women's Super League,2020/2021,0
e074d0b4-7645-48c5-97a6-7a02da2d1d2e,3775562,FA Women's Super League,2020/2021,0
3d35d548-9200-4d88-bfc6-4a479f5eb636,3775562,FA Women's Super League,2020/2021,0
a61a42ef-a79b-4eff-bfbf-0a4ec239f9b7,3775562,FA Women's Super League,2020/2021,0
b0d37e5c-5b3f-4e31-b8f8-9d77b6d263c6,3775562,FA Women's Super League,2020/2021,1
d1ed8488-c3d9-45b2-ba21-3fd1ee80aed6,3775562,FA Women's Super League,2020/2021,0
e511cef0-2060-453e-97dd-a95089fd84bf,3775562,FA Women's Super League,2020/2021,0
dc220a79-f851-476d-9678-87ed8d1e4723,3775562,FA Women's Super League,2020/2021,0
6602af79-bbc6-4ac7-9c1c-af284712812a,3775562,FA Women's Super League,2020/2021,1
4c5df74f-3f2b-416f-a4da-4a204dbea1de,3775561,FA Women's Super League,2020/2021,0
eeb88860-6e14-46c9-b26c-54da1bcb3675,3775561,FA Women's Super League,2020/2021,0
1aecf34c-64c2-4f32-95af-a01f7a51c196,3775561,FA Women's Super League,2020/2021,0
b22b277b-d638-4d9b-97bc-c6f5cdbdaeb6,3775561,FA Women's Super League,2020/2021,0
8bfe279c-34fe-4d28-91bb-32198ed3d810,3775561,FA Women's Super League,2020/2021,0
84ce3e70-3eb5-42d4-8a6a-6c9fb9e49ce7,3775561,FA Women's Super League,2020/2021,0
04b0ced1-ed27-4052-ac90-329dd2ec211e,3775561,FA Women's Super League,2020/2021,0
b655ad41-2804-48f5-a993-ef9867d8f1e9,3775561,FA Women's Super League,2020/2021,1
e32e0ac8-9199-40f5-9b3d-89e4d8e8b640,3775561,FA Women's Super League,2020/2021,1
50fc5e42-0dd0-44cb-8673-c882b81d9e0d,3775561,FA Women's Super League,2020/2021,0
e554fbbd-93eb-4e2a-a9fd-6bf155fcb09f,3775561,FA Women's Super League,2020/2021,0
518f66d0-f1ac-469a-958b-00c133b809a5,3775561,FA Women's Super League,2020/2021,1
af588605-ae44-4918-8601-46079d9d89b3,3775561,FA Women's Super League,2020/2021,0
5d27cfb4-a2b5-452a-a637-6e3590297aae,3775561,FA Women's Super League,2020/2021,1
e74ebc01-8be7-4027-a411-4e5b0c1e9a47,3775561,FA Women's Super League,2020/2021,0
d251a38c-bd20-4174-bab8-ffff8209b94f,3775561,FA Women's Super League,2020/2021,0
d2dfa41c-d476-4d89-bf4f-542d27d24812,3775561,FA Women's Super League,2020/2021,0
8ee86488-3e17-432b-87a6-9920ab5ad22c,3775561,FA Women's Super League,2020/2021,0
325c21fe-cb1c-41fe-9b0a-cc78d86a2a0d,3775561,FA Women's Super League,2020/2021,0
cdff4b03-1c3e-42b5-b8b6-a1d3c8b2ff71,3775561,FA Women's Super League,2020/2021,0
041b5bb0-f00c-465f-afe2-0405a7817985,3775561,FA Women's Super League,2020/2021,0
650c5e19-1a98-499f-b12f-4344d9ac60d8,3775561,FA Women's Super League,2020/2021,0
33fa27a1-7efa-43ae-9bbe-817f0219df53,3775561,FA Women's Super League,2020/2021,1
c06a00c8-381f-413f-95b5-a8610d7b1ad0,3775561,FA Women's Super League,2020/2021,0
aee31e9c-df20-4bd6-a4ba-cec273c46ed6,3775561,FA Women's Super League,2020/2021,1
900d1c7a-1e1d-4cbc-8518-7495baa943ae,3775561,FA Women's Super League,2020/2021,0
f91fa740-7dd6-42bd-998e-23d1fbc0d748,3775561,FA Women's Super League,2020/2021,0
f6cc25dd-84d4-4683-8a20-1fd39929ad26,3775582,FA Women's Super League,2020/2021,0
16afee38-6475-431c-b361-5bd0b97a2d7d,3775582,FA Women's Super League,2020/2021,0
793a58aa-d1c7-4355-95f9-408bc5266ef1,3775582,FA Women's Super League,2020/2021,0
cf5af756-3932-4559-a406-0cb24e7d2033,3775582,FA Women's Super League,2020/2021,0
46336e3b-1124-44e5-a3fc-3d400595116f,3775582,FA Women's Super League,2020/2021,0
ed3a6300-b27f-40a6-bf43-420cba7f5075,3775582,FA Women's Super League,2020/2021,0
928be55e-e8f0-4d45-ac9d-2a51d914aff2,3775582,FA Women's Super League,2020/2021,0
1a43611d-ee58-4210-bb54-59dea6b468e5,3775582,FA Women's Super League,2020/2021,0
0071cac1-9cc5-4a08-9f02-568dcb52054a,3775582,FA Women's Super League,2020/2021,0
b7be24ad-4bb0-4ff2-aa31-d4a37c06ba49,3775582,FA Women's Super League,2020/2021,0
5289897f-2554-404a-9997-5dbaca2f697a,3775582,FA Women's Super League,2020/2021,0
cf13bc2a-c1d0-4b47-8ec1-3900bbd7245e,3775582,FA Women's Super League,2020/2021,0
6d7e4a72-88c4-4bc5-aa70-2d8b747a929a,3775582,FA Women's Super League,2020/2021,0
fd9978a8-0987-43ec-a424-4d08844430df,3775582,FA Women's Super League,2020/2021,0
a6a0d354-1fcb-4bec-be48-4c682787c3c4,3775582,FA Women's Super League,2020/2021,1
eb11699e-5edb-4b47-a0e1-c614db18103f,3775582,FA Women's Super League,2020/2021,0
29ca637d-da34-4e3a-aa66-f733107a573e,3775582,FA Women's Super League,2020/2021,0
18e39063-177b-403b-8638-8f3e53575c8e,3775582,FA Women's Super League,2020/2021,0
171754bf-8f6e-4d15-a624-fd80b7e0346e,3775582,FA Women's Super League,2020/2021,1
d66986ed-c184-4571-a9cd-212d4aca70ae,3775582,FA Women's Super League,2020/2021,0
405d5a5d-6fe3-4c08-a11f-ebc3c798d39a,3775582,FA Women's Super League,2020/2021,0
1a496f2a-acc5-410f-91c1-abb3781d06c3,3775558,FA Women's Super League,2020/2021,0
79ff3e71-4558-4550-828e-a014f2e89d78,3775558,FA Women's Super League,2020/2021,0
dc59125a-d1b0-4c61-8976-1f0f3c212f2b,3775558,FA Women's Super League,2020/2021,0
72cb02e0-49cc-4ffb-8dac-23cbbff09bb3,3775558,FA Women's Super League,2020/2021,0
aacfc4c5-6406-4f26-9bdf-5df8a4686cf1,3775558,FA Women's Super League,2020/2021,0
123c23b5-e315-40d2-a22b-154f9981916e,3775558,FA Women's Super League,2020/2021,0
32633775-3c5a-4e3f-85c1-5b19aba16001,3775558,FA Women's Super League,2020/2021,0
23aa36fd-a8ae-4f70-bceb-fd8d72a4d383,3775558,FA Women's Super League,2020/2021,0
9a37c9aa-a5c6-4e71-bf6b-c885ef992f92,3775558,FA Women's Super League,2020/2021,0
9e4d99bc-7020-4b00-b122-fd83c179b263,3775558,FA Women's Super League,2020/2021,0
13eba1fd-abe4-4e87-b5e4-c062ce8ed1e8,3775558,FA Women's Super League,2020/2021,1
468d1b90-bb46-468c-8c3b-bca279fae464,3775558,FA Women's Super League,2020/2021,0
ebc04267-0610-4180-9923-e389bc57d107,3775558,FA Women's Super League,2020/2021,0
b8ea155e-106e-4252-a4e1-e752bf5a9dd7,3775558,FA Women's Super League,2020/2021,0
fa7533d6-2316-4e81-9810-d2af830df014,3775558,FA Women's Super League,2020/2021,0
1f1c7641-7db4-4ea2-9806-064f07f88228,3775558,FA Women's Super League,2020/2021,0
742a07a1-b02b-4cf2-bd53-eafefd3e0615,3775558,FA Women's Super League,2020/2021,0
cb8a6d2b-a8d6-44fe-9b14-ea3b1be03945,3775558,FA Women's Super League,2020/2021,0
5b51891f-a1ac-41dc-b765-c3fb2d144e19,3775558,FA Women's Super League,2020/2021,0
38d05321-56a5-4e6f-93e9-c97a9d8efa8e,3775558,FA Women's Super League,2020/2021,0
45c98743-e29d-4d1a-9802-75117916c5cc,3775558,FA Women's Super League,2020/2021,1
c11b02cc-a10e-4741-8d63-c405d3f88033,3775558,FA Women's Super League,2020/2021,0
8bf73884-349a-4280-b688-eba0e1b1b6b0,3775558,FA Women's Super League,2020/2021,0
ff28c28e-b04a-4347-9f3e-c151fe720b0f,3775558,FA Women's Super League,2020/2021,0
3067a422-0413-468a-82b9-d8c612fdfb2b,3775552,FA Women's Super League,2020/2021,0
2092abee-2702-40cd-8b10-422d8a0e7209,3775552,FA Women's Super League,2020/2021,0
4bb69a2c-2229-498a-9b5f-abd38c709cf4,3775552,FA Women's Super League,2020/2021,0
43a556eb-447f-425c-8d60-ed5e9d280dd8,3775552,FA Women's Super League,2020/2021,0
a7537b89-4375-4f31-95d0-9611cbf99d3f,3775552,FA Women's Super League,2020/2021,0
fde69cc9-5b66-46b9-896c-522a5778d5ed,3775552,FA Women's Super League,2020/2021,0
d407a33d-0ee2-4db5-a7d8-e940e3f65434,3775552,FA Women's Super League,2020/2021,1
8495e244-ed6b-4962-9d53-85868f3dafe9,3775552,FA Women's Super League,2020/2021,0
7ab812c0-d5b1-4dcf-98f5-47ca6aff077f,3775552,FA Women's Super League,2020/2021,0
bcd7cf5d-1f5a-4286-b784-63f51fc79e5c,3775552,FA Women's Super League,2020/2021,0
abc785d4-3ef0-4e46-a8f1-757363a47669,3775552,FA Women's Super League,2020/2021,0
fac49598-d5e5-4546-a23e-b3009ac69267,3775552,FA Women's Super League,2020/2021,0
0e4aa4f4-707e-42eb-84de-0c8663844545,3775552,FA Women's Super League,2020/2021,0
47decfe2-2ffb-4078-9043-1500080318ca,3775552,FA Women's Super League,2020/2021,0
f383d8a9-2703-4d64-aaad-8f5955f094e7,3775552,FA Women's Super League,2020/2021,1
87ecf612-06ec-41ed-a38d-3ae68f55864d,3775552,FA Women's Super League,2020/2021,0
c3eca86a-4a6a-4da0-8328-ed2f14bc3d5a,3775552,FA Women's Super League,2020/2021,1
623d3c4c-33d4-4716-9b94-978c222ec817,3775552,FA Women's Super League,2020/2021,0
71f30cb9-c94c-4bb8-8d81-046080d756b6,3775552,FA Women's Super League,2020/2021,0
5b86ded6-8d4a-4b05-b20e-a4da564c1e5e,3775552,FA Women's Super League,2020/2021,0
5cae7056-7fde-4fc1-bf77-47f999a422c2,3775552,FA Women's Super League,2020/2021,0
e237513c-92a8-44be-bf66-8e1dfc502ee6,3775552,FA Women's Super League,2020/2021,0
99cb1a03-4bf4-4bdf-80ea-c63df79a1c1c,3775552,FA Women's Super League,2020/2021,0
5da9f9f7-cf4e-4fb8-8b63-629a9cffe66a,3775557,FA Women's Super League,2020/2021,0
648359ab-c7fd-4f6d-bdfd-82eb6b5e71e3,3775557,FA Women's Super League,2020/2021,0
77d1ed25-b6eb-4581-9868-5fb9f144ff4e,3775557,FA Women's Super League,2020/2021,0
ba8e6f74-b172-40e5-bbac-c53b8d357788,3775557,FA Women's Super League,2020/2021,0
7ccf6ade-356d-4a5b-9ece-974f7b4c3307,3775557,FA Women's Super League,2020/2021,1
9ac4d391-be44-42e6-bada-757714d2da6d,3775557,FA Women's Super League,2020/2021,0
31dff499-90de-4fc6-b49b-60b226c1de71,3775557,FA Women's Super League,2020/2021,0
52941f63-e4c5-47e0-b60b-5557dee2ad4d,3775557,FA Women's Super League,2020/2021,0
e3ebc72a-8a13-4a90-9c4c-b25201fb04fc,3775557,FA Women's Super League,2020/2021,0
c6240e50-6511-4773-97ef-74471c981252,3775557,FA Women's Super League,2020/2021,0
bde01f0a-d4e8-48a7-849d-ca670a74eb96,3775557,FA Women's Super League,2020/2021,0
6162f931-7130-45b7-9f02-8326db4aac6f,3775557,FA Women's Super League,2020/2021,0
0e9e2eb4-5f43-4872-959e-36fe3d4e393f,3775557,FA Women's Super League,2020/2021,0
638a500d-94d9-4254-93d1-d9b7fb469f7c,3775557,FA Women's Super League,2020/2021,1
e270cbd1-2362-43f7-8109-a63db3a07733,3775557,FA Women's Super League,2020/2021,0
6ef63720-b962-430a-ad30-e9eaf6c8d351,3775557,FA Women's Super League,2020/2021,0
40eb9361-f387-413e-820e-f0601b8b8cb4,3775557,FA Women's Super League,2020/2021,0
5bddfa9b-2469-46ff-aed2-2da688488a30,3775557,FA Women's Super League,2020/2021,0
d197c3bb-1410-4f22-ab4d-7942fb478f15,3775557,FA Women's Super League,2020/2021,0
3200a3a8-cfda-432c-9f60-06d721ad8829,3775557,FA Women's Super League,2020/2021,0
4fa3e379-ecb6-4cd6-9ec0-f4e4fbafce53,3775557,FA Women's Super League,2020/2021,0
ae15777b-6536-4d07-946d-b40a17b58242,3775564,FA Women's Super League,2020/2021,0
9c372ffe-0dbe-4602-a149-baae4b1947ba,3775564,FA Women's Super League,2020/2021,0
ea0bc32a-379d-4bb1-ad52-6229caebbb1c,3775564,FA Women's Super League,2020/2021,0
aa7aa5db-f8d9-4891-a6b1-f5e4224a0968,3775564,FA Women's Super League,2020/2021,0
d488af97-19d5-4e34-9018-ed9a6fe6a137,3775564,FA Women's Super League,2020/2021,0
0d4ce73b-e03b-418d-a322-89e07b32a533,3775564,FA Women's Super League,2020/2021,0
4e3ce7eb-fdd4-4ee9-9108-64a6b26323ec,3775564,FA Women's Super League,2020/2021,0
49ce4529-1dab-49c3-9804-f2d1bb4c389e,3775564,FA Women's Super League,2020/2021,0
364da3c3-db5f-4116-bcea-319d7f24b856,3775564,FA Women's Super League,2020/2021,0
301d76b1-647b-4e7d-9e10-871120fe1898,3775564,FA Women's Super League,2020/2021,0
34512a17-1200-447f-84f3-423247e87934,3775564,FA Women's Super League,2020/2021,0
3065f29a-bfa1-4ecf-b829-d2d4d8cf6914,3775564,FA Women's Super League,2020/2021,0
ef87dd2f-ccd2-41a4-b0bb-ea72551fe110,3775564,FA Women's Super League,2020/2021,0
ebce4d10-299f-470e-9f54-8144cd26c45a,3775564,FA Women's Super League,2020/2021,0
f3224f40-fcef-4d4b-a86d-569cea7f0cea,3775564,FA Women's Super League,2020/2021,0
0b2f04a3-8f9a-4f60-8d2c-7f96939653c3,3775564,FA Women's Super League,2020/2021,0
c63ae5bc-1451-4f1d-a8bf-be0cb10e52ac,3775564,FA Women's Super League,2020/2021,0
e44b4d78-0852-4704-bb6e-1522b247f00a,3775564,FA Women's Super League,2020/2021,0
9653bc28-b5b9-44c3-9fa5-e8717b93cdef,3775564,FA Women's Super League,2020/2021,0
2b10f189-9fdb-4bb0-be50-0f20d21c4baf,3775564,FA Women's Super League,2020/2021,0
b9c17ea1-26aa-4fca-abd6-dd45935bfbc9,3775564,FA Women's Super League,2020/2021,0
a7ee23e3-4c32-40a7-916f-170ea7285300,3775564,FA Women's Super League,2020/2021,1
5301cb22-9ca7-4046-ad1f-16c54bc76379,3775569,FA Women's Super League,2020/2021,1
babbb04f-e2bb-478f-b9e9-466e26be446b,3775569,FA Women's Super League,2020/2021,0
f28a7160-fa8d-406b-8ae6-899c0d6d0ebd,3775569,FA Women's Super League,2020/2021,0
7e1c7eb5-6f5c-4588-be88-bb1450520d5b,3775569,FA Women's Super League,2020/2021,0
51330c3a-8174-4d77-a396-f6669c72ecc4,3775569,FA Women's Super League,2020/2021,0
96702663-333d-4f0f-aff8-d10fa9a601da,3775569,FA Women's Super League,2020/2021,0
1ad6df9f-6714-43f5-86c7-c9b7e1c80f20,3775569,FA Women's Super League,2020/2021,0
cc9614b6-b05c-4394-b452-2a68a40005d7,3775569,FA Women's Super League,2020/2021,0
3375bc0e-a325-4e32-bab9-1f2bb9eb1fa7,3775569,FA Women's Super League,2020/2021,1
e15686b1-ef60-4b2e-bd40-24235559907f,3775569,FA Women's Super League,2020/2021,0
775deab6-7136-4ef0-8f18-4315c4f9b7ee,3775569,FA Women's Super League,2020/2021,0
88aadb5e-80f1-4097-9d50-2c85c0bb1a83,3775569,FA Women's Super League,2020/2021,0
6e11231f-0630-4dff-b299-716893b5c8be,3775569,FA Women's Super League,2020/2021,0
90331549-503e-452c-91df-51f895af27af,3775569,FA Women's Super League,2020/2021,0
38566c62-e96a-4ab3-9ea8-fc23f601de6e,3775569,FA Women's Super League,2020/2021,1
f5239247-90d1-4eea-8135-f2338457ec88,3775569,FA Women's Super League,2020/2021,0
c5f2e3af-c1f2-4781-9df5-9fe9437946a4,3775569,FA Women's Super League,2020/2021,1
fb8c1218-2ca6-4f81-b3b1-3dbc66d4a595,3775569,FA Women's Super League,2020/2021,0
fff5e62b-cccb-4d82-aef3-5c0d39d8f544,3775569,FA Women's Super League,2020/2021,0
1ace4fdf-86c9-433f-a6e6-62c4d9414983,3775569,FA Women's Super League,2020/2021,0
cc61e441-525a-4413-a2ee-c8f27d23379e,3775569,FA Women's Super League,2020/2021,0
bf148a5c-8e50-475a-8dec-4efad83789d5,3775569,FA Women's Super League,2020/2021,0
4c6a3fea-ab09-465c-8016-91a8c65b5d9f,3775569,FA Women's Super League,2020/2021,0
ff1a0d01-e447-452d-8152-b79dc21e239e,3775569,FA Women's Super League,2020/2021,0
431019e0-5efa-4ed1-9202-14ec74a82321,3775569,FA Women's Super League,2020/2021,0
1f6fadf9-7540-4aaf-a72f-11f5dd7548ef,3775569,FA Women's Super League,2020/2021,0
7dacb8d2-ff86-4f7f-a7b4-f3b6072a5491,3775569,FA Women's Super League,2020/2021,0
afc7df3e-86db-4426-bb99-15c1310982b7,3775569,FA Women's Super League,2020/2021,0
07e0e9a3-2f4a-4f14-bdb4-9dd9af295215,3775569,FA Women's Super League,2020/2021,0
de94e96f-35e4-4fd1-a3f6-f0f66027aca4,3775569,FA Women's Super League,2020/2021,0
980a89a2-a551-4ab5-98d6-7f5b7bcf03e0,3775569,FA Women's Super League,2020/2021,0
20689fc8-4f11-48ca-998f-085a8a1d28ea,3775569,FA Women's Super League,2020/2021,0
d8d47d39-9238-4d38-b278-d865fd8923c1,3775548,FA Women's Super League,2020/2021,0
1611dbe7-f654-4802-aead-2d77f476e0bf,3775548,FA Women's Super League,2020/2021,0
5980c171-1bb2-41ab-8bde-ee1e20052d4e,3775548,FA Women's Super League,2020/2021,0
440870d5-0aeb-4f28-8560-aafced829d99,3775548,FA Women's Super League,2020/2021,0
7ef11095-1427-4ffe-9205-af8b31bffee0,3775548,FA Women's Super League,2020/2021,0
88b8c1d7-5bdf-4d92-aab6-19f1911e05a6,3775548,FA Women's Super League,2020/2021,0
02bf7416-b33b-462d-8188-9a10c71ce076,3775548,FA Women's Super League,2020/2021,0
805c0176-dba2-4606-95ce-2bc9ac0a0e3c,3775548,FA Women's Super League,2020/2021,0
0d44e475-3646-4896-a308-199cbc4005ef,3775548,FA Women's Super League,2020/2021,0
b2185685-ac66-4f1a-9664-5a4a993e4faf,3775548,FA Women's Super League,2020/2021,1
764a4ec4-15b5-48f0-8f91-06b1f88b5bb9,3775548,FA Women's Super League,2020/2021,0
7bb8b0c0-1287-45ec-8e9a-4d9cfc100c92,3775548,FA Women's Super League,2020/2021,1
5bd6d043-ada3-43c1-be70-430a7ddba831,3775548,FA Women's Super League,2020/2021,0
0c41031c-0039-4fc8-ab17-540c5e439aaf,3775548,FA Women's Super League,2020/2021,0
493d5b92-ac26-405e-ae97-e8fb23d64037,3775548,FA Women's Super League,2020/2021,0
85fb4f45-d4a8-4403-8441-1bd32088e1f4,3775548,FA Women's Super League,2020/2021,0
cd8f32ac-8f95-4579-83b1-80089726c97b,3775548,FA Women's Super League,2020/2021,1
f0812d72-4796-4ba6-889d-73cdc1010c7b,3775568,FA Women's Super League,2020/2021,0
04561e0b-aea7-42cc-94ee-0b3133925e1b,3775568,FA Women's Super League,2020/2021,0
291fae50-5d96-43df-8d66-da4f5c6e7ab7,3775568,FA Women's Super League,2020/2021,0
5373e0eb-6256-4cbe-a441-0e0ec09984d6,3775568,FA Women's Super League,2020/2021,0
ef9dcac4-ef96-4e44-beea-77deed4f9232,3775568,FA Women's Super League,2020/2021,0
812f1593-5077-42f3-81e9-875b7314d280,3775568,FA Women's Super League,2020/2021,0
566ad282-e06c-4f11-b221-d1a3508295b9,3775568,FA Women's Super League,2020/2021,1
6794479b-1463-4dc6-9694-6958e12b8ced,3775568,FA Women's Super League,2020/2021,0
2b056319-470c-4011-94bb-6342abc2383c,3775568,FA Women's Super League,2020/2021,0
8e51d7c5-ea91-494d-8ff3-65b0b1eaa155,3775568,FA Women's Super League,2020/2021,0
18475269-65a0-4899-9abc-e6ae358807e7,3775568,FA Women's Super League,2020/2021,0
c8ecf4db-d71e-48b3-b970-59c200a885c8,3775563,FA Women's Super League,2020/2021,1
20c814c1-d661-4634-bbb4-f4d826d6223e,3775563,FA Women's Super League,2020/2021,0
fbd6308b-a47f-48e5-8752-38cde3c21b8c,3775563,FA Women's Super League,2020/2021,0
c78db4fe-dd4b-409b-8a8d-704f66f53193,3775563,FA Women's Super League,2020/2021,0
10289acb-edd1-4828-b7ee-b4148922363c,3775563,FA Women's Super League,2020/2021,0
aee7deb3-8fdf-4daa-b142-9da99a6e773c,3775563,FA Women's Super League,2020/2021,0
8c777cad-6524-4fff-90e4-80f8d9caca2d,3775563,FA Women's Super League,2020/2021,0
4aa95ed3-4733-4808-b85f-ea613876695b,3775563,FA Women's Super League,2020/2021,0
5885354b-94d1-4fcb-bc81-09d564311311,3775563,FA Women's Super League,2020/2021,0
0c8478ad-9786-4a51-af6c-bebe4a58d14b,3775563,FA Women's Super League,2020/2021,0
65620bd1-e66a-4e0e-b96b-41267f89f6d8,3775563,FA Women's Super League,2020/2021,0
1a839fab-dca0-4cea-b281-f5bc08bab266,3775563,FA Women's Super League,2020/2021,0
3e3168fc-d78a-4ec5-8e08-c62e31f122bf,3775563,FA Women's Super League,2020/2021,0
3edd5aa8-32ca-4095-8c3d-d3eaf179c617,3775563,FA Women's Super League,2020/2021,0
58f8cfe0-05e2-406d-bd2b-6ce351428d2b,3775563,FA Women's Super League,2020/2021,0
529d2265-7bee-42b9-a4ac-cfa753ec0252,3775563,FA Women's Super League,2020/2021,0
49ba31dd-0fc9-4193-aa63-f9fe27055143,3775563,FA Women's Super League,2020/2021,0
2abdc606-ebb5-4e93-8551-4ce4b3dc3553,3775563,FA Women's Super League,2020/2021,0
d04b2f3b-ba53-40b0-b8ac-18e3fd457d67,3775563,FA Women's Super League,2020/2021,0
3626f28e-80da-4b1c-a19b-8b54bd722f01,3775563,FA Women's Super League,2020/2021,0
14d92339-61b8-4d07-b319-8ee4ccf8a1b4,3775563,FA Women's Super League,2020/2021,0
4492af2c-066f-4525-94bd-2c8a3a4c4e03,3775563,FA Women's Super League,2020/2021,0
a2b117de-3aa3-4664-9a64-4b055bc2b5fd,3775563,FA Women's Super League,2020/2021,0
fb0b0cd7-9417-4616-bf00-21b62d6728be,3775563,FA Women's Super League,2020/2021,1
4ce84712-afcd-4e46-a8e6-f89c608d85b0,3775563,FA Women's Super League,2020/2021,0
c4870aea-9830-4600-b8a9-3b436b204488,3775555,FA Women's Super League,2020/2021,0
c90f45b4-49ae-4f04-9f5f-a3693b55b1be,3775555,FA Women's Super League,2020/2021,0
5d926f6c-5060-40fa-b659-d7e992ffc556,3775555,FA Women's Super League,2020/2021,0
42cee157-19b8-48b8-b414-c9426b5d43c8,3775555,FA Women's Super League,2020/2021,0
fadea344-0356-4bae-b332-fdc7088693e1,3775555,FA Women's Super League,2020/2021,0
339a9f33-4cba-43fe-9ad0-e2d91755d8f7,3775555,FA Women's Super League,2020/2021,0
834916d2-88fb-49ca-9629-8392abc7d662,3775555,FA Women's Super League,2020/2021,0
7684e4ab-a0bf-4d1b-8021-85b0fbc1f883,3775555,FA Women's Super League,2020/2021,0
cf48926a-484f-447a-9f40-361f098b4cc1,3775555,FA Women's Super League,2020/2021,0
a15b94f5-ce8f-45e8-baa7-09405aa619a2,3775555,FA Women's Super League,2020/2021,0
f832d0f6-8a8c-431b-8715-411fdf7d8939,3775555,FA Women's Super League,2020/2021,0
802e4fb4-cdd7-4193-8817-15a5be0e57b3,3775555,FA Women's Super League,2020/2021,0
031a1820-195d-4248-8079-77a50d6a2945,3775555,FA Women's Super League,2020/2021,0
2d9e6032-2f70-4713-8b1a-fd37ce53691f,3775555,FA Women's Super League,2020/2021,0
d3885db5-2848-4f0c-b308-9a94a99daf2b,3775555,FA Women's Super League,2020/2021,1
ff7c79cb-1069-4eba-88f5-e9f92625b6be,3775555,FA Women's Super League,2020/2021,0
b07376f2-e36a-4051-9da6-4c571b1237ef,3775555,FA Women's Super League,2020/2021,0
720b3980-eeb5-46a0-bc5f-3d593435af71,3775555,FA Women's Super League,2020/2021,0
24a4741d-fe40-4329-8bbf-03b290dbe52f,3775555,FA Women's Super League,2020/2021,0
56957b2e-9f10-48d7-a604-3a8e7d6fc3cb,3775555,FA Women's Super League,2020/2021,0
afcd6cd3-2327-4c71-9b3e-fde5e9fbe4be,3775555,FA Women's Super League,2020/2021,1
08ad1eef-8b57-48be-bb40-7b1f7a7b553d,3775555,FA Women's Super League,2020/2021,0
957ebc27-ea19-46e2-a4f3-d067cdcf8d44,3775555,FA Women's Super League,2020/2021,0
56fec686-4f81-4f3c-bb32-9a81ecc6f3a7,3775555,FA Women's Super League,2020/2021,0
94944f6c-b421-4751-a6bb-955667f2c9f7,3775555,FA Women's Super League,2020/2021,0
702c1a09-f4d0-4b3d-bef1-969219496306,3775555,FA Women's Super League,2020/2021,0
50794813-3688-4c79-9982-824b41af1b1f,3775549,FA Women's Super League,2020/2021,0
5cf7048f-cbf0-4a9c-b322-49a8b081eb93,3775549,FA Women's Super League,2020/2021,0
1651f877-9e61-424a-a3cf-6471523c4e30,3775549,FA Women's Super League,2020/2021,0
ffff4fb7-1a82-4ed0-9a06-a0de188e903d,3775549,FA Women's Super League,2020/2021,0
61dc158d-f777-4a1f-8eb5-42e35abab6d3,3775549,FA Women's Super League,2020/2021,0
284f8832-0d16-4d87-bbe2-7849f57bd26c,3775549,FA Women's Super League,2020/2021,0
eb82b502-acfa-48a9-82fe-8faadd2a3c0f,3775549,FA Women's Super League,2020/2021,0
97efa489-1c63-4c54-b075-f0fdaff17b71,3775549,FA Women's Super League,2020/2021,0
85c31e24-c4c1-4661-89e5-11c4d4ccbbc9,3775549,FA Women's Super League,2020/2021,0
0943b0a1-6e1c-4055-a53d-e7ed8155c2cc,3775549,FA Women's Super League,2020/2021,0
bdfad511-eccd-4ef3-baea-c5dcfc8da0d3,3775549,FA Women's Super League,2020/2021,1
7387aabb-041d-4607-952e-0b2f1936a31d,3775549,FA Women's Super League,2020/2021,0
00939b5b-415c-415e-8a0d-75610097b55b,3775549,FA Women's Super League,2020/2021,0
e4f7ea4f-8012-42f7-a4ea-45ac6b1765be,3775549,FA Women's Super League,2020/2021,0
8e63acac-2b3c-4e79-a3dc-cbf711272f97,3775549,FA Women's Super League,2020/2021,0
4eda834a-ffae-4e44-ab86-27d6bd5d65f1,3775572,FA Women's Super League,2020/2021,1
68f897cb-7213-4713-bc13-ca65f6a719aa,3775572,FA Women's Super League,2020/2021,0
ad1a14f2-ef14-4925-8f87-dc4b38ac506c,3775572,FA Women's Super League,2020/2021,0
97607d04-257d-41d9-a509-4b8f1df36870,3775572,FA Women's Super League,2020/2021,0
7adc45d1-aa75-4f12-a079-42fd95bd16ad,3775572,FA Women's Super League,2020/2021,0
170e009b-2221-4d9a-b3b7-5adf37bc7a00,3775572,FA Women's Super League,2020/2021,0
98b9b6f0-b96f-461f-944c-8b86bf7e5c4b,3775572,FA Women's Super League,2020/2021,0
852f6271-c628-4aae-b7af-6af0a920c85f,3775572,FA Women's Super League,2020/2021,0
0400b473-1b79-4aef-bd97-dd98888e76b1,3775572,FA Women's Super League,2020/2021,0
0e6aa1c8-aec6-4954-936f-5320ec3ffd39,3775572,FA Women's Super League,2020/2021,0
724cd925-dd99-43d9-8c11-7724ca193881,3775572,FA Women's Super League,2020/2021,0
3ecbad05-6689-4dd6-b202-d3e981938a94,3775572,FA Women's Super League,2020/2021,0
49bc0b43-02f9-4029-bf8f-5416cefcdf4e,3775572,FA Women's Super League,2020/2021,0
f28c9adc-0015-4ab2-b970-d36a70c70965,3775572,FA Women's Super League,2020/2021,0
e1b81c1f-270f-48dd-b49f-85c7f30e952b,3775572,FA Women's Super League,2020/2021,0
f6c3f80a-4155-4d63-b731-9651bdb5ea89,3775572,FA Women's Super League,2020/2021,0
5c785df7-5539-410c-9965-2b008d361464,3775572,FA Women's Super League,2020/2021,0
20486f0a-a7b1-425e-9281-b32c92518327,3775572,FA Women's Super League,2020/2021,0
80a0e9f5-d6bc-4147-b379-661f3d76a251,3775572,FA Women's Super League,2020/2021,0
5d83df54-3984-477a-a1aa-8f11c382f4b9,3775572,FA Women's Super League,2020/2021,0
4ac3d53b-913f-4adc-81d3-11713fb2aee5,3775572,FA Women's Super League,2020/2021,0
185d3457-8f20-4630-ac40-19842a8dd80a,3775572,FA Women's Super League,2020/2021,0
9d000312-4462-49ad-9978-3a70b135919b,3775572,FA Women's Super League,2020/2021,0
373f2910-0b3c-474f-a30a-4ce7dc60bc54,3775572,FA Women's Super League,2020/2021,0
f67a7d10-f337-4b79-b3a1-1a6604fbe1e2,3775577,FA Women's Super League,2020/2021,0
7ccc57a2-9fc6-46d3-a282-db351f6bed3e,3775577,FA Women's Super League,2020/2021,1
48f2a4b6-5c2b-4408-ae49-5260074f5f9f,3775577,FA Women's Super League,2020/2021,0
14340f17-8224-4e46-ba47-b17146f92f20,3775577,FA Women's Super League,2020/2021,0
61f48168-2b50-4a2f-b515-b93e5d530910,3775577,FA Women's Super League,2020/2021,0
4bb27e10-810f-46a6-a41a-3ffbf44551d9,3775577,FA Women's Super League,2020/2021,0
c5815e31-f319-44fd-8b93-5d9cbb08e54b,3775577,FA Women's Super League,2020/2021,0
7227f316-5083-471f-81ec-e55443f3147c,3775577,FA Women's Super League,2020/2021,0
d2de5e3a-046d-496e-864c-8b7a3bf5f660,3775577,FA Women's Super League,2020/2021,0
3edc69f0-eb33-49d3-8231-3c8ffcaaa26b,3775577,FA Women's Super League,2020/2021,0
5c6ce10c-4e8e-4536-83a2-04daccc72adc,3775577,FA Women's Super League,2020/2021,1
bb5e7923-c6c9-4a75-aae0-f4a254eb916a,3775577,FA Women's Super League,2020/2021,0
216fee43-351f-4aed-a045-84d370290d3b,3775577,FA Women's Super League,2020/2021,0
1f34df10-3445-4bde-a071-d31821741c7b,3775577,FA Women's Super League,2020/2021,0
9b4d3f08-cda2-4fa6-a0df-7f708869d651,3775577,FA Women's Super League,2020/2021,0
1dc22189-a951-476f-af0d-10bfcf0d1766,3775541,FA Women's Super League,2020/2021,0
3a4d9510-5a36-4439-8051-019a3818a780,3775541,FA Women's Super League,2020/2021,0
4f426851-07e6-40eb-b870-096e0131a3ee,3775541,FA Women's Super League,2020/2021,0
9e4843ee-9b14-433b-a39b-1e5b955147e7,3775541,FA Women's Super League,2020/2021,1
6911f725-7687-495c-a8d7-fae93e73f203,3775541,FA Women's Super League,2020/2021,0
f025be5c-82f9-4e3a-96dc-080e2a953db6,3775541,FA Women's Super League,2020/2021,0
6210b549-f1de-4471-882a-21c66ceba43b,3775541,FA Women's Super League,2020/2021,1
0af8afc6-1d34-40fe-9280-cd811f3d47c1,3775541,FA Women's Super League,2020/2021,0
608bb7ea-795e-4aa5-81e5-0974cb4e0475,3775541,FA Women's Super League,2020/2021,0
f1190cb9-2458-431e-9273-a8fe42146963,3775541,FA Women's Super League,2020/2021,0
14113a31-e910-4277-bb46-e7ee4a0d3b64,3775541,FA Women's Super League,2020/2021,1
1711a6f7-dadb-4e08-b098-703123fc3ef9,3775541,FA Women's Super League,2020/2021,0
614aeef0-8e54-417d-aa7c-343665a3f9c7,3775541,FA Women's Super League,2020/2021,0
15234010-dd30-4867-8495-fd68fe8d4e62,3775541,FA Women's Super League,2020/2021,0
bebf88a9-e814-4313-b344-87b6ed52f652,3775541,FA Women's Super League,2020/2021,0
c20ec6db-8120-458b-b055-e791da75a38e,3775588,FA Women's Super League,2020/2021,0
ce170c29-1b2f-4d04-a07f-c3658bbd5295,3775588,FA Women's Super League,2020/2021,0
5a6bc689-e907-44c4-bf8a-4dca3534a633,3775588,FA Women's Super League,2020/2021,0
0f95aac7-7a4a-4f38-8fae-7acac5bebacb,3775588,FA Women's Super League,2020/2021,0
e511a17b-2a63-4396-a647-af54cf93c646,3775588,FA Women's Super League,2020/2021,0
5eb64fc8-f4a6-4ace-8b46-f0422d8c6514,3775588,FA Women's Super League,2020/2021,0
f9d90231-fdea-46a8-ac46-609a1b4ea289,3775588,FA Women's Super League,2020/2021,0
ea19a84b-858e-4c70-9e72-70d4ce681b55,3775588,FA Women's Super League,2020/2021,0
3d13314a-c129-4c1c-be14-3d9fbb1f024f,3775588,FA Women's Super League,2020/2021,0
9feb6c6b-f413-45f4-9ad7-1faafd3ddd00,3775588,FA Women's Super League,2020/2021,0
1e8369a0-8f42-4c20-bcb6-0ec3bf0ff23a,3775588,FA Women's Super League,2020/2021,0
f4c8129a-b06f-4907-9e45-1febc7c04d17,3775588,FA Women's Super League,2020/2021,0
1d7c8add-9747-4332-a87b-eec95ff252b9,3775588,FA Women's Super League,2020/2021,0
9113fabf-ef31-48f7-9c0a-f6a7ee0cbbcd,3775588,FA Women's Super League,2020/2021,0
f323c98d-7068-4a1a-9e48-50b974ade415,3775588,FA Women's Super League,2020/2021,0
424bbffe-d3e1-4cf2-a42f-90407220f700,3775588,FA Women's Super League,2020/2021,0
cf7ec9b7-c229-4159-94b2-47267f23b7a6,3775588,FA Women's Super League,2020/2021,0
516e7674-57ef-4b51-b8b4-05507713c252,3775588,FA Women's Super League,2020/2021,0
43b7e293-ec07-4e91-9349-ad7d2c724790,3775588,FA Women's Super League,2020/2021,0
211b1b87-da17-4f57-93e5-5c723d9c79ef,3775588,FA Women's Super League,2020/2021,0
ac1f0649-cd66-40f1-9314-a24c9d10c386,3775588,FA Women's Super League,2020/2021,1
a6779f34-6e2c-46d0-8285-94196e8e3f14,3775588,FA Women's Super League,2020/2021,0
b53677b9-25b0-4de2-a90b-6dc6ceb5db9e,3775588,FA Women's Super League,2020/2021,0
aa2246c8-794f-455a-86e3-b1565964d719,3775588,FA Women's Super League,2020/2021,0
117cbd52-4185-4394-991c-7f25213cb7ea,3775588,FA Women's Super League,2020/2021,0
fc87ace9-b9cf-4029-bc6e-ada47e6918c8,3775586,FA Women's Super League,2020/2021,0
3e4e1e7c-9da2-4df2-9c63-df7ee05ee033,3775586,FA Women's Super League,2020/2021,1
8e762102-1938-4746-808a-17fd2eff6a84,3775586,FA Women's Super League,2020/2021,0
33f46a2b-d527-44e6-9d7f-b2bd510dbe55,3775586,FA Women's Super League,2020/2021,1
bffe493d-2139-4b61-8d0c-919c3f500a7f,3775586,FA Women's Super League,2020/2021,0
1785407d-068b-424b-a64f-b09afaabe96c,3775586,FA Women's Super League,2020/2021,0
be66c489-4df2-4938-b9c0-8790c2bff19e,3775586,FA Women's Super League,2020/2021,1
108715b6-104c-491e-a669-96f7c246c2c6,3775586,FA Women's Super League,2020/2021,0
daebe947-760a-477e-8cfd-c1af1c59510d,3775586,FA Women's Super League,2020/2021,1
0fafc5d1-3c2e-4be5-82e9-7503af9b47cc,3775586,FA Women's Super League,2020/2021,0
fc94b334-dfd2-48ea-aecd-7d13b3dc331b,3775586,FA Women's Super League,2020/2021,0
941c862a-2ae8-4f06-a017-2da8ade11e89,3775586,FA Women's Super League,2020/2021,0
162c6a27-e4f7-4d82-a00a-87c7958470d4,3775586,FA Women's Super League,2020/2021,0
b8165f17-d0c6-42c7-b2e1-1b1ab5a0125e,3775586,FA Women's Super League,2020/2021,1
d2b0d2ed-6a24-44b0-85bc-82584ff0d9c6,3775586,FA Women's Super League,2020/2021,0
499e70c8-1323-4d21-b4a5-4390caa5fa1f,3775586,FA Women's Super League,2020/2021,1
7310f689-31e4-4e83-8b17-d5980b512e97,3775586,FA Women's Super League,2020/2021,0
64b59b9c-0e69-4eb2-aabe-a66e70faca36,3775586,FA Women's Super League,2020/2021,0
c37b6ffb-baec-414f-add7-526103459811,3775592,FA Women's Super League,2020/2021,0
adfd5b3a-44cd-440d-badb-7d7a0bc68ad6,3775592,FA Women's Super League,2020/2021,0
8ae138a8-08d0-4287-9c84-e916d06ffa3f,3775592,FA Women's Super League,2020/2021,1
ad1fe7e8-3122-45a9-9c58-24bca9398cf6,3775592,FA Women's Super League,2020/2021,0
495ab696-dfad-4a51-9c55-c7c1a080525b,3775592,FA Women's Super League,2020/2021,0
6aef8718-90a9-4034-8dd4-499655f8c795,3775592,FA Women's Super League,2020/2021,0
2c2874ee-c6fa-4d5d-aedc-d531da30e0cf,3775592,FA Women's Super League,2020/2021,0
f8c44439-8dd1-480c-b7d3-d62cc1e8facb,3775592,FA Women's Super League,2020/2021,1
dafcce89-cd4e-4279-ae66-a5b69ed66c75,3775592,FA Women's Super League,2020/2021,0
52a8ba60-e4ba-46f3-8982-e4164854585b,3775592,FA Women's Super League,2020/2021,0
d14f5f96-df29-425d-9f8c-a56f24c3a056,3775592,FA Women's Super League,2020/2021,0
a4c16708-eef2-41e1-9814-7ee1a79806e7,3775592,FA Women's Super League,2020/2021,0
696fb547-54fc-494f-9386-7abbf9ba3c76,3775592,FA Women's Super League,2020/2021,0
7c1e4ed2-4241-4837-8476-83145ebebf0e,3775592,FA Women's Super League,2020/2021,0
8ff2ea69-2bad-463b-b006-a464982e8bcf,3775592,FA Women's Super League,2020/2021,0
5ddfd3a7-a022-4af7-ba39-65b5d22ced3a,3775592,FA Women's Super League,2020/2021,0
41e3d6b0-e996-4af0-ab9e-174330cb32f3,3775592,FA Women's Super League,2020/2021,0
94942e85-c7c1-4cd3-98cd-52ea81e51e6a,3775592,FA Women's Super League,2020/2021,0
b8d38c87-bde3-45b6-a957-bb298201f9fe,3775592,FA Women's Super League,2020/2021,0
b3f6e49b-b9f0-45b7-a75f-6bae2d3c3995,3775580,FA Women's Super League,2020/2021,0
3c5d0df5-0983-42b5-a170-a8b2adeff18c,3775580,FA Women's Super League,2020/2021,0
c576ed85-0dac-4d8f-907c-d01fa2437344,3775580,FA Women's Super League,2020/2021,0
65442212-6541-4620-99aa-9ab89dbe674a,3775580,FA Women's Super League,2020/2021,1
84970c43-2629-4ca5-8934-310d8b9a76da,3775580,FA Women's Super League,2020/2021,0
6e605a4b-24b7-4e25-a2b1-ca48ed8c4e11,3775580,FA Women's Super League,2020/2021,0
eb225574-fce1-43fe-aa59-093be8e38f13,3775580,FA Women's Super League,2020/2021,0
8870c20d-31eb-430b-9e2a-044c267d534a,3775580,FA Women's Super League,2020/2021,0
767e3c46-c52f-42e6-8b4c-f1cc8c5aa328,3775580,FA Women's Super League,2020/2021,0
5b71a36c-e6c4-49bb-9e87-3207d318ee8b,3775580,FA Women's Super League,2020/2021,0
359f030c-364f-4c12-a6ae-c382e5b47c57,3775580,FA Women's Super League,2020/2021,0
42f286d0-36e0-4a83-aa92-add667c52930,3775580,FA Women's Super League,2020/2021,0
59a5fb60-9326-471c-8977-0d5f37d1cb1c,3775580,FA Women's Super League,2020/2021,0
6c24a45d-8dcb-4b90-8934-3da295b5d5f9,3775580,FA Women's Super League,2020/2021,0
1e32218f-dc7b-4016-b797-d591cd60c60e,3775580,FA Women's Super League,2020/2021,0
80a95365-bd22-4d2d-a28c-727a1680dbd9,3775580,FA Women's Super League,2020/2021,0
ce727a35-ff17-40ba-aef6-b602305b0669,3775580,FA Women's Super League,2020/2021,0
88678a0d-cd80-4afc-8f71-51fcd5e538ac,3775591,FA Women's Super League,2020/2021,0
4f29c4c0-9534-445e-9916-a697c7b0d854,3775591,FA Women's Super League,2020/2021,1
4919a472-7c6a-4746-8e10-d17e0815a624,3775591,FA Women's Super League,2020/2021,0
6c4b29ff-6549-422c-b3f5-a6c7b1e78d2c,3775591,FA Women's Super League,2020/2021,0
7b76f84a-c4a2-41a4-aa5d-f8a2be7422e8,3775591,FA Women's Super League,2020/2021,0
9aaee8ba-8fc8-4252-9c28-3bacb7df1591,3775591,FA Women's Super League,2020/2021,0
28d9ba9b-0915-43a3-b966-5d69e475c78a,3775591,FA Women's Super League,2020/2021,0
892abc32-0d0d-4860-8c7c-b8cc3e9b0dc2,3775591,FA Women's Super League,2020/2021,0
3f5774d4-299b-4bd5-a297-384b238a88d9,3775591,FA Women's Super League,2020/2021,0
3e51be43-fe31-49c3-9033-03f0c6c77428,3775591,FA Women's Super League,2020/2021,0
b23634c1-f8eb-4214-bb25-734c31463e44,3775591,FA Women's Super League,2020/2021,0
65ea5ba4-e4da-4c67-ab5f-c3ef2d9052b7,3775591,FA Women's Super League,2020/2021,1
6a85fc5a-288e-4d54-86f0-7d7cb32a2691,3775591,FA Women's Super League,2020/2021,0
634b965a-69a4-4bc6-8fb7-f6c5a38fdd4f,3775591,FA Women's Super League,2020/2021,0
039bab0c-a892-46b5-9840-a57db53ea775,3775591,FA Women's Super League,2020/2021,0
392212cd-ab76-4877-bfcc-81f26dbc4dea,3775591,FA Women's Super League,2020/2021,0
e59916ef-48ea-4d2c-854a-973d852ab1fb,3775591,FA Women's Super League,2020/2021,0
037ecf39-2114-483c-9c13-92f91cf56088,3775591,FA Women's Super League,2020/2021,0
7611ac09-9033-49be-92ee-fc8de079d7fe,3775591,FA Women's Super League,2020/2021,0
ebcc968d-838e-494a-8776-72a1fd808c72,3775591,FA Women's Super League,2020/2021,0
f517ca1e-45ab-4974-9462-8379059883d2,3775591,FA Women's Super League,2020/2021,0
fa7b94ef-5bf1-49af-a509-6444a95389ae,3775590,FA Women's Super League,2020/2021,0
64207940-2f5f-41ff-ae97-70ee81bc8035,3775590,FA Women's Super League,2020/2021,0
192830fd-b8cc-40e8-8b59-b8137ba04b7c,3775590,FA Women's Super League,2020/2021,0
827b80e2-f290-40a4-a5bc-f264572c1f20,3775590,FA Women's Super League,2020/2021,0
db1529a4-c1a6-4369-b96c-41d43ad72c86,3775590,FA Women's Super League,2020/2021,0
4ddd5be9-6722-4397-b967-1e80da852ecc,3775590,FA Women's Super League,2020/2021,0
af555e0f-3a6e-4ecc-ae19-a060640ba2e0,3775590,FA Women's Super League,2020/2021,0
5de8588f-ad82-4350-8160-847450f0658f,3775590,FA Women's Super League,2020/2021,0
cd7934b1-8577-4e83-a42a-53a724bec775,3775590,FA Women's Super League,2020/2021,1
3b9cd990-e9e6-45dd-a04f-56296b4a77d8,3775590,FA Women's Super League,2020/2021,0
35aa3a1a-d6d9-4c39-9e50-0f215d15fd6e,3775590,FA Women's Super League,2020/2021,0
ddeb0239-cab5-4dc8-b8c1-9ba1a9d0f742,3775590,FA Women's Super League,2020/2021,0
d8b0692a-1437-4a60-9f14-fafb7ba34112,3775590,FA Women's Super League,2020/2021,0
67361dbb-2062-4841-932e-b8d369217b58,3775590,FA Women's Super League,2020/2021,0
cbd77164-f7f5-40ea-8684-5ac84e22fc34,3775590,FA Women's Super League,2020/2021,0
d5dfb248-3b7c-463c-ab60-478790255a93,3775590,FA Women's Super League,2020/2021,0
0bd3bb2d-c28a-4d79-94f4-5f28d163f92e,3775590,FA Women's Super League,2020/2021,0
56154d9f-2b31-435b-a848-d02a8656c75b,3775571,FA Women's Super League,2020/2021,0
48aba16c-3b57-44dc-888a-8aa15a03119d,3775571,FA Women's Super League,2020/2021,1
43352bf7-8826-4ea4-91ba-6707d24fc02c,3775571,FA Women's Super League,2020/2021,0
cd694261-c0e5-4629-a4fb-038b3164c1f6,3775571,FA Women's Super League,2020/2021,0
7d91707c-5287-43df-8631-00339abf8b0f,3775571,FA Women's Super League,2020/2021,0
ec441f22-cd48-4908-a885-d2d5dac65c65,3775571,FA Women's Super League,2020/2021,0
abd66fe6-6bbc-4015-b2dc-2bc8576abdf7,3775571,FA Women's Super League,2020/2021,0
e5bfc547-b2b5-484d-a8c7-fa332ee37439,3775571,FA Women's Super League,2020/2021,0
df1d8bbf-fcc8-4768-8a85-7547f962354d,3775571,FA Women's Super League,2020/2021,0
7e799491-baf2-4222-8a49-f73c9e212084,3775571,FA Women's Super League,2020/2021,0
1f17ef2e-49bf-4bfa-af81-bd1842636651,3775571,FA Women's Super League,2020/2021,0
036ba2dc-2335-4150-a0a1-b9d6e06f3fe8,3775571,FA Women's Super League,2020/2021,0
26735c11-5fd3-410b-bacb-975aa3f303bf,3775571,FA Women's Super League,2020/2021,0
da026b9d-0bbd-4782-8132-b8bdfea33c2f,3775571,FA Women's Super League,2020/2021,0
c9a2f4b7-e335-44bc-b56a-eaec3220f6ac,3775571,FA Women's Super League,2020/2021,0
600c6b9d-ae28-4285-8d65-45139916c10e,3775571,FA Women's Super League,2020/2021,0
b08acfb4-6acb-46ee-afe3-c151f89f7bea,3775571,FA Women's Super League,2020/2021,0
a0d0020c-5d07-4fe3-bb56-73af5b2e51ba,3775571,FA Women's Super League,2020/2021,1
b133751d-3c5a-4cde-acf9-ecace32265c2,3775571,FA Women's Super League,2020/2021,1
688746db-deb2-454c-bdf2-dc2420f8cced,3775571,FA Women's Super League,2020/2021,0
8f331f3f-297d-4e42-ac99-db3cb28435a3,3775571,FA Women's Super League,2020/2021,0
bb10f25d-b33b-4104-8c43-e82a014da693,3775571,FA Women's Super League,2020/2021,0
1f164934-f0dd-499a-aafa-d9c3dde76227,3775571,FA Women's Super League,2020/2021,0
5909fb6b-a704-41a9-958e-88dea64ed4bc,3775571,FA Women's Super League,2020/2021,0
95dc3b83-10da-44d0-8c31-c172f0aa9ad0,3775571,FA Women's Super League,2020/2021,0
3c8d92cd-16ca-4935-8c6e-65a5529fa177,3775571,FA Women's Super League,2020/2021,0
f2efd35a-6cae-4e5f-8168-84251d7008d6,3775571,FA Women's Super League,2020/2021,1
858b2165-61c5-4098-ac9a-7963f57c747f,3775571,FA Women's Super League,2020/2021,0
c677b50b-256e-40c3-8197-e0bbf6568ba2,3775571,FA Women's Super League,2020/2021,0
21580538-8733-4b52-a40e-e7460e1d13f1,3775571,FA Women's Super League,2020/2021,0
3a8826c2-83ab-41c8-8e7c-20acce8c8725,3775571,FA Women's Super League,2020/2021,0
00eea2c2-5f17-46dc-85e2-f94f5daa9383,3775571,FA Women's Super League,2020/2021,0
cab1c323-26bc-440b-93b2-7d524b39df3d,3775571,FA Women's Super League,2020/2021,0
c75733ee-ee8a-4be8-8141-e5b7f3c7b6d5,3775589,FA Women's Super League,2020/2021,1
8eb0fef1-94af-4dc4-bf66-056bae721ef1,3775589,FA Women's Super League,2020/2021,0
78f613d3-c1ca-4401-ab20-6ea4223cea05,3775589,FA Women's Super League,2020/2021,0
5b4e8897-7800-4606-a85e-e93a4986b2b5,3775589,FA Women's Super League,2020/2021,0
231fec29-f5d8-417f-aa20-7fd0a0af606e,3775589,FA Women's Super League,2020/2021,0
b7128705-bb0e-43e3-8565-4da5c75cbc0d,3775589,FA Women's Super League,2020/2021,0
a7c93bd7-b784-449a-bfd5-7c0755c4e7c5,3775589,FA Women's Super League,2020/2021,1
f5d0fee3-61d2-4a90-bd17-70f017a3d922,3775589,FA Women's Super League,2020/2021,0
5d7ba681-add2-445a-ab5f-3247723f3db4,3775589,FA Women's Super League,2020/2021,0
9bfc99df-1e45-4198-9f07-23bbfc54b030,3775589,FA Women's Super League,2020/2021,0
f2196d44-3ff9-4427-b870-5451799bfcb3,3775589,FA Women's Super League,2020/2021,0
88b70757-f2a2-4515-8b96-8bcfd15584c2,3775589,FA Women's Super League,2020/2021,0
14532dc9-915f-46e2-aa18-0a9eeb641527,3775589,FA Women's Super League,2020/2021,0
3ca3e529-1656-433a-a5fa-0fe0b0813df4,3775589,FA Women's Super League,2020/2021,0
3a1b883f-1ff9-4452-950f-c957e0686697,3775589,FA Women's Super League,2020/2021,0
98ed89cb-b24d-4d68-8770-32ad665c6fa5,3775589,FA Women's Super League,2020/2021,0
6e9d2eda-c624-4a3e-a7fc-a539b1239cd1,3775589,FA Women's Super League,2020/2021,0
89615bbf-cec5-414f-a26a-1fda55f65020,3775578,FA Women's Super League,2020/2021,0
39e38f5e-2181-4230-8c7b-098d5baddee5,3775578,FA Women's Super League,2020/2021,0
d6297069-92af-4d58-bf2b-45bc008381ae,3775578,FA Women's Super League,2020/2021,0
62476adb-bc25-4bc4-b036-3aef73f38a23,3775578,FA Women's Super League,2020/2021,0
90114885-dd7d-4ef9-beb5-a6a7ec5cdcfe,3775578,FA Women's Super League,2020/2021,0
7aacfb80-d794-41b5-913d-4527b81fce8f,3775578,FA Women's Super League,2020/2021,0
edf34f05-6e87-4fa6-ba87-1cb099c0b359,3775578,FA Women's Super League,2020/2021,0
d5c73f0b-d035-43f9-b0f2-a831c2b79239,3775578,FA Women's Super League,2020/2021,0
ceac6240-516d-4e4a-b59d-449a42fcf537,3775578,FA Women's Super League,2020/2021,1
321a0b75-1709-4d49-9a03-2a3000780888,3775578,FA Women's Super League,2020/2021,0
ca1c3e2b-650c-47dd-a6b3-e2bfb309f82b,3775578,FA Women's Super League,2020/2021,0
3076e119-9c44-4017-8299-d88073f0423d,3775578,FA Women's Super League,2020/2021,0
b1c53c9f-af75-41d9-b1b3-8527e799ff65,3775578,FA Women's Super League,2020/2021,0
7a6e1758-4b2d-485b-a7b9-8dbdd53766df,3775578,FA Women's Super League,2020/2021,0
ad6c2ff6-d98d-4c71-9d70-4ed2aead61eb,3775578,FA Women's Super League,2020/2021,0
1058bb99-0277-47b7-a911-85184e733e1a,3775578,FA Women's Super League,2020/2021,0
ae8fec8b-401a-449f-a934-9f3e601bd8f1,3775578,FA Women's Super League,2020/2021,1
b032c92c-9f9e-4063-a21e-48dc222ad96e,3775578,FA Women's Super League,2020/2021,0
fa248869-70ef-4987-b234-8f6334b4fe17,3775578,FA Women's Super League,2020/2021,0
704734eb-9e3a-4f60-8ea0-a8e77bf24478,3775578,FA Women's Super League,2020/2021,0
83632636-e0e9-4a0f-b9a8-b631589d6fe1,3775578,FA Women's Super League,2020/2021,0
245c62b4-8c37-4bf2-a62f-d161bb507f65,3775578,FA Women's Super League,2020/2021,0
b84c2221-4252-4be0-b672-c6aa06bda297,3775578,FA Women's Super League,2020/2021,0
db24043d-4a78-4eb2-81cd-7b1ac1ccc89c,3775578,FA Women's Super League,2020/2021,0
d262bdcf-28e1-4dc0-9e26-f6d368641a08,3775596,FA Women's Super League,2020/2021,0
28e15cc6-6a7d-4d26-b4e6-8b3bb432b5c4,3775596,FA Women's Super League,2020/2021,1
8b60e0ff-ba3d-4952-b19d-f3012b53b4ec,3775596,FA Women's Super League,2020/2021,0
e2bcf139-582c-40a5-8841-501f937a0997,3775596,FA Women's Super League,2020/2021,0
eb335956-7744-469b-8925-183dc551a4b0,3775596,FA Women's Super League,2020/2021,1
c3e2ee64-ede5-45a9-be4c-c3d68322d042,3775596,FA Women's Super League,2020/2021,0
b6687ecd-e204-403c-beab-8a8667fc0342,3775596,FA Women's Super League,2020/2021,0
6f5a7f65-b0d0-45cb-a238-61410cb047f5,3775596,FA Women's Super League,2020/2021,0
eb7c9ee8-966a-47a1-8189-2663f1d49560,3775596,FA Women's Super League,2020/2021,0
e6baa35f-f808-41ce-97ea-c9d6b5d3bf32,3775596,FA Women's Super League,2020/2021,0
14b865c6-75e7-4638-902b-da0e0322cfaa,3775596,FA Women's Super League,2020/2021,0
527438b8-4a09-4a08-91ba-f8e6dcbb5fc2,3775596,FA Women's Super League,2020/2021,0
cad9781a-ee3e-491f-8a23-2e20b2843e24,3775596,FA Women's Super League,2020/2021,0
14e30308-a1a8-4229-a6a7-a4b7221c6441,3775596,FA Women's Super League,2020/2021,0
5b796287-82bf-486a-a767-3458971cbf6a,3775596,FA Women's Super League,2020/2021,0
16013b51-c700-4415-a654-9ba8c963c0a3,3775596,FA Women's Super League,2020/2021,0
d32e177d-9258-4da3-b4b6-486325c073f7,3775596,FA Women's Super League,2020/2021,0
33cf587a-a048-44fb-8428-07609b184161,3775596,FA Women's Super League,2020/2021,0
d6f3d8bb-6c39-4032-8abd-70c83ccc1008,3775596,FA Women's Super League,2020/2021,0
603ef267-5962-49ae-89c3-670cd5d9e40e,3775596,FA Women's Super League,2020/2021,0
9f8c4aef-b4e7-4ad2-81d7-c4e04e9fc7e2,3775596,FA Women's Super League,2020/2021,0
f3260c06-365e-45a3-83d0-ee9ba7586c06,3775596,FA Women's Super League,2020/2021,0
52de0d4d-2511-4185-b4d0-02105f63518a,3775596,FA Women's Super League,2020/2021,0
440a6c9d-5103-49b6-bf85-80fb5dc21978,3775596,FA Women's Super League,2020/2021,0
3e4097e0-95a8-4529-977e-00cd7c649e91,3775596,FA Women's Super League,2020/2021,0
ebfae6dd-9745-48ec-9f7d-34a392613c98,3775596,FA Women's Super League,2020/2021,1
b5e6677d-30b9-4edc-9f6d-14d96ef61b9e,3775596,FA Women's Super League,2020/2021,0
54749f38-372e-4d63-8c50-f5daf38d60c4,3775596,FA Women's Super League,2020/2021,0
59f8a3a0-8719-4de3-b5f6-ff846a0e0fb6,3775576,FA Women's Super League,2020/2021,0
f973283f-d713-47a2-a1d8-22803a58227c,3775576,FA Women's Super League,2020/2021,0
e5432bef-6114-4924-9aa9-7ee2ba854145,3775576,FA Women's Super League,2020/2021,0
20168f47-00a9-4fb9-9d14-ec937ff5e62e,3775576,FA Women's Super League,2020/2021,0
be3bb18a-3265-4423-ad58-0be5bdb4a125,3775576,FA Women's Super League,2020/2021,0
99379a75-45c6-4d8e-9226-9e2579bf8649,3775576,FA Women's Super League,2020/2021,0
c9b0b83b-3490-4439-8f59-43c7fd27fd38,3775576,FA Women's Super League,2020/2021,0
12560966-c7ac-459c-8e6c-9e3e1b74be36,3775576,FA Women's Super League,2020/2021,1
d6f212c1-c52c-4e66-a0f5-9dcd57535794,3775576,FA Women's Super League,2020/2021,0
c5f840bd-d5d1-480e-a941-9410bc64b906,3775576,FA Women's Super League,2020/2021,0
edbbe42d-6c05-43a2-ab8a-b39543cea81b,3775576,FA Women's Super League,2020/2021,1
d01369e1-cf78-4258-bc68-6e557e3bd604,3775576,FA Women's Super League,2020/2021,0
d383467d-5bf0-4424-8a65-51c310089c19,3775576,FA Women's Super League,2020/2021,0
251b1cca-6576-48e0-985a-a91a885b63bd,3775576,FA Women's Super League,2020/2021,0
5756e225-11b1-488d-9527-4fc803a52582,3775576,FA Women's Super League,2020/2021,0
48447d02-afd5-49f3-8c79-65d8ce584731,3775576,FA Women's Super League,2020/2021,0
5f4f39b4-9ce2-47a5-bbbb-41b4f7f7a795,3775576,FA Women's Super League,2020/2021,0
cbba0733-9d30-410f-8502-468811595ea0,3775576,FA Women's Super League,2020/2021,0
deb7a562-1af9-4f7d-81c1-09caf5d5a7ce,3775576,FA Women's Super League,2020/2021,0
72f11e75-2886-4109-b597-eda16da9ab6a,3775576,FA Women's Super League,2020/2021,1
cb08b78f-d140-4ec5-8496-eb4a0afe8862,3775576,FA Women's Super League,2020/2021,0
149809be-6e74-4023-b600-73698d4c7296,3775576,FA Women's Super League,2020/2021,0
dab1c992-95bd-4461-9fb9-a8685c73ed22,3775576,FA Women's Super League,2020/2021,0
3b80de96-d64b-4f86-9382-436a9d5aa3f4,3775576,FA Women's Super League,2020/2021,0
241c086f-6b5b-4ab8-99aa-96cc08c6da0b,3775576,FA Women's Super League,2020/2021,0
2db3a5b8-e7d4-424c-9935-6ee49e0c1a03,3775576,FA Women's Super League,2020/2021,0
7f56c977-3929-4b04-add8-d5fed4932c23,3775576,FA Women's Super League,2020/2021,0
d77691d1-2ebb-48e8-a13e-fb26c74bf4ec,3775576,FA Women's Super League,2020/2021,0
51ec6ba7-6f13-4452-84b3-0d165a5f0299,3775574,FA Women's Super League,2020/2021,0
b7a28d02-fb89-4bbd-bbfb-cfd120595719,3775574,FA Women's Super League,2020/2021,0
30fe282b-bd70-4aa4-8430-ed06f0421fb9,3775574,FA Women's Super League,2020/2021,1
4f122181-5385-4a1e-a71e-722ef1f9c994,3775574,FA Women's Super League,2020/2021,0
4b283cff-80d6-48d2-adf7-b5411e2c0395,3775574,FA Women's Super League,2020/2021,1
019d194c-a6ca-4c0a-a219-a55ad583d5de,3775574,FA Women's Super League,2020/2021,0
470ef261-c8a7-4ff8-b00e-572d2b592561,3775574,FA Women's Super League,2020/2021,0
4f6fd19a-dd67-4f52-8431-9cc3ebb5e76a,3775574,FA Women's Super League,2020/2021,0
7a5cae1d-68e7-4d0c-9c40-1fa38101dacc,3775574,FA Women's Super League,2020/2021,0
eaac457d-a5eb-4431-93b6-135ff52276c2,3775574,FA Women's Super League,2020/2021,0
c6cd0960-84a4-4ab3-a854-24d5dd2e0f49,3775574,FA Women's Super League,2020/2021,0
9bb6592b-71af-44d8-80af-44aee70ff9ba,3775574,FA Women's Super League,2020/2021,0
fefd4d1c-10f4-4eab-bfee-8bd14f2555bf,3775574,FA Women's Super League,2020/2021,0
31c9efda-79a4-4afc-891b-1f9d5d3258a9,3775574,FA Women's Super League,2020/2021,0
d656e8d1-0340-44c3-aae3-b727c0b8eaa1,3775574,FA Women's Super League,2020/2021,0
e66f8b8d-5784-4d6c-83ce-51abea1b73c3,3775574,FA Women's Super League,2020/2021,0
466bf429-eb9c-4f1d-a439-060758580165,3775574,FA Women's Super League,2020/2021,0
af5a4865-feab-4bf7-b92a-09d906500d97,3775574,FA Women's Super League,2020/2021,0
132233ad-cff7-43c7-9d9e-60083e908989,3775574,FA Women's Super League,2020/2021,0
98e8fa12-d945-481f-9c92-6b2cb0428fbd,3775574,FA Women's Super League,2020/2021,1
396f9b4a-514f-4d7a-9ab0-96be4f599294,3775574,FA Women's Super League,2020/2021,0
0366de19-a8bf-410b-ad34-7bfd079e3631,3775574,FA Women's Super League,2020/2021,1
ea84c8ef-f367-4d91-93bd-f6104220befb,3775574,FA Women's Super League,2020/2021,0
4f1bcf3e-edac-4cb0-b7f7-ad756fa52258,3775574,FA Women's Super League,2020/2021,0
6e15ba4a-469b-4bc9-96db-df49c1c016e6,3775574,FA Women's Super League,2020/2021,0
e50c6c8f-36ab-4122-99d4-710f58a25e1b,3775573,FA Women's Super League,2020/2021,0
f8da7c3e-8b59-4b46-b498-36ce51307276,3775573,FA Women's Super League,2020/2021,0
42e9f28b-de93-49f2-abb3-de7028ed24d4,3775573,FA Women's Super League,2020/2021,0
92fdfb46-3674-484c-8ff4-f072f54533b9,3775573,FA Women's Super League,2020/2021,0
30e1369e-4d45-4a99-be08-e62217166707,3775573,FA Women's Super League,2020/2021,0
7c4599de-2217-46de-b8ba-d740d1cb5002,3775573,FA Women's Super League,2020/2021,0
ee04eb13-2709-4a8c-a4af-525af668a0e5,3775573,FA Women's Super League,2020/2021,0
c6a764fb-5c7d-4669-a17a-9ba675dd8e8e,3775573,FA Women's Super League,2020/2021,0
af06f611-7f08-45d6-a1b5-0a7c245f779c,3775573,FA Women's Super League,2020/2021,0
870a554b-37d9-471c-8658-b6c93267cddd,3775573,FA Women's Super League,2020/2021,0
bff1ca73-6703-42f5-9eb8-978b893ebed6,3775573,FA Women's Super League,2020/2021,0
e237bb5e-e07a-422a-87b8-589d1ec6f783,3775573,FA Women's Super League,2020/2021,0
71458dd7-a5e4-44cd-b5eb-1526c0d86276,3775573,FA Women's Super League,2020/2021,0
1f9bd044-c0f8-419e-94e9-7dc679d2350f,3775573,FA Women's Super League,2020/2021,0
263d41b0-6977-44cc-9646-e533994fa504,3775573,FA Women's Super League,2020/2021,0
b32cce2e-2c12-413e-a391-3e29f97103df,3775573,FA Women's Super League,2020/2021,0
f7134003-266a-4404-a200-4c78d0d076a2,3775573,FA Women's Super League,2020/2021,0
d5485108-102b-43c8-b462-a462a5810f23,3775573,FA Women's Super League,2020/2021,0
29c22875-51cf-4084-b796-dec941303538,3775573,FA Women's Super League,2020/2021,1
2bd984b1-85a2-469b-8fd0-fc114d5b6c7c,3775573,FA Women's Super League,2020/2021,0
7030c99d-12f2-4999-836d-03443ac65a25,3775573,FA Women's Super League,2020/2021,0
0d4863d9-89d4-4e34-8461-8f825ce9d18c,3775573,FA Women's Super League,2020/2021,0
b6a2e400-5675-47d0-8e7c-c4efb51baa2b,3775573,FA Women's Super League,2020/2021,0
e8ff7bf7-af1b-4c05-a13f-f4b3d2c74197,3775573,FA Women's Super League,2020/2021,0
f005f07b-67f2-4278-a06f-a627e94f4658,3775597,FA Women's Super League,2020/2021,0
b146cad2-8e15-4513-bae5-c1a11fe1da74,3775597,FA Women's Super League,2020/2021,0
21c8e7c8-d1b0-4a66-ad46-181ca82132a9,3775597,FA Women's Super League,2020/2021,0
bec2cca9-f94f-4020-8e1d-df4fe01d2a2e,3775597,FA Women's Super League,2020/2021,0
5d131b26-0984-4b36-bad2-74597cb5c285,3775597,FA Women's Super League,2020/2021,0
680238ae-4313-4be1-bf11-ab2a3e53e0d9,3775597,FA Women's Super League,2020/2021,0
abc5e83a-1f70-42a6-8b7d-d681f54f1131,3775597,FA Women's Super League,2020/2021,0
cf39050c-ff4e-4b0f-80fa-350f6e023dca,3775597,FA Women's Super League,2020/2021,0
36a5d324-07d6-4839-9faa-c073b48b33ca,3775597,FA Women's Super League,2020/2021,0
e2e5f7a8-df93-49a5-9f84-dbd1abe1cb51,3775597,FA Women's Super League,2020/2021,0
0e1d4ea9-bba7-45e7-b04b-2539967b304e,3775597,FA Women's Super League,2020/2021,0
361e929b-cf88-47c4-855b-17799243fe22,3775597,FA Women's Super League,2020/2021,1
a8b96031-d386-4a3d-bc67-f14593d78efb,3775597,FA Women's Super League,2020/2021,0
5c12fffa-3bad-4cf8-8683-8e2f53ea8e30,3775597,FA Women's Super League,2020/2021,0
9fa8db8e-40a2-4416-b364-e5017afbe3ce,3775597,FA Women's Super League,2020/2021,0
4c9086b6-cd16-4bf1-9c2a-fb6a395816c3,3775597,FA Women's Super League,2020/2021,0
eb940fa7-6871-4e92-a34e-4412becdcea9,3775597,FA Women's Super League,2020/2021,0
882e5735-98c3-44a0-828b-45d30463972d,3775597,FA Women's Super League,2020/2021,0
8d04217e-9475-4c84-be38-ca3a44d25a89,3775597,FA Women's Super League,2020/2021,0
4fa6ffcb-e43b-408a-a5a5-58a23d5f7d3c,3775597,FA Women's Super League,2020/2021,0
9f2d4860-04ea-4cb0-a6d6-8d6006e5506b,3775611,FA Women's Super League,2020/2021,0
f5683b0e-131f-45a5-b1b0-17582f721c4d,3775611,FA Women's Super League,2020/2021,0
2e8ea333-915e-40b7-893f-2f6f8f4bff58,3775611,FA Women's Super League,2020/2021,0
f5c2b13e-18ff-43c6-9efd-c15175447ff5,3775611,FA Women's Super League,2020/2021,0
1e6578ae-3aa0-489f-ad9c-34ff48a40557,3775611,FA Women's Super League,2020/2021,0
3435e338-0378-4efd-a44a-cb02ca455684,3775611,FA Women's Super League,2020/2021,0
a4bfb452-9bc1-4890-94c8-17ee05274484,3775611,FA Women's Super League,2020/2021,0
161992bc-26b5-4d07-8e04-b95588c0fef1,3775611,FA Women's Super League,2020/2021,0
ee91dde8-f3a2-41ec-baf4-e81891691a8f,3775611,FA Women's Super League,2020/2021,0
f125e0a4-3105-4da5-b892-30aed27a76e3,3775611,FA Women's Super League,2020/2021,0
e3c752bb-1270-4dd1-8914-e9772177be40,3775611,FA Women's Super League,2020/2021,0
5d9a5e9c-05c2-4129-b407-3bf3e0715c2e,3775611,FA Women's Super League,2020/2021,0
4b6f7f46-b0bd-4662-9f08-3b1c5e642537,3775611,FA Women's Super League,2020/2021,0
add2ae5f-7f8d-4296-b16a-487b64796770,3775611,FA Women's Super League,2020/2021,0
90d4f223-d18f-408c-8457-1ced3af99dc6,3775611,FA Women's Super League,2020/2021,0
d0e4cc0c-cefc-4f88-8755-00492a871924,3775611,FA Women's Super League,2020/2021,0
c91f84f6-5721-4c67-b542-58afafa0ec85,3775611,FA Women's Super League,2020/2021,1
b758c9bc-422b-4ddc-b51e-d517445f577a,3775611,FA Women's Super League,2020/2021,0
02799b43-b9dc-46b0-95d5-daec10cee0c9,3775611,FA Women's Super League,2020/2021,0
76607516-972a-46f3-8347-4c1da158ce11,3775611,FA Women's Super League,2020/2021,1
c03c064d-d9cb-4461-bbf6-d9f80dbbdc72,3775611,FA Women's Super League,2020/2021,0
ccb14071-f537-4dbe-91d9-b855b611fc3c,3775611,FA Women's Super League,2020/2021,0
cd75349d-712e-4c4b-9c18-d32c1de36cd9,3775611,FA Women's Super League,2020/2021,0
03afb31b-1ba2-4cf7-a2bd-0f8d61a13cee,3775611,FA Women's Super League,2020/2021,0
c9e3f157-5d7e-4639-b8dd-fad77b017c2a,3775611,FA Women's Super League,2020/2021,0
cb6995ea-09fc-472e-b6b5-082f23d19b63,3775628,FA Women's Super League,2020/2021,0
64fed3ca-e6ef-4281-82ef-694debb04142,3775628,FA Women's Super League,2020/2021,0
31e232aa-dc2d-496c-baeb-604be3d4559c,3775628,FA Women's Super League,2020/2021,0
a4256ae8-44a6-4ae1-b8db-20a646cc1513,3775628,FA Women's Super League,2020/2021,0
4ee62a45-c8b8-4cfe-b0e8-e3bfb27d0451,3775628,FA Women's Super League,2020/2021,0
401c8383-fc7e-46a8-95cb-a352b32e8a18,3775628,FA Women's Super League,2020/2021,0
b8e4b8f2-35f7-41e6-bb35-2ea3d08c4370,3775628,FA Women's Super League,2020/2021,0
f2c5a76e-b492-4dba-84d3-56ca806f6d32,3775628,FA Women's Super League,2020/2021,0
4c89b330-a51b-4aba-929e-b0accce1b6ea,3775628,FA Women's Super League,2020/2021,0
46ef9ca9-5b8c-441e-971c-76f27ff0cd78,3775628,FA Women's Super League,2020/2021,0
107ca439-099d-4e43-8660-dec4e6fae7ca,3775628,FA Women's Super League,2020/2021,0
09025aa7-9295-452b-8884-1efae25bb77a,3775628,FA Women's Super League,2020/2021,0
15961730-28c6-4225-84a7-1ba289770f05,3775628,FA Women's Super League,2020/2021,0
49892891-8c24-4ed1-98c1-e7cf73d36934,3775628,FA Women's Super League,2020/2021,1
e0731c40-83b5-409c-ac13-645ce24000b2,3775628,FA Women's Super League,2020/2021,0
0f8700e0-f55b-4e00-9937-00ca367bf31e,3775628,FA Women's Super League,2020/2021,1
895c4258-1b2d-4300-8e15-50209fd0e35f,3775628,FA Women's Super League,2020/2021,0
424216da-0cf0-4252-aaf9-9314fbbd9291,3775628,FA Women's Super League,2020/2021,0
83dc38a1-0417-4bbb-a57f-d7d9380537dd,3775628,FA Women's Super League,2020/2021,0
52c281ce-8800-4826-973d-26a92c77c546,3775628,FA Women's Super League,2020/2021,0
a956dfb3-019a-45c0-9444-4c63abddbda3,3775628,FA Women's Super League,2020/2021,0
7c9b7ab9-245f-44db-a587-f2333da35925,3775628,FA Women's Super League,2020/2021,0
37de90ad-524e-4e37-beb4-4b9986770fc6,3775628,FA Women's Super League,2020/2021,0
b2d4155d-ad4f-4236-865a-e5061759b14c,3775628,FA Women's Super League,2020/2021,0
09c361d2-c05f-47b5-84e2-fbabd8578ffe,3775628,FA Women's Super League,2020/2021,0
ebb4406f-7abe-44ec-a5ec-0c1a2f4ce2d1,3775628,FA Women's Super League,2020/2021,0
28c993f8-07d7-4598-8df5-75d5a6a3c476,3775628,FA Women's Super League,2020/2021,0
da786c91-5907-47f6-8d7e-bb488f6b3720,3775612,FA Women's Super League,2020/2021,1
fcba66de-eed4-410d-af14-3b4cd0ea4568,3775612,FA Women's Super League,2020/2021,0
9bf3381e-34a5-45c9-a6f1-7079944d8c7c,3775612,FA Women's Super League,2020/2021,0
bbecbf67-a891-4964-ac59-dc7646a46b97,3775612,FA Women's Super League,2020/2021,0
eb4ec56a-89e3-4c8d-87d4-6bb9ca65d9b9,3775612,FA Women's Super League,2020/2021,0
a523d042-9c63-43de-9952-698acbd77bb0,3775612,FA Women's Super League,2020/2021,0
c7e9ccfb-339e-471d-9be1-cbd6e8ffbf49,3775612,FA Women's Super League,2020/2021,0
5db05b5b-a05c-4058-b83a-3ed316d9cf14,3775612,FA Women's Super League,2020/2021,0
f8528d2c-d7b5-48ec-861d-2c91f5658d26,3775612,FA Women's Super League,2020/2021,0
5bb31677-95bc-4be2-9b06-27f680bf1469,3775612,FA Women's Super League,2020/2021,0
35684f18-5d03-4068-89de-124af18a5b5a,3775612,FA Women's Super League,2020/2021,0
71b2832d-b0bd-4608-9ca3-9cf829cfc40c,3775612,FA Women's Super League,2020/2021,0
fc066dfd-3813-48ca-9a4f-4e1e4b38fa0f,3775612,FA Women's Super League,2020/2021,0
5d2fe91c-83a1-4900-a1f7-99e7985b43ef,3775612,FA Women's Super League,2020/2021,0
36b18598-5b92-4d46-9cf9-193dd022c2a6,3775612,FA Women's Super League,2020/2021,0
1264c4cf-646e-4d61-90e2-c1982cae0817,3775612,FA Women's Super League,2020/2021,0
453698f2-6225-4997-94e3-b58620b59e25,3775612,FA Women's Super League,2020/2021,0
b0fdb39e-7a2e-4bac-9928-1a3fe582e864,3775612,FA Women's Super League,2020/2021,1
29010049-1400-4adc-bca4-c2c80b7fc94c,3775612,FA Women's Super League,2020/2021,0
de759001-e6c9-4fd8-b2f7-c56363dbc6f9,3775612,FA Women's Super League,2020/2021,0
7e44871f-33f4-4b4e-b579-f9789e7e35df,3775612,FA Women's Super League,2020/2021,0
f63ac914-2577-4f73-b4ff-14adad38e07a,3775612,FA Women's Super League,2020/2021,0
4e4556c0-e59d-4c25-84f9-f2ba7163ebb4,3775612,FA Women's Super League,2020/2021,0
3c4460a4-a90c-4ce6-8766-0bb555464888,3775612,FA Women's Super League,2020/2021,0
a7bc45a5-e958-477e-bb55-4f2a8ca3046c,3775612,FA Women's Super League,2020/2021,0
c44e520b-1f05-4e30-8dab-71b8a2ca77f4,3775627,FA Women's Super League,2020/2021,0
18c866d1-b265-4a7f-98e2-c0b2fe88f8e3,3775627,FA Women's Super League,2020/2021,0
12c2005d-9220-437b-8a32-00fa6d5def1a,3775627,FA Women's Super League,2020/2021,0
49c0a7c8-dc92-4924-b64b-ce320dec5a00,3775627,FA Women's Super League,2020/2021,0
60060283-b34b-44e0-9b61-7aed5883a8e8,3775627,FA Women's Super League,2020/2021,0
fb77bd78-1e04-4142-84a7-71f57a1e859c,3775627,FA Women's Super League,2020/2021,0
7575f4bd-c502-4045-8255-3bb1653bc18d,3775627,FA Women's Super League,2020/2021,0
49741f47-a751-4ab9-bb67-db2ff0b68d96,3775627,FA Women's Super League,2020/2021,0
a1b11c5b-3657-4f1a-bbd4-3d078f2e4879,3775627,FA Women's Super League,2020/2021,0
a6aa74b9-5b67-4309-9d07-0c4b2beeefc7,3775627,FA Women's Super League,2020/2021,0
7eb0a8c7-1c82-45d4-9851-0ed4b35873c9,3775627,FA Women's Super League,2020/2021,0
c1e134a2-a827-4cb9-ad43-3a66791399aa,3775627,FA Women's Super League,2020/2021,0
3ff602c5-3978-48b0-a815-04607a83d7f2,3775627,FA Women's Super League,2020/2021,0
8d03a584-725d-439b-97df-161e67734f3a,3775627,FA Women's Super League,2020/2021,0
da01ce2e-6028-49f3-a371-167a35e7537e,3775627,FA Women's Super League,2020/2021,0
9aaf64ac-e457-4639-bfbc-e79dbfc9255f,3775627,FA Women's Super League,2020/2021,0
68169bb3-ae2e-4957-814a-ab651a2d8c31,3775627,FA Women's Super League,2020/2021,0
168ae11d-426a-47a3-ab48-d2c1c6a43832,3775627,FA Women's Super League,2020/2021,0
95de116b-8195-4108-ae55-63bc0405df14,3775627,FA Women's Super League,2020/2021,0
344880ea-b9bd-48ca-8f81-9c152ad059ce,3775627,FA Women's Super League,2020/2021,0
277492da-7bee-4413-94bd-40ac11bacbfe,3775627,FA Women's Super League,2020/2021,1
c5689e23-88e2-41a2-947d-9d0e34d9bb08,3775627,FA Women's Super League,2020/2021,0
de885b9f-949f-4fac-85d6-84495167e78f,3775644,FA Women's Super League,2020/2021,0
6f7c86e3-3f51-406c-8326-608553d741ab,3775644,FA Women's Super League,2020/2021,0
13b8196d-4a78-467d-90bb-2c8ac38e041f,3775644,FA Women's Super League,2020/2021,0
1adc6c1c-a3b6-475a-9dbf-1072a8eb78e8,3775644,FA Women's Super League,2020/2021,0
75508d1e-bb35-4811-804a-b0873914f1e1,3775644,FA Women's Super League,2020/2021,0
176fe30a-6ec1-43b4-b1f8-532c3f061815,3775644,FA Women's Super League,2020/2021,0
fe157b18-990b-4216-92d7-e50147bb109d,3775644,FA Women's Super League,2020/2021,0
c22f6c21-3309-47dc-85f3-50be73a8ccf3,3775644,FA Women's Super League,2020/2021,0
5cb26cc6-e4b8-4712-9e0a-37d9b301485d,3775644,FA Women's Super League,2020/2021,0
f52b55a7-02ff-4275-a858-1e28c9b9da09,3775644,FA Women's Super League,2020/2021,0
45a421ad-ebda-4d58-aa31-f04871771012,3775644,FA Women's Super League,2020/2021,0
febe6a61-7a8c-4b06-8411-d5c2a8cb3560,3775644,FA Women's Super League,2020/2021,0
bc8220f7-438a-4949-b091-7b574166df4e,3775644,FA Women's Super League,2020/2021,0
40eb2d97-e4ac-44b8-ba30-f9013c5735a1,3775644,FA Women's Super League,2020/2021,0
ce8fb0b5-cbac-4417-ad76-4b2204160db5,3775644,FA Women's Super League,2020/2021,1
57704835-e7c2-4b44-b72f-d0c5275c5c49,3775644,FA Women's Super League,2020/2021,0
30edbccf-abe9-45de-b7ef-8773cf785e27,3775644,FA Women's Super League,2020/2021,0
64d15294-b27a-4781-8436-831c4252aba5,3775637,FA Women's Super League,2020/2021,0
a6e14c38-556e-4dca-981b-8a13a0653b57,3775637,FA Women's Super League,2020/2021,0
f3a39461-c5d2-4f3a-a95a-239bf7d49642,3775637,FA Women's Super League,2020/2021,0
4a5de5db-4a68-4cf9-8137-34fbd891ab0d,3775637,FA Women's Super League,2020/2021,0
7708e87a-0956-45f4-afc3-acfaec3482b1,3775637,FA Women's Super League,2020/2021,0
28809582-0eec-4055-b04b-911ee5b9ba30,3775637,FA Women's Super League,2020/2021,0
46abcd6f-3d98-41d9-80ae-7744f20e8703,3775637,FA Women's Super League,2020/2021,0
a986df77-e45f-446e-a964-4b93f947c74b,3775637,FA Women's Super League,2020/2021,1
befdadbd-d194-40e8-974e-927790423cd9,3775637,FA Women's Super League,2020/2021,0
ee6ed4ca-00e4-417d-bcb3-a9bf530bfc8f,3775637,FA Women's Super League,2020/2021,0
825f3e8d-5fcd-4810-8a78-df1cc7d1fe6f,3775637,FA Women's Super League,2020/2021,0
206d4b6d-b79e-4454-b5e6-140588c6d3ab,3775637,FA Women's Super League,2020/2021,0
e47f0c85-186a-4ce4-9ab6-e63d04774ed8,3775637,FA Women's Super League,2020/2021,0
71a75061-cbc7-45f4-836f-1b7f0d7f69c3,3775637,FA Women's Super League,2020/2021,0
7eafe945-2af8-468e-82ed-e8731b32ac52,3775637,FA Women's Super League,2020/2021,1
12d1ca54-a32b-415c-91d6-9f6566474f83,3775637,FA Women's Super League,2020/2021,0
a30d118b-5512-43bb-960a-4fec91fe1a5a,3775637,FA Women's Super League,2020/2021,1
55cbe2ad-0c18-4389-80d0-671378987cfa,3775637,FA Women's Super League,2020/2021,0
8f091cb3-ce1d-465a-aada-d023e3eb9c78,3775637,FA Women's Super League,2020/2021,1
9477a6a8-6bae-4333-ae81-69dbd84b9165,3775637,FA Women's Super League,2020/2021,0
295d36ec-edc6-4eea-af96-74df76e98c90,3775637,FA Women's Super League,2020/2021,0
e30dc989-797d-41f4-a5e1-1d634685141b,3775637,FA Women's Super League,2020/2021,0
690d0dfc-8476-45a9-8d40-ef080ea5fbfd,3775637,FA Women's Super League,2020/2021,0
b8d74480-20ff-4e82-a320-ffb35e2341fc,3775637,FA Women's Super League,2020/2021,0
4ad1e1e8-f98c-454e-94f1-c93cf385b10b,3775631,FA Women's Super League,2020/2021,0
0c2394d6-d135-458e-9962-c7124e88528b,3775631,FA Women's Super League,2020/2021,0
c1cd56d9-233a-4886-9bee-585530c88ab8,3775631,FA Women's Super League,2020/2021,0
e5a5e795-fbc2-47a1-baf2-f04a93a6bee0,3775631,FA Women's Super League,2020/2021,0
aedaeb55-4858-44e4-9e42-c121391a1e1a,3775631,FA Women's Super League,2020/2021,0
fddc2f66-69c6-48d5-a31e-5f7e1eec31fb,3775631,FA Women's Super League,2020/2021,0
29347f3b-4ac4-4eb7-8c67-9d0d5e5d551e,3775631,FA Women's Super League,2020/2021,0
dffdc9f6-a0bd-47ff-92d4-eca7651df3fc,3775631,FA Women's Super League,2020/2021,0
f6e0eaa7-4560-46fa-831a-09c6e3676402,3775631,FA Women's Super League,2020/2021,0
1b77295e-19ae-449f-9a38-d520a8360c68,3775631,FA Women's Super League,2020/2021,0
ab454b6c-ffcc-4c31-80fd-233c888c280c,3775631,FA Women's Super League,2020/2021,0
2205372a-6b5f-42d2-9871-645e69c9de04,3775631,FA Women's Super League,2020/2021,0
593405ab-1a54-4ae8-866b-d17d6922dfc1,3775631,FA Women's Super League,2020/2021,0
936172b8-0f75-48a4-9775-a300ee8e8471,3775631,FA Women's Super League,2020/2021,1
dc3e8321-4548-4f51-9396-52f57fc97cbf,3775631,FA Women's Super League,2020/2021,0
0bb55801-328f-49ca-b355-061f513e235e,3775631,FA Women's Super League,2020/2021,0
a72d00a9-37df-4b06-891c-739ce622fbdb,3775631,FA Women's Super League,2020/2021,0
85f5d69c-2d79-4c60-98c2-7d6d46b1e623,3775631,FA Women's Super League,2020/2021,0
6c5e10a6-106e-485b-9461-d77861821478,3775631,FA Women's Super League,2020/2021,0
a100425e-cc49-49b9-b06f-4a9dafb20678,3775631,FA Women's Super League,2020/2021,0
1f66bf03-492f-4421-b048-cc1f524c7057,3775631,FA Women's Super League,2020/2021,0
92ae4e49-3458-443b-a275-fe609d2fdc20,3775631,FA Women's Super League,2020/2021,1
f17c22a8-5e73-4f86-af7a-a161ad2639c1,3775631,FA Women's Super League,2020/2021,0
33e2a59e-fa0e-401a-8ed0-20b07c527a54,3775621,FA Women's Super League,2020/2021,0
afdc639e-c28c-4922-9fdf-9830a0d8fa4d,3775621,FA Women's Super League,2020/2021,0
2fc0b0f3-e0b4-499c-a7cf-52e895b1c654,3775621,FA Women's Super League,2020/2021,0
623b09a2-cb33-4ef8-8df9-b29e40f76e0f,3775621,FA Women's Super League,2020/2021,0
926cd8b2-0c7f-4aeb-b199-b368dfb291c5,3775621,FA Women's Super League,2020/2021,0
d63208f0-0664-4cb9-8c2a-08e8c98fa2e6,3775621,FA Women's Super League,2020/2021,0
7a42a76d-c723-4a42-a591-6636e081ef57,3775621,FA Women's Super League,2020/2021,0
73b78d27-75b3-4602-8ee2-e4734c376e21,3775621,FA Women's Super League,2020/2021,0
e80b9d61-1adb-4df6-a04a-78ca895d0fc0,3775621,FA Women's Super League,2020/2021,0
7e470985-f2db-4f10-8d5b-855f8e496e89,3775621,FA Women's Super League,2020/2021,0
2ab05b1f-e872-4d31-94c8-3e66af3039c8,3775621,FA Women's Super League,2020/2021,0
55dbfd35-f37c-48b3-84b7-067f9b8a3980,3775621,FA Women's Super League,2020/2021,0
c8f22201-2d08-4018-a8c8-5298b97b795a,3775621,FA Women's Super League,2020/2021,0
62260050-7180-474c-b34d-594b7cc1f7a6,3775621,FA Women's Super League,2020/2021,0
8d22487c-d501-4799-8236-f0b5a541f30d,3775621,FA Women's Super League,2020/2021,1
6ad85ae3-cdb1-4efe-8843-007ccf6e8f48,3775621,FA Women's Super League,2020/2021,0
00c1a776-53ab-40a7-8b54-5895535f5d4e,3775621,FA Women's Super League,2020/2021,0
cf01f726-7c7c-4c74-bfd6-75b2dc364d14,3775621,FA Women's Super League,2020/2021,0
d8d760ef-a3ab-4f80-b9c2-74b0db505275,3775621,FA Women's Super League,2020/2021,1
9a49394d-bb7b-4f87-9e68-57087dafec53,3775621,FA Women's Super League,2020/2021,0
47149862-32e4-4284-972f-9980b29654c7,3775621,FA Women's Super League,2020/2021,0
1fb76453-d648-4620-9123-07c31481e3bc,3775621,FA Women's Super League,2020/2021,0
c9f9c872-1efa-4906-b080-ae859396da9b,3775621,FA Women's Super League,2020/2021,0
f0ef74e9-c8f9-4ad9-a0de-76a436cd992e,3775621,FA Women's Super League,2020/2021,0
644cb143-c97a-4f5c-93b0-7ffccb070478,3775621,FA Women's Super League,2020/2021,0
be0a6ec5-90f3-4240-8540-c91c2f00f0d8,3775621,FA Women's Super League,2020/2021,0
2d5f907c-4012-4108-9a48-523a60c94365,3775621,FA Women's Super League,2020/2021,0
004cfe7f-8aed-4cde-84ed-647a34e4472a,3775621,FA Women's Super League,2020/2021,0
86a85255-b895-434e-b1d8-9b24e83d9776,3775621,FA Women's Super League,2020/2021,0
f946bf43-c5e7-47ec-9820-711211728610,3775621,FA Women's Super League,2020/2021,0
9c55c08e-9807-488c-a67b-01e7f44a20e3,3775621,FA Women's Super League,2020/2021,0
0fa846bd-f52c-4be1-96d1-8fa3295e22e4,3775621,FA Women's Super League,2020/2021,0
55b99c2f-bf1a-4e1c-b41c-9792abaddcd2,3775621,FA Women's Super League,2020/2021,0
f47d5b5a-0df1-437d-b46d-08aacf2b759c,3775621,FA Women's Super League,2020/2021,0
1de7d438-10a0-4783-8c8f-9d3c1d356ebf,3775621,FA Women's Super League,2020/2021,0
1342b96d-9fd8-40c6-9c87-78632d05caca,3775621,FA Women's Super League,2020/2021,0
1219ea1a-b73f-4040-ace5-eff0515fbd77,3775621,FA Women's Super League,2020/2021,0
5ebfc9e9-f07a-40ec-aee7-3ba364c1791c,3775621,FA Women's Super League,2020/2021,0
74ec97d0-6c92-41d5-ac39-e860fa40677e,3775621,FA Women's Super League,2020/2021,0
5402161d-7053-41ac-9e65-fe64ff040d45,3775621,FA Women's Super League,2020/2021,0
0817db37-9740-4a00-8f6d-394c931451b6,3775621,FA Women's Super League,2020/2021,0
356ede0e-b431-493d-becd-ddc97e589288,3775621,FA Women's Super League,2020/2021,0
1d75855f-572c-45bb-a1d5-af5663c745c3,3775615,FA Women's Super League,2020/2021,0
798e2f54-0323-4ac0-8064-20aae0bad1f8,3775615,FA Women's Super League,2020/2021,0
347b151b-853e-40ac-b8d1-034d57c8e545,3775615,FA Women's Super League,2020/2021,0
80b68e37-c3a1-43ab-9e42-9b14cc2bc227,3775615,FA Women's Super League,2020/2021,0
f5a3a907-f080-4190-bc54-c42081aae901,3775615,FA Women's Super League,2020/2021,1
6e012520-e684-4e1b-a3c1-8a01f242cfcc,3775615,FA Women's Super League,2020/2021,0
3491318c-93b6-44bc-bb2a-e49a40b40114,3775615,FA Women's Super League,2020/2021,0
35be4561-5c21-44f0-83be-940dec03362a,3775615,FA Women's Super League,2020/2021,0
13583a80-7382-40c3-a056-f5db3c92c0bd,3775615,FA Women's Super League,2020/2021,0
a823fb52-9e8d-4dc5-975e-a57b5ce9961a,3775615,FA Women's Super League,2020/2021,0
4315960e-2c50-40c2-9c4b-016718cdb5a3,3775615,FA Women's Super League,2020/2021,1
f3d8b94e-67b9-4b85-97f6-d2797ebc6e8a,3775615,FA Women's Super League,2020/2021,0
dc36e2fc-71bb-4c32-a500-ea1cf04259b4,3775615,FA Women's Super League,2020/2021,0
8c3e195a-453f-499d-af49-b20ee1943a66,3775615,FA Women's Super League,2020/2021,0
89b50988-0de9-424e-8e5a-542ffcf98b6f,3775615,FA Women's Super League,2020/2021,0
301262b1-7b94-4cc1-b08a-25fa840b225f,3775615,FA Women's Super League,2020/2021,0
4c943bc0-8635-40d5-be38-259505f3c855,3775615,FA Women's Super League,2020/2021,0
f87303db-494c-4d3d-a474-9e8a5f17739b,3775610,FA Women's Super League,2020/2021,0
ae9070f2-a62a-4efa-8c09-4e11eb5c61c1,3775610,FA Women's Super League,2020/2021,0
f857ffde-3da3-49ec-8358-be9755acf035,3775610,FA Women's Super League,2020/2021,0
82f90f59-7f31-4ac1-b6b1-8cbc058a1c17,3775610,FA Women's Super League,2020/2021,0
6fa6b118-b675-4eb2-a15c-9f905400ee84,3775610,FA Women's Super League,2020/2021,0
ac455457-d677-46d2-9736-6f08dd7fa57a,3775610,FA Women's Super League,2020/2021,0
0d761dba-8af0-45ac-a662-1f5927c57ec4,3775610,FA Women's Super League,2020/2021,0
1d418a3c-d23d-4150-9a2f-4a79a1efee51,3775610,FA Women's Super League,2020/2021,0
1685b09b-e09b-4ea7-afc5-ef31a68b21ee,3775610,FA Women's Super League,2020/2021,1
47a6da0c-1ae2-483e-b6d7-d0a96354eb6f,3775610,FA Women's Super League,2020/2021,0
c9980590-3826-4546-8f1c-d1d145e816c3,3775610,FA Women's Super League,2020/2021,0
cf961075-a988-4165-9063-19e9fed89977,3775610,FA Women's Super League,2020/2021,0
8e6ea7a1-907e-4a59-a5a2-54a0c8622897,3775610,FA Women's Super League,2020/2021,0
4e2b2527-fb57-4e12-b883-102f111c85d7,3775610,FA Women's Super League,2020/2021,0
67ee28b9-1600-41b5-ac91-4d2e12ef6385,3775610,FA Women's Super League,2020/2021,0
1af8f6f1-a2c1-4bdf-93c3-d84014099fa1,3775610,FA Women's Super League,2020/2021,0
0e480fbe-1c5a-49e0-a5cd-cc60d5f6137d,3775610,FA Women's Super League,2020/2021,0
8ba84380-a4b7-42a6-8de1-6b572339ef26,3775610,FA Women's Super League,2020/2021,1
93b2296c-7431-4e5e-8416-2d5ff8ef2826,3775610,FA Women's Super League,2020/2021,0
374a84ca-bdf8-46d3-af5e-ae3430b5a4f4,3775610,FA Women's Super League,2020/2021,0
1510fd37-d027-48ee-af0b-c6a87124f790,3775610,FA Women's Super League,2020/2021,0
3dd1b949-9ae7-4215-9da1-c09831a7c6c0,3775610,FA Women's Super League,2020/2021,1
1348fd58-aabb-4b1e-b65d-9e01482fcfcf,3775610,FA Women's Super League,2020/2021,0
b692f80b-1e60-4e3e-91c8-cc7f47b65a06,3775610,FA Women's Super League,2020/2021,0
e44c3cfa-95d3-44d2-ab68-98b5c32ea710,3775610,FA Women's Super League,2020/2021,0
749884bf-7510-47db-ab73-3580a0ccac05,3775610,FA Women's Super League,2020/2021,1
e67521c4-727c-493c-8a39-8c98a1b0b490,3775610,FA Women's Super League,2020/2021,0
04aa1713-a249-4d67-8794-5251e1449982,3775610,FA Women's Super League,2020/2021,0
03a457b3-94cb-44cc-8585-630a3c8f85e5,3775610,FA Women's Super League,2020/2021,0
362b51aa-b8c8-498e-99ba-68975d2853c3,3775610,FA Women's Super League,2020/2021,0
b3a5d27e-3e76-4688-9c52-7bedd2a78d56,3775610,FA Women's Super League,2020/2021,1
079c7827-e30e-4972-8a43-02ac60e3c4f8,3775610,FA Women's Super League,2020/2021,0
562fd735-6913-4c6d-bbb1-a442fe3f56f6,3775610,FA Women's Super League,2020/2021,0
90cb9b85-4063-48f2-a2b2-f1537507d693,3775610,FA Women's Super League,2020/2021,0
43ab6c88-b8b2-44ac-ad3a-7a141a5506cb,3775610,FA Women's Super League,2020/2021,0
f1b363b4-093b-4ed8-b2d7-af83efda3c73,3775610,FA Women's Super League,2020/2021,1
cd5ff9d6-0ad4-40a4-a379-7f6e4b1b439c,3775610,FA Women's Super League,2020/2021,0
ce0327e8-3bca-4c8d-96c7-6119f10c111b,3775610,FA Women's Super League,2020/2021,1
380329dc-05dc-4b66-b87d-399aac8dd87c,3775610,FA Women's Super League,2020/2021,0
ffbd97fe-d552-4148-84de-a3a655155897,3775616,FA Women's Super League,2020/2021,0
18e1af9e-4be2-4043-809b-43e38373b81f,3775616,FA Women's Super League,2020/2021,0
b86857f8-6643-4c6a-b5dc-cdc4f17da4ed,3775616,FA Women's Super League,2020/2021,0
3ce15223-d998-4b0f-8b81-53761b2d1d47,3775616,FA Women's Super League,2020/2021,0
23a1f485-4db4-4b45-a59e-79f1d7de858e,3775616,FA Women's Super League,2020/2021,0
0d21ffbb-0705-4b08-9346-c7d2ed51594f,3775616,FA Women's Super League,2020/2021,0
228eede3-a9c6-4492-8c03-c9379c753510,3775616,FA Women's Super League,2020/2021,0
1af603d3-f556-44ae-9149-393f89a166ec,3775616,FA Women's Super League,2020/2021,0
6b089f0c-f66f-4f46-ac75-df067ed298d3,3775616,FA Women's Super League,2020/2021,0
325f831c-3628-4ec0-a23b-284ed0b9a214,3775616,FA Women's Super League,2020/2021,0
60cfe286-0c1a-4bd8-aef7-76f2bb3d90d6,3775616,FA Women's Super League,2020/2021,1
4086f6eb-6916-4f60-a50c-1ec3f93ebeea,3775616,FA Women's Super League,2020/2021,0
bbdbef2e-7652-4ccb-8b8f-7e6e5a571cd8,3775616,FA Women's Super League,2020/2021,0
f5db345c-ceac-4c9f-a9b2-55daa1d0db7f,3775616,FA Women's Super League,2020/2021,1
29a51eac-e8db-43c6-b281-f2e88fe624b2,3775616,FA Women's Super League,2020/2021,0
6a2e34b4-e681-4068-a618-b2047092bd0a,3775616,FA Women's Super League,2020/2021,0
6be281f1-1731-4601-a347-56db059539ae,3775616,FA Women's Super League,2020/2021,0
4a035768-efe5-420a-b63e-688acdba3743,3775616,FA Women's Super League,2020/2021,1
e8dd1c2f-fdb3-48dd-91e8-c87c75cba976,3775616,FA Women's Super League,2020/2021,0
fec64d61-b13d-47c0-a6f7-8543c38a0e0d,3775616,FA Women's Super League,2020/2021,0
66f7dd6c-3bac-4f94-a5f3-ff7b7a9b078c,3775616,FA Women's Super League,2020/2021,0
71ab6ce3-867b-4c3a-856e-7b26b86bf9bd,3775616,FA Women's Super League,2020/2021,0
e1781554-8618-4d9b-a719-8237c9b1910c,3775616,FA Women's Super League,2020/2021,0
4014da57-6750-4ef8-8958-fbd10fec6aad,3775632,FA Women's Super League,2020/2021,0
0251b82f-6bd6-4680-b6ea-ba41f5d53c11,3775632,FA Women's Super League,2020/2021,0
b511c3e1-21f4-49bc-bb8f-5851ca454a3b,3775632,FA Women's Super League,2020/2021,0
b9fb3453-3e7a-4454-8272-1154d7d4ecba,3775632,FA Women's Super League,2020/2021,0
c0fd89e5-53c6-4378-8900-c3941c6950e4,3775632,FA Women's Super League,2020/2021,0
636d0eeb-1bea-4ef6-a81d-1c9226061693,3775632,FA Women's Super League,2020/2021,0
b607e91d-0788-4712-bfdb-2c320cb0359e,3775632,FA Women's Super League,2020/2021,0
cda9e7f3-ae0a-4778-bd79-7002db78cfa5,3775632,FA Women's Super League,2020/2021,0
79e87f31-8da8-41eb-80e2-6d73698dfd41,3775632,FA Women's Super League,2020/2021,1
5c3cee41-05e0-4a44-a06d-bacf349ebb91,3775632,FA Women's Super League,2020/2021,1
0886a1a6-9deb-44e0-a3dd-f620d0e21e60,3775632,FA Women's Super League,2020/2021,0
2bddf7b7-76b4-4ee5-9ed5-d4eeface0c15,3775632,FA Women's Super League,2020/2021,0
60bc9d2b-1ce9-4845-b57d-20ff1a80613d,3775632,FA Women's Super League,2020/2021,0
b270d533-320e-43eb-b074-f4c835ba53eb,3775632,FA Women's Super League,2020/2021,1
00aab38e-182c-4e6b-baed-6704ead429df,3775632,FA Women's Super League,2020/2021,0
5e0c5048-efbf-4569-aa82-e15893ab8057,3775632,FA Women's Super League,2020/2021,0
466e14fd-165c-48aa-8917-b57c6cd045c4,3775632,FA Women's Super League,2020/2021,0
97143c6e-f34b-4d51-a485-e94a647d2e54,3775632,FA Women's Super League,2020/2021,0
b430c7eb-3133-4a49-8647-03d02b952563,3775632,FA Women's Super League,2020/2021,0
ce912560-9a9d-4c3a-902c-d8618fa44ec7,3775632,FA Women's Super League,2020/2021,0
19c232ad-ed32-4d16-9d79-07a2d5289b77,3775632,FA Women's Super League,2020/2021,0
62af3645-9232-4225-ac38-80b30aee7fc9,3775632,FA Women's Super League,2020/2021,0
d60f37e7-f982-4cb5-aa56-1957521d7a5b,3775632,FA Women's Super League,2020/2021,0
063e0709-5d4b-4731-a3c0-ba1d90f11bcd,3775632,FA Women's Super League,2020/2021,0
f0b60fba-2dc4-408b-9210-1dc8d578ba32,3775632,FA Women's Super League,2020/2021,0
6d01487e-87e9-4cdb-a728-382ae73e3af5,3775632,FA Women's Super League,2020/2021,0
007d9a68-4eff-41cf-aed5-60c6d62f9970,3775632,FA Women's Super League,2020/2021,0
f6eade6a-5ff7-42cc-ad2e-368fcc282a85,3775629,FA Women's Super League,2020/2021,0
7dd412a2-5e66-4d7f-b9e6-3a5c30d9f492,3775629,FA Women's Super League,2020/2021,1
88d74fb5-f282-4029-8566-3b5b13f99170,3775629,FA Women's Super League,2020/2021,1
5a818554-8e4f-4c2d-a5df-e8ebe325317c,3775629,FA Women's Super League,2020/2021,0
d34f9163-73d6-4539-b735-596e362111a9,3775629,FA Women's Super League,2020/2021,0
23583744-9815-4b57-bef7-c5cce133120d,3775629,FA Women's Super League,2020/2021,0
b9c9838d-3cc5-4f69-af50-70a0ee4c4414,3775629,FA Women's Super League,2020/2021,0
9a59d4da-4b84-48f2-9253-cee6300ef748,3775629,FA Women's Super League,2020/2021,0
6d319855-ed75-46b9-9f98-1c94d4b937fe,3775629,FA Women's Super League,2020/2021,1
7ad8c183-5c17-4957-b81c-4ac5ada885ae,3775629,FA Women's Super League,2020/2021,0
e34b693e-36b0-4a61-95a9-439c41a6cb7c,3775629,FA Women's Super League,2020/2021,0
d78c6a2b-5458-4704-9707-62778e9f38a1,3775629,FA Women's Super League,2020/2021,0
cb8f8e0d-56f8-4e8e-8651-ed7bb113596d,3775629,FA Women's Super League,2020/2021,1
7daedde4-4dcd-42de-9fb1-a59ab90c1015,3775629,FA Women's Super League,2020/2021,0
e98a1c5a-5a37-4fa2-b0cb-e5eb5602fc57,3775629,FA Women's Super League,2020/2021,0
3b393413-3b24-43a3-816d-9de019d95472,3775629,FA Women's Super League,2020/2021,0
c78a8d80-59c9-495c-b31d-d6f4ef29cced,3775629,FA Women's Super League,2020/2021,1
d63cbd10-5659-4dce-8856-6da881ff47e3,3775629,FA Women's Super League,2020/2021,1
f5c29ea4-29ae-40f2-98a5-2b06dfaec3ed,3775629,FA Women's Super League,2020/2021,1
dcde6f78-9064-41cf-8a04-6ea58dc4628e,3775629,FA Women's Super League,2020/2021,0
5bee2863-0d34-47c3-9fca-86c897266385,3775629,FA Women's Super League,2020/2021,0
5a411850-0dfe-4ed5-ab38-4f2ee8b6d1b9,3775629,FA Women's Super League,2020/2021,0
7c9de1b6-2d1d-46bd-a818-4bcf3b6f3d61,3775619,FA Women's Super League,2020/2021,0
8af59f2d-2d4e-436b-be10-3733d22e5cca,3775619,FA Women's Super League,2020/2021,0
2a0dfca4-64c3-4093-903a-083961cc5d6b,3775619,FA Women's Super League,2020/2021,1
7e19933d-4f2d-4195-9ccf-87dc5c435143,3775619,FA Women's Super League,2020/2021,0
1a3dfef2-c858-49e0-8942-5f29a5575111,3775619,FA Women's Super League,2020/2021,0
1c431e51-2917-4b05-9737-34187fbcc0a5,3775619,FA Women's Super League,2020/2021,0
c55dbe47-7be4-4138-896a-a8ebcbd834b4,3775619,FA Women's Super League,2020/2021,0
5c399081-1511-439c-a6a5-7f72e6d53e70,3775619,FA Women's Super League,2020/2021,0
a984e445-9447-44b1-a0fb-4d1e3321b602,3775619,FA Women's Super League,2020/2021,1
524049c5-6686-44fb-a4cd-f47de0817539,3775619,FA Women's Super League,2020/2021,0
2cc70f58-b40c-4402-abaa-efed00171d32,3775619,FA Women's Super League,2020/2021,0
1110d4d8-ad2f-45a1-aa83-11cc88656972,3775619,FA Women's Super League,2020/2021,0
97dc54f6-dc16-4817-832e-70cfdba97c6d,3775619,FA Women's Super League,2020/2021,0
e04698d1-4747-413e-8499-093cbcfe2195,3775619,FA Women's Super League,2020/2021,0
cc1303d5-b5db-4611-8144-b1807bd1421a,3775619,FA Women's Super League,2020/2021,0
42d784de-a0b3-40f8-831e-4090392ebf63,3775619,FA Women's Super League,2020/2021,0
d7532ebb-e219-4408-b84e-4f644add2063,3775619,FA Women's Super League,2020/2021,0
c992c90e-cede-4aea-a68a-b6faa29d82db,3775619,FA Women's Super League,2020/2021,0
9e2a3046-99a2-40bd-b04d-3d1090adb149,3775619,FA Women's Super League,2020/2021,0
6d2dac76-0cf0-4968-9177-d8e938052f04,3775619,FA Women's Super League,2020/2021,0
67863fa9-bf4b-44c8-b34c-5471580038e9,3775619,FA Women's Super League,2020/2021,0
8e7ff001-bf89-4392-be93-c03a013ffb7c,3775619,FA Women's Super League,2020/2021,0
f03dd143-9d80-4eae-9f8c-458dd738e1e6,3775619,FA Women's Super League,2020/2021,0
68c7bef5-f53a-45ab-adba-4e86d43ccffd,3775619,FA Women's Super League,2020/2021,0
9d106718-a808-40d7-87b0-a161fe0ea1b2,3775619,FA Women's Super League,2020/2021,1
3163e466-ca1d-497b-b422-37637fb5e382,3775619,FA Women's Super League,2020/2021,0
224c41b9-91e7-4b2b-a462-0c72ee79bec2,3775600,FA Women's Super League,2020/2021,0
3fda52f0-8f38-4ab7-b705-4fb6393fb5ab,3775600,FA Women's Super League,2020/2021,1
626e9ee1-e328-48df-8f5d-ab6ecfde99be,3775600,FA Women's Super League,2020/2021,0
d29eca09-52e6-4577-8bf4-65dd99c12373,3775600,FA Women's Super League,2020/2021,0
77d52207-c1bb-450f-a394-0a9ca07bb437,3775600,FA Women's Super League,2020/2021,0
26bb2232-a914-4bd6-9764-4144cd01243e,3775600,FA Women's Super League,2020/2021,0
ca3d7c09-e416-4f52-9ebd-a0684de9ddbf,3775600,FA Women's Super League,2020/2021,0
1ff7ed16-f08f-4ac1-9bc9-1dbcc019db16,3775600,FA Women's Super League,2020/2021,0
7bd093db-af80-42d1-9a6f-f440919336bb,3775600,FA Women's Super League,2020/2021,1
c1701971-c325-4ab1-87c2-6f019c93ce7b,3775600,FA Women's Super League,2020/2021,0
d2795e57-1b40-4b4f-9092-9c8515d5f0bf,3775600,FA Women's Super League,2020/2021,0
8de1c4c8-5c93-41bb-929d-5779eec48b42,3775600,FA Women's Super League,2020/2021,0
aa156e2a-3fad-43d0-b895-e11e54167421,3775600,FA Women's Super League,2020/2021,0
86b4dba3-eb2f-474e-8b84-5c00925bda07,3775600,FA Women's Super League,2020/2021,0
7613b0c0-e1dc-48bb-bcd9-6eddc631c1cf,3775600,FA Women's Super League,2020/2021,0
3179b79c-2db0-4f9e-9de1-8e96467d01fc,3775600,FA Women's Super League,2020/2021,0
43379a5f-de65-4950-8477-89f07687d52c,3775600,FA Women's Super League,2020/2021,0
176bbe59-22e8-4689-9073-8f4154c1052b,3775600,FA Women's Super League,2020/2021,0
7db5fdb6-4d21-4c52-a090-815223c1e9c1,3775600,FA Women's Super League,2020/2021,1
aafb1d4c-9776-484b-8aa5-46e1abf9f1be,3775605,FA Women's Super League,2020/2021,0
33b2aa66-cac4-4968-a445-2755f6a46295,3775605,FA Women's Super League,2020/2021,0
3aa6865c-6011-49dd-b5d1-0a10912e76df,3775605,FA Women's Super League,2020/2021,0
f2aca713-f8bc-4bf5-9fae-cd64e256686a,3775605,FA Women's Super League,2020/2021,0
526620a3-5c72-4aaa-ad34-f6eb9d2c4e25,3775605,FA Women's Super League,2020/2021,0
628afbea-e3f7-40e3-96c8-3439178542ce,3775605,FA Women's Super League,2020/2021,0
df48df3c-93e5-4f8c-bc31-bb5b1722d4a5,3775605,FA Women's Super League,2020/2021,0
ee1d2b64-bb7e-4761-a0fb-de0ed7e36c6c,3775605,FA Women's Super League,2020/2021,0
b313ff12-8715-421b-8a5d-56331da8abf2,3775605,FA Women's Super League,2020/2021,0
c9aa5140-236c-4422-ba2d-d38c10d7c771,3775605,FA Women's Super League,2020/2021,0
999f9afe-af75-4549-89d9-67f9a417103e,3775605,FA Women's Super League,2020/2021,0
00400f89-26fb-4781-bfe0-d6d8f1b45d20,3775605,FA Women's Super League,2020/2021,0
289cc835-b0a4-4f4c-92c3-263257f8c08b,3775605,FA Women's Super League,2020/2021,1
1f9f0255-26f2-4f5f-93a3-cdebd44873c8,3775605,FA Women's Super League,2020/2021,0
d22261a0-413b-4276-9740-553ac4407fc7,3775605,FA Women's Super League,2020/2021,0
6857b62e-6a29-4b3f-99a7-00699f74213c,3775605,FA Women's Super League,2020/2021,0
f4807325-a658-4a81-b77c-878721ee9de7,3775605,FA Women's Super League,2020/2021,0
d100c323-7c3c-43ad-a8a4-3e8ffa8bd6f2,3775605,FA Women's Super League,2020/2021,0
4bc31c09-dc73-4601-9d73-1b4f3c5f50da,3775605,FA Women's Super League,2020/2021,1
25012464-59f7-49da-89d6-3bb625c1bd37,3775605,FA Women's Super League,2020/2021,0
4ea2bab3-c192-463c-8cfe-73ed2cb6308c,3775605,FA Women's Super League,2020/2021,0
147517b6-4428-4533-bc3c-9c05aa65ce74,3775605,FA Women's Super League,2020/2021,0
e1baae41-d5f4-4754-9fee-2adc4aacbb04,3775605,FA Women's Super League,2020/2021,0
371b52fd-a8d7-48a5-bfc3-4caed7bc7a5d,3775605,FA Women's Super League,2020/2021,0
80eb5b9b-5283-48c4-a47c-657b6c3735fa,3775605,FA Women's Super League,2020/2021,0
93a62468-3d11-4a8f-b292-574be6d18f61,3775605,FA Women's Super League,2020/2021,0
8b71397f-dc19-4f36-8b36-dd69efa853f3,3775605,FA Women's Super League,2020/2021,0
6d0264d0-81a7-48f5-8816-f6225bc04d92,3775605,FA Women's Super League,2020/2021,0
7f233278-ed60-4d40-9391-8f8f05d002e3,3775605,FA Women's Super League,2020/2021,0
6b116605-0bc6-4dd0-9548-a7070de410f2,3775626,FA Women's Super League,2020/2021,1
e25ad595-9806-4979-809d-28504fdbec84,3775626,FA Women's Super League,2020/2021,0
5c1b78e6-813b-4e08-b7f2-6846d40bf5fd,3775626,FA Women's Super League,2020/2021,0
9010e4d6-ac92-4b75-a24c-d7ae148b3365,3775626,FA Women's Super League,2020/2021,1
0af3988d-3b24-44c7-9125-32587021cb94,3775626,FA Women's Super League,2020/2021,0
e6b6cc2f-f4a2-4f8b-b5b3-8dd9eaec2bdb,3775626,FA Women's Super League,2020/2021,0
0ed03bda-89b6-4939-bceb-443ca693dd31,3775626,FA Women's Super League,2020/2021,0
bf89fc93-6097-4fa3-9bee-fbb254998410,3775626,FA Women's Super League,2020/2021,0
de74da57-6512-480d-bd3c-eefc92519d36,3775626,FA Women's Super League,2020/2021,1
37373b62-12cb-4c92-9eba-50cda4dff22c,3775626,FA Women's Super League,2020/2021,0
0a8e0363-8bca-4ed6-8ef8-fc6e8de631d3,3775626,FA Women's Super League,2020/2021,0
43391dc4-01dc-4ac3-bc6c-dc44a62bf5d6,3775626,FA Women's Super League,2020/2021,0
29114539-98be-43dc-912b-e9afbda9f10b,3775626,FA Women's Super League,2020/2021,0
ed57ec7e-fab3-43c4-ad8f-73ecf6b740d0,3775626,FA Women's Super League,2020/2021,1
d626f6a5-1098-44ea-b9a4-462f36b3a06a,3775626,FA Women's Super League,2020/2021,0
c8abcc4b-afe6-4d97-a6c3-0a9170e825c3,3775626,FA Women's Super League,2020/2021,0
20ffb110-d44c-4051-99df-7c6fdb611419,3775626,FA Women's Super League,2020/2021,0
17625038-c724-43d8-87a6-fad767746942,3775626,FA Women's Super League,2020/2021,1
502afbb3-a612-407b-825d-e1654c99a37a,3775626,FA Women's Super League,2020/2021,0
ff1d7b97-7a8b-4aaf-8a51-6f3cce70a1d6,3775626,FA Women's Super League,2020/2021,0
a53f869c-0283-4f5d-8814-ce28eee8e911,3775626,FA Women's Super League,2020/2021,0
6ac76bf9-fe43-473b-a87a-e2f299b79de1,3775626,FA Women's Super League,2020/2021,0
3aa5936b-dc52-4a6b-b13f-1052e8ebcf2d,3775626,FA Women's Super League,2020/2021,1
2bdb74e7-87bc-4a7b-837a-f771de8b8c37,3775626,FA Women's Super League,2020/2021,0
96302474-59ec-4028-936d-7c3b400c0164,3775626,FA Women's Super League,2020/2021,0
eb33d224-5b3a-4400-bd23-823bcb6b6fa5,3775626,FA Women's Super League,2020/2021,0
0de2cac6-091d-465d-81c1-13271416e4e1,3775614,FA Women's Super League,2020/2021,0
add83cce-baf6-4942-94bc-b4b0066d3728,3775614,FA Women's Super League,2020/2021,0
f571361d-7f30-4f16-ab32-337753e5ec6e,3775614,FA Women's Super League,2020/2021,0
c7445f4f-f04f-4108-a680-bb08ce0c2ee2,3775614,FA Women's Super League,2020/2021,0
e54218b3-cb85-47e8-aa0f-fcd6d3b60f84,3775614,FA Women's Super League,2020/2021,0
4aa35410-c466-4d8e-9e8a-dc6651b9e5e8,3775614,FA Women's Super League,2020/2021,0
a4bfcc0a-73ff-485f-9499-84bc369b2390,3775614,FA Women's Super League,2020/2021,0
2411f697-963b-412f-9f94-82b0f1d9fa6b,3775614,FA Women's Super League,2020/2021,0
7c8d14b4-d73b-483e-858a-a031da980247,3775614,FA Women's Super League,2020/2021,0
f2e3e1ec-cebc-4229-b704-8f2f40f4bf47,3775614,FA Women's Super League,2020/2021,1
3a10d96f-a7d2-47f8-a550-affc9a8700ba,3775614,FA Women's Super League,2020/2021,0
5c5c463f-e6e1-4306-85f8-fa702ea2684d,3775614,FA Women's Super League,2020/2021,0
c2ee0bc6-b35a-445a-88b9-e6210731a5a9,3775614,FA Women's Super League,2020/2021,0
0a2fe772-721f-47c9-a6d1-df989df89075,3775614,FA Women's Super League,2020/2021,1
03ef997f-1f12-493d-8de1-3c9bc5044ce9,3775614,FA Women's Super League,2020/2021,1
767dc522-4fa0-4a13-a465-176a22aa5908,3775614,FA Women's Super League,2020/2021,0
7e75e035-ae63-43f7-bdab-41917aa9e0cf,3775614,FA Women's Super League,2020/2021,0
4a6b503c-8035-46ea-ae0f-efc3892e9045,3775614,FA Women's Super League,2020/2021,1
012759bf-00e2-458a-bde5-a5de71f72f9f,3775614,FA Women's Super League,2020/2021,0
74e25935-e0a4-4f49-a05d-33757c7aca12,3775614,FA Women's Super League,2020/2021,1
6b7687b3-9cd5-4738-98b6-0a9f96244639,3775614,FA Women's Super League,2020/2021,0
341b40d6-b6fc-40c3-bcbc-d14c52c646a5,3775614,FA Women's Super League,2020/2021,0
34ab96d4-36f5-4c35-aed9-e1a9e1e1e506,3775614,FA Women's Super League,2020/2021,0
167c8461-2184-431a-b91f-8e03d65aad08,3775614,FA Women's Super League,2020/2021,0
331ae630-aa8a-4569-ac9f-97062eb94769,3775614,FA Women's Super League,2020/2021,0
09f37762-60f4-4dd1-8a14-ca71cce607cc,3775614,FA Women's Super League,2020/2021,0
b5aa1901-3927-495f-a8a4-753928d89a2e,3775614,FA Women's Super League,2020/2021,0
e876f003-cabe-4390-a641-702cfb4f5740,3775614,FA Women's Super League,2020/2021,0
64e8340c-d442-4e97-bbdf-9cd6a59fbd0a,3775603,FA Women's Super League,2020/2021,0
e940a927-0f38-4469-ac05-719faae390e9,3775603,FA Women's Super League,2020/2021,0
b97a2179-6d90-4a98-8365-627ff71d8695,3775603,FA Women's Super League,2020/2021,0
5ecee0ce-37a6-470a-9d4b-7b43e1663b25,3775603,FA Women's Super League,2020/2021,0
e59cd6f0-61d8-4e4b-98d4-035f155e0d5c,3775603,FA Women's Super League,2020/2021,1
1818d8f2-c721-4b25-8aac-1bc92d50d648,3775603,FA Women's Super League,2020/2021,0
3a5c35a6-bca5-42a2-81f9-145b9d645091,3775603,FA Women's Super League,2020/2021,0
2e63a940-1d56-4e97-8e74-c9eec127e3ea,3775603,FA Women's Super League,2020/2021,0
1321e01b-1557-44fd-a285-9d148eacf49f,3775603,FA Women's Super League,2020/2021,0
721c09ca-1cb0-4144-963a-d72eabb3bf99,3775603,FA Women's Super League,2020/2021,0
2177f083-6dff-4169-85b6-a24ee6f86bae,3775603,FA Women's Super League,2020/2021,0
cc023689-d907-4dc9-812e-81d52e65ec36,3775603,FA Women's Super League,2020/2021,0
3c0db302-eadb-450e-882d-852a04fdeac3,3775603,FA Women's Super League,2020/2021,0
1de8e11c-4b45-43eb-817a-641928dc770f,3775603,FA Women's Super League,2020/2021,0
37d6d332-9658-4f70-9cae-fe8c0040972f,3775603,FA Women's Super League,2020/2021,0
3f13c139-4a0d-428b-9350-525e33d4fcc0,3775603,FA Women's Super League,2020/2021,0
c1f15fe9-a6d5-417c-8b84-e5db4d2e1f45,3775625,FA Women's Super League,2020/2021,0
59dea2c5-6902-425e-b5bf-4a111b525586,3775625,FA Women's Super League,2020/2021,1
b455749e-8c10-41aa-ba6b-81ab67d1fda4,3775625,FA Women's Super League,2020/2021,0
f3b2e258-90ea-491f-93cd-b04675f4e3cb,3775625,FA Women's Super League,2020/2021,0
bae510e1-8534-4909-998f-dd447708f65a,3775625,FA Women's Super League,2020/2021,0
e0c0b46c-05a0-4d77-a256-3756cf1f0012,3775625,FA Women's Super League,2020/2021,0
fe76d004-3b45-431e-ac1d-3116bc835fd9,3775625,FA Women's Super League,2020/2021,0
82f266fd-c277-48a4-a0b8-d6beb1fdf86a,3775625,FA Women's Super League,2020/2021,0
27d5ac5b-ac79-4241-b54d-5261afb0304c,3775625,FA Women's Super League,2020/2021,0
5bde43df-a851-4c54-8e48-67ff94e940cb,3775625,FA Women's Super League,2020/2021,0
e9bcc9dc-63ad-4648-a544-ea16867745f6,3775625,FA Women's Super League,2020/2021,1
22e74d22-7da1-456e-8d6a-4a0ff4299d4a,3775625,FA Women's Super League,2020/2021,1
5b57e159-1995-4757-86c3-2600e1184536,3775625,FA Women's Super League,2020/2021,1
741b2435-09bf-4989-9cd4-92c131a852ba,3775625,FA Women's Super League,2020/2021,1
81c17474-e66d-4984-b818-49f2784d4ac3,3775625,FA Women's Super League,2020/2021,0
b0619063-bf98-4ce8-9a99-6620a5c2c01e,3775625,FA Women's Super League,2020/2021,1
79628b57-a172-4b7d-90af-0e592b8c66dd,3775625,FA Women's Super League,2020/2021,0
4d43f0b6-1b41-4f7b-a4fa-6aed6c20f520,3775625,FA Women's Super League,2020/2021,0
d4e85047-dce8-4ae7-bb46-5342493b3b4a,3775625,FA Women's Super League,2020/2021,0
43710c8a-51b0-4b5d-8a6b-a0bedf60fd9f,3775625,FA Women's Super League,2020/2021,0
a8dba27b-148d-4094-9ad5-2ccbf8d324c9,3775625,FA Women's Super League,2020/2021,1
7978b440-e2ce-477a-9a4f-4dc2b3d4bb29,3775625,FA Women's Super League,2020/2021,1
8f9d4262-c912-436a-a684-5efecea689c0,3775625,FA Women's Super League,2020/2021,0
bbdec6af-b44f-4c9d-847f-98eb87e3b542,3775625,FA Women's Super League,2020/2021,0
9a63659a-38f7-48f0-9bff-f8462452a69f,3775625,FA Women's Super League,2020/2021,0
edbc2ace-c4a3-42a5-a078-02b4a3084cfe,3775613,FA Women's Super League,2020/2021,0
d75c3451-47ed-44e8-9752-e622751b7441,3775613,FA Women's Super League,2020/2021,0
ad98471f-64e5-4492-b24e-49ef83a093c7,3775613,FA Women's Super League,2020/2021,0
4c647337-a5bb-4333-bcd0-25ff38ff8aad,3775613,FA Women's Super League,2020/2021,0
2edff330-496a-46f8-a8b6-b3cc8cd54738,3775613,FA Women's Super League,2020/2021,0
36a46259-ceb7-4878-801b-0a21a32a98a9,3775613,FA Women's Super League,2020/2021,0
36dc69c5-4b2a-4f3c-98b6-d656ec7ed7ae,3775613,FA Women's Super League,2020/2021,0
576b563e-db3e-492b-ab54-8703485c8dd2,3775613,FA Women's Super League,2020/2021,0
f41c00c0-ec17-4aac-883f-5f44e45649e7,3775613,FA Women's Super League,2020/2021,0
5471ceb9-f094-4b89-98d4-810a76a85af3,3775613,FA Women's Super League,2020/2021,1
a064f1b3-41c0-4a87-b50e-c63db2713a3f,3775613,FA Women's Super League,2020/2021,0
2edc6086-43b3-4b3b-a140-1f2aada4e2aa,3775613,FA Women's Super League,2020/2021,0
6af483eb-8b9c-4606-bdc8-532490d6f2e3,3775613,FA Women's Super League,2020/2021,0
6c82b0cf-8e50-44a3-a7d4-44f497070960,3775613,FA Women's Super League,2020/2021,0
e99d5439-a856-4237-93df-58a7ee7712e1,3775613,FA Women's Super League,2020/2021,0
802e082b-1dbb-41b3-9448-58dc663505ae,3775613,FA Women's Super League,2020/2021,1
84c21256-fca1-461e-8f8c-17d159c3d893,3775613,FA Women's Super League,2020/2021,0
c8c79985-0eff-4160-ad7b-f89ccb0c0a91,3775613,FA Women's Super League,2020/2021,0
1893ca9f-c974-4276-a407-2b3d611b74be,3775613,FA Women's Super League,2020/2021,0
bb330615-7494-4c23-8c82-dec2830a90e6,3775613,FA Women's Super League,2020/2021,0
855e8394-13da-46cc-872d-65cbce991515,3775613,FA Women's Super League,2020/2021,1
49b8b961-8056-46c4-9929-75ebfa73bede,3775613,FA Women's Super League,2020/2021,0
15655426-6278-4e26-812f-cd066a884b15,3775613,FA Women's Super League,2020/2021,0
93f69dc1-e9cc-473f-bc0b-8595ee66fc03,3775613,FA Women's Super League,2020/2021,0
02ecca74-4c96-4560-bb88-96a5a897dca1,3775613,FA Women's Super League,2020/2021,0
a0e0bc8a-d5ad-48c5-91ff-93a3349e1207,3775613,FA Women's Super League,2020/2021,0
6ef7d923-9532-46c7-9b13-9a12abb1e04d,3775613,FA Women's Super League,2020/2021,0
67095271-48ba-4624-86a0-83715c2e9398,3775613,FA Women's Super League,2020/2021,0
9b9b59bb-7dc0-45a6-9a79-266d8ab7232d,3775613,FA Women's Super League,2020/2021,0
1312e183-ade3-4675-b9a2-6fb076df80a0,3775613,FA Women's Super League,2020/2021,0
0c8ccc02-3f2a-435f-ad47-812a48d89f7e,3775598,FA Women's Super League,2020/2021,0
4ba5ce4d-d1f4-4599-bd9a-0b9a785b036e,3775598,FA Women's Super League,2020/2021,0
b3e8fe0e-09e4-4643-87ba-16ad370d76cf,3775598,FA Women's Super League,2020/2021,0
0026dee4-a02c-4156-9cfa-6e0d065929a0,3775598,FA Women's Super League,2020/2021,0
5385ce2d-4c28-4465-b3cc-8e1afd5c9214,3775598,FA Women's Super League,2020/2021,0
2f4d3061-3eb1-473b-89bd-ce5e053cf198,3775598,FA Women's Super League,2020/2021,0
07efcd13-1a7b-4b17-bd62-d04df58d381b,3775598,FA Women's Super League,2020/2021,0
7b541e39-e557-44d4-adcf-c6f76a6caf44,3775598,FA Women's Super League,2020/2021,0
748e6a16-ffba-436d-984a-81a4275245de,3775598,FA Women's Super League,2020/2021,0
f02565e6-a2b5-4720-8e42-08c5c769f6fe,3775598,FA Women's Super League,2020/2021,0
ea8eb175-bc95-4d3d-a186-5bcf5fa0d014,3775598,FA Women's Super League,2020/2021,0
4616bb8d-810e-44e0-880f-b23c8e299f95,3775598,FA Women's Super League,2020/2021,0
130720aa-2196-4632-b4f5-2ad532017c1d,3775598,FA Women's Super League,2020/2021,0
257894bc-1a05-4a5d-8923-7910376f9222,3775598,FA Women's Super League,2020/2021,0
33943f9c-ee5d-4378-abb3-cfe0f4d2b72b,3775598,FA Women's Super League,2020/2021,0
b3364a26-60b6-4468-bd46-0d446c3f08ba,3775598,FA Women's Super League,2020/2021,0
49c757bc-94a4-41cc-8085-5410253bdfab,3775598,FA Women's Super League,2020/2021,0
daf0fe18-823b-4d82-a97d-0b748c962f75,3775598,FA Women's Super League,2020/2021,0
4d209bc8-868b-4033-a8e8-214fe68e4aca,3775598,FA Women's Super League,2020/2021,0
75d8855f-5d19-4a8c-8677-14d1fec98d38,3775598,FA Women's Super League,2020/2021,0
b9fd4181-1909-4e52-852e-f51f94ee5bce,3775598,FA Women's Super League,2020/2021,0
61e4d5cc-9523-409c-a009-1ead01010d19,3775598,FA Women's Super League,2020/2021,0
de638f77-3215-4a63-9645-66471bdfa0db,3775598,FA Women's Super League,2020/2021,0
1f74d5f8-aad0-4eca-95e6-a0cb525279c6,3775601,FA Women's Super League,2020/2021,0
bf727fef-0b5a-4373-831d-5fff643a74ba,3775601,FA Women's Super League,2020/2021,0
76aadec3-edea-423a-99d1-a9b8b930311b,3775601,FA Women's Super League,2020/2021,0
b6ae2049-5627-406b-be08-bae422140dd1,3775601,FA Women's Super League,2020/2021,0
250acb74-15a9-4dbf-9e59-e9768d943528,3775601,FA Women's Super League,2020/2021,0
b01e0d63-5557-4053-bc6a-56b6cfc5c8e9,3775601,FA Women's Super League,2020/2021,0
c26dc06b-c874-4f92-ab9a-4866e8451ce4,3775601,FA Women's Super League,2020/2021,0
57c08de7-4182-4c05-883a-ca71ea45905c,3775601,FA Women's Super League,2020/2021,0
749af607-86df-4732-882e-d262393ab5f6,3775601,FA Women's Super League,2020/2021,0
e16f354e-5be3-4e40-bfa8-1fa41dc02997,3775601,FA Women's Super League,2020/2021,0
cb256e0b-e27d-48e6-8c24-b212ff152ec3,3775601,FA Women's Super League,2020/2021,0
fdd8ca91-906a-4911-9cc9-d9029a25b79e,3775601,FA Women's Super League,2020/2021,0
439040f0-8400-4d9f-befc-1d417d3bac6c,3775601,FA Women's Super League,2020/2021,0
46c7b034-271c-4d9b-84a9-3d1562961574,3775601,FA Women's Super League,2020/2021,0
af4e6020-63dc-4176-ba9e-bb0c625eb4b2,3775601,FA Women's Super League,2020/2021,0
c9747830-4211-409d-9e12-dbc140b825b7,3775601,FA Women's Super League,2020/2021,0
82fcc9b0-ffda-48ff-8b9b-935adb867262,3775601,FA Women's Super League,2020/2021,0
77b57365-a732-4e9b-a1ee-c75a7f097979,3775601,FA Women's Super League,2020/2021,0
feaf98e5-de07-44bc-bd62-8c56cf43d282,3775601,FA Women's Super League,2020/2021,0
8403e599-4e62-45bf-9a73-819c7ed92fe0,3775601,FA Women's Super League,2020/2021,0
5e13945d-bf18-402a-8731-d23f2f0bbee0,3775601,FA Women's Super League,2020/2021,0
918e9d28-8e72-4c91-b200-96cd879da6b8,3775601,FA Women's Super League,2020/2021,0
23c982f8-c5ef-4f32-8097-e6c8fc02c0cc,3775601,FA Women's Super League,2020/2021,0
3f47ae08-dc00-47d6-9c43-165151632e4b,3775601,FA Women's Super League,2020/2021,0
b2864e05-a9ea-49b1-a276-2c5ccd1ec007,3775601,FA Women's Super League,2020/2021,0
61c539f2-f7cd-48af-bb1c-e44a6aa50744,3775601,FA Women's Super League,2020/2021,0
30ba60a6-0acc-4857-af51-43221618e226,3775630,FA Women's Super League,2020/2021,0
62907e05-48ef-4ba3-9cda-c06512a78d9f,3775630,FA Women's Super League,2020/2021,0
e871e677-44d6-48f8-86dc-189c2e21cece,3775630,FA Women's Super League,2020/2021,0
22758e80-dc60-4e84-aa98-7eae8f6f4dd9,3775630,FA Women's Super League,2020/2021,0
ca3008cb-357a-4438-bda4-4901e630baa9,3775630,FA Women's Super League,2020/2021,0
154e706e-7075-4d1e-918a-9f32c8f049ba,3775630,FA Women's Super League,2020/2021,0
9f4bee61-0edf-408f-bc82-08699800ab54,3775630,FA Women's Super League,2020/2021,0
f05db607-dde3-4da6-bd73-99c4ccf5537e,3775630,FA Women's Super League,2020/2021,0
e7cd6305-22ac-4070-8a89-abbbfabab270,3775630,FA Women's Super League,2020/2021,0
b1e8a853-1711-458f-b08b-89cac4ad2a56,3775630,FA Women's Super League,2020/2021,0
0b61b9ac-9463-4854-a93a-15f497b5dd85,3775630,FA Women's Super League,2020/2021,0
8851e052-7dac-43ad-bec8-940ba6536777,3775630,FA Women's Super League,2020/2021,0
04fe10f2-9365-43c5-9b31-659b19dbd7a5,3775630,FA Women's Super League,2020/2021,0
529c9a17-e396-4540-b5ff-59e83b7c6568,3775630,FA Women's Super League,2020/2021,0
d4521d16-b094-4edc-9525-7b8e8ef3cfad,3775630,FA Women's Super League,2020/2021,1
0ac4393e-d06f-4128-b33e-23cc57e27fd5,3775630,FA Women's Super League,2020/2021,0
081d4e9c-4626-4ea8-b688-182df90ec55b,3775630,FA Women's Super League,2020/2021,1
dc8eaa09-b361-4318-886d-bee561360cf3,3775630,FA Women's Super League,2020/2021,0
238d4be8-40fd-4b1e-88ec-0091d3e519d9,3775630,FA Women's Super League,2020/2021,0
5dc5dbae-528a-44ae-9f7a-f8c11bbdc04c,3775630,FA Women's Super League,2020/2021,0
aa5d33e1-de26-410a-9ebd-46353c7d2d45,3775630,FA Women's Super League,2020/2021,0
03c83813-c79e-4cce-99cd-e6b698e834ec,3775630,FA Women's Super League,2020/2021,0
e0337521-ce7f-46b9-b5e9-b2087879aee6,3775630,FA Women's Super League,2020/2021,0
8b9a669d-e0ae-40a8-a680-986ccdecc9bf,3775630,FA Women's Super League,2020/2021,0
5a860e35-9c7a-4169-8a10-c25fe5b4baec,3775630,FA Women's Super League,2020/2021,1
ba790b11-51d9-4cbb-9ca5-7ed994c71a30,3775630,FA Women's Super League,2020/2021,0
496d6839-fca3-46af-acff-446e39b3aa4e,3775630,FA Women's Super League,2020/2021,0
829f9c8a-e8ad-412b-a197-c76bc3542dc9,3775630,FA Women's Super League,2020/2021,0
cfe6a953-ee58-4e2e-9a9c-3f6a89e5359a,3775630,FA Women's Super League,2020/2021,1
a719de59-363b-45f7-82a4-1419ae6ced31,3775651,FA Women's Super League,2020/2021,0
1d8e581a-4d25-4241-bafc-f267f1274286,3775651,FA Women's Super League,2020/2021,1
42ea9c47-08e5-49eb-8c1b-c8d9dbf85735,3775651,FA Women's Super League,2020/2021,0
41ceb9b1-3b66-4573-9eae-1804d847cfc0,3775651,FA Women's Super League,2020/2021,0
755eeabd-aff8-4061-80a4-d6a9254c0713,3775651,FA Women's Super League,2020/2021,0
48fb6688-71c0-4847-a1b9-6e2ceb4fa063,3775651,FA Women's Super League,2020/2021,0
31d55e96-8bd5-4665-9bc1-2f25de9f211b,3775651,FA Women's Super League,2020/2021,0
abba0772-d094-44a4-aaee-a7ad6da349c8,3775651,FA Women's Super League,2020/2021,0
22fc5f9b-7603-49b1-bcdc-f57b7b9f58ba,3775651,FA Women's Super League,2020/2021,1
5bf3383f-858e-4ddf-8354-96a77fc76a1d,3775651,FA Women's Super League,2020/2021,0
b8cc4593-4151-482b-9680-f4c647ccd72f,3775651,FA Women's Super League,2020/2021,0
46d7db5c-d832-4411-b9f8-4a6da4db283c,3775651,FA Women's Super League,2020/2021,0
17f7f655-052e-4c97-ae67-2cb331a14c01,3775651,FA Women's Super League,2020/2021,0
154bfd04-4e89-40ca-ad87-466531d7bcdc,3775651,FA Women's Super League,2020/2021,0
31a57f6b-2d1b-4c89-8cc3-4160968fb945,3775651,FA Women's Super League,2020/2021,0
6f83293d-38e8-4c33-b5ed-04af3abcae4d,3775651,FA Women's Super League,2020/2021,0
8aab5e71-93ac-4efe-8331-6c6637b3ddf8,3775651,FA Women's Super League,2020/2021,0
b4ad3163-197a-43f7-a8a7-40ceda6ab326,3775651,FA Women's Super League,2020/2021,1
c5aa02ae-9731-4a48-8597-0e3490a6965f,3775651,FA Women's Super League,2020/2021,0
ab462b5a-143e-4596-a866-bc08ce1b4642,3775651,FA Women's Super League,2020/2021,0
6beac660-bc23-4040-8e23-c0d59c99592d,3775651,FA Women's Super League,2020/2021,1
eda52046-b5e2-44fa-8845-76cc25ebf498,3775651,FA Women's Super League,2020/2021,0
54c1f21a-4124-4c55-9824-08254f119c8f,3775651,FA Women's Super League,2020/2021,0
57c77fad-e261-4eab-bf31-1a57c5b5c1af,3775651,FA Women's Super League,2020/2021,0
0580a5d6-875f-48bd-8faa-c7be4641b7f6,3775651,FA Women's Super League,2020/2021,0
8c3ee191-54fb-48e1-ba28-0541e30d76a5,3775635,FA Women's Super League,2020/2021,0
0a78961a-5dff-45f8-8d78-473f1c7c455d,3775635,FA Women's Super League,2020/2021,0
63918491-8744-404e-8dce-3c024d262d0b,3775635,FA Women's Super League,2020/2021,0
20ffb5ef-141c-4196-97aa-ca96cc466456,3775635,FA Women's Super League,2020/2021,0
77973b46-6d64-4795-931d-fa6da3a0a1d4,3775635,FA Women's Super League,2020/2021,0
5ebef309-99fe-4021-8871-e2bab6075755,3775635,FA Women's Super League,2020/2021,0
79d40582-dabd-49a7-9029-838f4f1856d0,3775635,FA Women's Super League,2020/2021,0
f097b34b-08cd-4aa1-a8e8-c6973e71eb16,3775635,FA Women's Super League,2020/2021,0
99bacc71-f076-4597-bdb6-92de7f406d4a,3775635,FA Women's Super League,2020/2021,0
83347831-0baa-41f5-b706-2da85ff95c61,3775635,FA Women's Super League,2020/2021,0
be8efbe6-15e1-4c28-8b30-153b5ac4040e,3775635,FA Women's Super League,2020/2021,0
fd7d850f-18eb-4fb1-8b69-9b6498d8309c,3775635,FA Women's Super League,2020/2021,0
7ba509db-2e0d-48bf-b607-c533dd15efc3,3775635,FA Women's Super League,2020/2021,0
e79559db-ec18-4882-ba64-ba21a880677f,3775635,FA Women's Super League,2020/2021,0
44f075b9-705a-4bfa-8a74-8ad4151f936f,3775635,FA Women's Super League,2020/2021,0
70b3f40a-5319-4932-978a-dd3c3d945d6d,3775635,FA Women's Super League,2020/2021,0
a5b7a195-081b-4829-87f8-c34c2fb8d4ce,3775635,FA Women's Super League,2020/2021,0
0b3ff374-5cfc-4a20-b28d-107fcac77af1,3775635,FA Women's Super League,2020/2021,0
1696a7b4-291a-4e88-8d63-160ba13fd0f4,3775635,FA Women's Super League,2020/2021,0
32d0b3c8-2b7d-443b-b9ad-4bcf5bbdfd38,3775635,FA Women's Super League,2020/2021,0
6012cfc2-b00c-4010-bebf-c06f1f6bc0fe,3775635,FA Women's Super League,2020/2021,0
4e67737d-095b-4dff-a6ab-83e5c32f5b4f,3775635,FA Women's Super League,2020/2021,0
8b65ebda-9e47-4a5b-9404-91fde66094d2,3775635,FA Women's Super League,2020/2021,0
71fa3c57-dc0e-49b9-a7b7-37f9c2902b51,3775650,FA Women's Super League,2020/2021,0
1edc6011-a616-47f7-9c9c-b1c8fbb68572,3775650,FA Women's Super League,2020/2021,0
fb16d623-7da2-4150-802e-b8b377bc0d41,3775650,FA Women's Super League,2020/2021,0
fe9dec69-d85e-475e-9cf2-9fde360d0daa,3775650,FA Women's Super League,2020/2021,0
771c21d0-a8f1-41de-90b9-82dc98bb6203,3775650,FA Women's Super League,2020/2021,0
9ec51521-0bd3-4454-9bea-18b2be16c21c,3775650,FA Women's Super League,2020/2021,0
623fd784-74b8-4ea5-b727-a1d47b1c97d3,3775650,FA Women's Super League,2020/2021,0
f383fcf5-d238-44ad-9ee9-c5a127abbfed,3775650,FA Women's Super League,2020/2021,0
08baba0b-4575-478d-91bb-8daf68f7df75,3775650,FA Women's Super League,2020/2021,1
9b55afd1-1fd3-49de-9d6a-1a962857d861,3775650,FA Women's Super League,2020/2021,0
4e00eebc-73a1-4d1e-8732-dc486e89a509,3775650,FA Women's Super League,2020/2021,0
99175384-40ec-4feb-8dc4-d1e4db3c6072,3775650,FA Women's Super League,2020/2021,0
8e812ba4-b162-43a5-b5ce-70c69657de66,3775650,FA Women's Super League,2020/2021,0
621e7ce3-b454-4d7f-9f6c-60cc4789c5c6,3775650,FA Women's Super League,2020/2021,0
d0774339-8c10-4a83-ae35-df7f3f2513a8,3775650,FA Women's Super League,2020/2021,0
2ed741f4-5268-4fe5-af4f-60f2bf5adb72,3775650,FA Women's Super League,2020/2021,0
d1ea63e6-dbc0-4130-b1c2-8c7079f25553,3775650,FA Women's Super League,2020/2021,0
e75fa66e-3cd1-4850-8c73-cc58f3ab8576,3775650,FA Women's Super League,2020/2021,0
b09c8e7e-acc3-4ac0-999c-807b06c21714,3775650,FA Women's Super League,2020/2021,0
2d2c86a4-97a3-47a8-aee9-f19e370290c0,3775650,FA Women's Super League,2020/2021,0
c4f842b1-534a-494f-a0cb-cbbd1b162abf,3775650,FA Women's Super League,2020/2021,0
df2c7701-ab2d-431f-8b4e-f48bfb2e4ca5,3775650,FA Women's Super League,2020/2021,0
1e443535-2c3a-46f6-b4f0-b5e65f417b93,3775650,FA Women's Super League,2020/2021,1
8fcc41bc-b52b-4fdd-aad6-6ef67bd518f1,3775650,FA Women's Super League,2020/2021,1
79755558-d9ad-47fe-ac0e-4b3e106f4d14,3775650,FA Women's Super League,2020/2021,0
7ad5c8aa-d6c9-42fc-8bed-e22a634fd138,3775650,FA Women's Super League,2020/2021,0
2ded436b-12f8-48bf-bd81-07e929761c9c,3775650,FA Women's Super League,2020/2021,1
6a9412e3-2107-42e4-af22-c1e86ef0f891,3775650,FA Women's Super League,2020/2021,0
38641993-d2f7-4fe6-9f83-08f828763822,3775650,FA Women's Super League,2020/2021,0
1edb3443-7812-41f4-b146-38995432a20d,3775650,FA Women's Super League,2020/2021,0
e62cb90d-eaf6-4619-b29b-ad192245b56a,3775650,FA Women's Super League,2020/2021,0
d969012e-3620-4737-af45-2a3ea0faf9e5,3775650,FA Women's Super League,2020/2021,0
f399322f-a697-45a0-b71c-910a30a8b416,3775650,FA Women's Super League,2020/2021,0
e1860251-48c9-41d0-8cdc-e1c86788e456,3775650,FA Women's Super League,2020/2021,0
aac09d83-75f7-416e-93ae-4a292028ce3b,3775650,FA Women's Super League,2020/2021,0
29a346ca-e3ea-4533-a280-d86a6c669756,3775647,FA Women's Super League,2020/2021,0
07971821-86ea-4c33-b553-b701aee8304e,3775647,FA Women's Super League,2020/2021,0
61630269-bd13-4f5c-ae09-fdc6507634c5,3775647,FA Women's Super League,2020/2021,0
8111bf58-d304-41d6-9efb-943746739f08,3775647,FA Women's Super League,2020/2021,0
002ca45f-d8eb-425a-8330-52e2d762a1c5,3775647,FA Women's Super League,2020/2021,0
82c9f93e-034a-42a9-bc78-ff28e2952b7c,3775647,FA Women's Super League,2020/2021,0
03b71d0c-599c-49b1-889e-7a398544f9d3,3775647,FA Women's Super League,2020/2021,0
3c3ec309-2a59-40db-bcd7-01fd99b6ca84,3775647,FA Women's Super League,2020/2021,0
eb56cf60-04a4-4746-9094-79725f52c37f,3775647,FA Women's Super League,2020/2021,0
a1c69128-9d78-4938-889e-11947eaeeaf6,3775647,FA Women's Super League,2020/2021,0
9c8fa227-cf8e-4e1a-8c42-867d86eab426,3775647,FA Women's Super League,2020/2021,0
26e574de-01ed-4df4-8ba5-da23db140820,3775647,FA Women's Super League,2020/2021,0
04c5f6a3-3ac2-46e2-a965-504488ac2523,3775647,FA Women's Super League,2020/2021,0
09148682-72a1-4ef0-808a-c049bc6c4160,3775647,FA Women's Super League,2020/2021,0
d14899c9-da04-409d-a9a3-6b29cba07198,3775647,FA Women's Super League,2020/2021,0
b84edb01-aa15-4513-b76c-1412736ddbe3,3775647,FA Women's Super League,2020/2021,0
d71232e5-2de8-4d45-8e9f-e819254ec78e,3775647,FA Women's Super League,2020/2021,0
f7d1c88b-739e-4b5b-8cc2-c85749cbf092,3775647,FA Women's Super League,2020/2021,0
676e87f8-3d9d-4e76-8593-b66c7b93aa6b,3775647,FA Women's Super League,2020/2021,0
f16d2539-7622-4fce-8c41-db8d29b7c611,3775647,FA Women's Super League,2020/2021,0
437e75c0-f668-40c7-b0ea-47eb68610dd5,3775647,FA Women's Super League,2020/2021,0
6c9190a8-557d-40ce-8b5c-4eb463250316,3775647,FA Women's Super League,2020/2021,0
457103a6-9e20-4cf0-93c4-cf3d17dfbda7,3775647,FA Women's Super League,2020/2021,0
29f8e309-0949-4702-832b-0900fe5e1b75,3775647,FA Women's Super League,2020/2021,0
cd994c10-c42e-4b22-a397-155d3967d72a,3775659,FA Women's Super League,2020/2021,0
76795e3b-bc4e-468f-b57d-133b31fa239a,3775659,FA Women's Super League,2020/2021,0
af7d67f9-955c-4551-afcf-ee6db6eb085c,3775659,FA Women's Super League,2020/2021,1
2441634e-82be-4d83-8284-6a8338701cce,3775659,FA Women's Super League,2020/2021,0
6f72e827-be1c-4092-afbf-31fe376b342a,3775659,FA Women's Super League,2020/2021,0
1c38a4dd-8f66-4ab5-a5ed-806369d0792d,3775659,FA Women's Super League,2020/2021,0
10db5fd4-37a7-4534-aba9-da0f46340c9d,3775659,FA Women's Super League,2020/2021,0
f56a12f7-28ca-44a5-9faa-0e86895a472a,3775659,FA Women's Super League,2020/2021,0
53ec5e90-f7cc-4b15-bff1-8317d0a06928,3775659,FA Women's Super League,2020/2021,0
134d4c20-c796-474c-bccc-ff620d07a9c5,3775659,FA Women's Super League,2020/2021,0
deb3867a-e368-4062-96ce-cb2a699f79e4,3775659,FA Women's Super League,2020/2021,0
ceec5d79-1c04-4cee-9cf6-cc535456a7b8,3775659,FA Women's Super League,2020/2021,0
62c4d66e-1f56-459d-a4a7-367444bce6ef,3775659,FA Women's Super League,2020/2021,0
36101774-d417-4d89-a15c-39eb4eb248c7,3775659,FA Women's Super League,2020/2021,0
f592bf0e-c35e-4cc3-81c4-ea6e3844a1b4,3775659,FA Women's Super League,2020/2021,0
093f3ac1-2bbc-411a-be9f-b506bed7ca5f,3775659,FA Women's Super League,2020/2021,0
abeb0c7a-7c5f-4932-ba11-411bf9bc1007,3775659,FA Women's Super League,2020/2021,0
70c431a8-a625-4b50-bd56-e55e329dec9a,3775659,FA Women's Super League,2020/2021,0
0f79e137-1bb3-4192-8b7b-1e26c61c670f,3775659,FA Women's Super League,2020/2021,1
a6c24f48-fe1e-420f-afc8-020ede720cf5,3775659,FA Women's Super League,2020/2021,0
3490c223-1032-4375-8f9d-4c9715bc4559,3775659,FA Women's Super League,2020/2021,0
27561a3a-5365-4065-a684-2f6895d83b05,3775659,FA Women's Super League,2020/2021,0
57f946cd-2977-4f47-a945-8580ea504271,3775659,FA Women's Super League,2020/2021,0
4fa548b0-5376-4957-881c-d3f0404f094d,3775659,FA Women's Super League,2020/2021,0
e06735b2-fee8-4f48-821d-77b561deeed5,3775659,FA Women's Super League,2020/2021,0
cc62717a-6daa-421c-905e-b5d73a6aae82,3775659,FA Women's Super League,2020/2021,0
52438cfd-6cf6-4e7b-abe2-01f58b00d48b,3775659,FA Women's Super League,2020/2021,0
0e4c6314-9a4f-4aee-8f25-08321787205f,3775659,FA Women's Super League,2020/2021,0
96d50035-1d46-4a7c-ad77-dd8260fd20f2,3775657,FA Women's Super League,2020/2021,1
ad6679fe-31a3-4bae-aac6-29225f700b1e,3775657,FA Women's Super League,2020/2021,0
749b688a-a464-483f-9030-7a8bed91c252,3775657,FA Women's Super League,2020/2021,0
f219fa03-d4ab-4665-9eb3-7ab7ac0ecbb7,3775657,FA Women's Super League,2020/2021,0
6e297fc5-2086-49f4-9cb6-1f9b04f74b6e,3775657,FA Women's Super League,2020/2021,0
10b58a64-8d76-46d6-9cdb-05d6cf678e1c,3775657,FA Women's Super League,2020/2021,0
ca38c6b5-6eb8-4ac2-b537-3f284b368442,3775657,FA Women's Super League,2020/2021,0
bb186dc1-5ba7-4aa8-bb54-6805fefa27ba,3775657,FA Women's Super League,2020/2021,1
7c3ecf59-eeb1-411c-a905-ada81ca0ff5f,3775657,FA Women's Super League,2020/2021,1
cfa35fbd-e6ff-4820-a53c-3329a20b9dc9,3775657,FA Women's Super League,2020/2021,0
877087d4-7ccf-4962-8718-da939178ba28,3775657,FA Women's Super League,2020/2021,0
4a9520e6-aefb-4a6b-b875-48de9025442c,3775657,FA Women's Super League,2020/2021,0
cd2fcdcb-8b0b-4a1d-bb73-d38b505aa06b,3775657,FA Women's Super League,2020/2021,0
4542185d-f774-4b28-a424-2ed90610a45a,3775657,FA Women's Super League,2020/2021,0
b57daa42-3c80-4f52-85b8-81949ef9f342,3775657,FA Women's Super League,2020/2021,0
430128a4-96d3-48fd-9065-db6ecc0eff6b,3775657,FA Women's Super League,2020/2021,0
9221b396-3de9-42b4-93c2-e4c85a5e87f0,3775657,FA Women's Super League,2020/2021,0
88f812c0-1620-42e5-abb5-c229334a57fd,3775657,FA Women's Super League,2020/2021,1
61983d13-ae2e-4003-ad0a-281f563fc951,3775657,FA Women's Super League,2020/2021,0
a92626c0-d93d-4ddb-b9b4-8c52c46b48e9,3775657,FA Women's Super League,2020/2021,0
45955546-bae2-4681-975c-7e0d8b561e7c,3775657,FA Women's Super League,2020/2021,0
2173d54b-109f-45a7-8a92-7e015d9f5323,3775657,FA Women's Super League,2020/2021,0
bb449029-feb3-436f-bdeb-b9c7b34bd592,3775649,FA Women's Super League,2020/2021,0
914b2383-95a7-4e89-8558-77ac6362d8b4,3775649,FA Women's Super League,2020/2021,0
7ff27948-a790-4710-b3b6-0f93aefd3832,3775649,FA Women's Super League,2020/2021,1
9af1436e-2e6c-4807-a719-461d866fd424,3775649,FA Women's Super League,2020/2021,1
57399e74-cb2d-4228-beb1-e17ee3c5bb67,3775649,FA Women's Super League,2020/2021,1
8ff7d0f0-b0b5-44a4-8386-6d9ec07ed63e,3775649,FA Women's Super League,2020/2021,0
4a4ab288-d840-4760-958a-4361de04cdfa,3775649,FA Women's Super League,2020/2021,0
511dff0f-f788-4572-ae27-a044b3fa6a12,3775649,FA Women's Super League,2020/2021,0
8df2a05a-4af8-4cc2-8dcb-a9bf2fddf1ba,3775649,FA Women's Super League,2020/2021,0
ec2d81fc-6928-45f1-a5aa-47728c5576fd,3775649,FA Women's Super League,2020/2021,1
fb9286f6-c683-442e-9a9b-29e040f2502d,3775649,FA Women's Super League,2020/2021,1
16f3ac21-dcff-4303-9f32-1621585de5e1,3775649,FA Women's Super League,2020/2021,0
8d21838c-c409-43d8-bc53-6c81e22ad266,3775649,FA Women's Super League,2020/2021,0
6c341143-908b-4ed4-8bd0-b88f89161811,3775649,FA Women's Super League,2020/2021,0
e4d1ba72-498b-4a16-8fff-bcc4ec2e19f0,3775649,FA Women's Super League,2020/2021,0
0a080977-cde6-4779-97e9-6ce7501740a1,3775649,FA Women's Super League,2020/2021,0
bde43d28-78e4-4113-bc99-e7afed10fa5f,3775649,FA Women's Super League,2020/2021,0
e4b5bda8-b3e1-45b5-87b1-e94533329788,3775649,FA Women's Super League,2020/2021,0
e80ffdbe-c27e-45ff-a44f-a914bb71f205,3775649,FA Women's Super League,2020/2021,0
635496d2-2ba3-4f35-ab83-07697101c338,3775649,FA Women's Super League,2020/2021,0
ad50b3c2-41d8-4de9-bb19-72788e22fa65,3775649,FA Women's Super League,2020/2021,0
37d77da0-d42e-4ccb-94a0-9abd3d21db44,3775649,FA Women's Super League,2020/2021,0
1822082c-28b8-4510-a81a-6b2dc7170c74,3775649,FA Women's Super League,2020/2021,0
d3d32dc3-724a-41f1-ba56-5f988a0216bc,3775649,FA Women's Super League,2020/2021,0
e02a693c-c236-4140-ba29-49ad1bb87e28,3775649,FA Women's Super League,2020/2021,0
d6a92aef-83b5-49ad-9f0d-ea6d5795f3c6,3775645,FA Women's Super League,2020/2021,0
7f635e6a-e544-470a-98e0-483746eea066,3775645,FA Women's Super League,2020/2021,0
1697d21f-1c3e-4946-afdf-9b44f7b89d01,3775645,FA Women's Super League,2020/2021,0
e5909344-d6a8-4b2c-9e73-36955c287960,3775645,FA Women's Super League,2020/2021,0
5a8ae229-650a-4453-a481-d68478a6fa78,3775645,FA Women's Super League,2020/2021,0
16dcd199-37c2-4959-81b3-fc69e739460e,3775645,FA Women's Super League,2020/2021,1
5668c839-6e34-49b8-ba24-78f50ceb296d,3775645,FA Women's Super League,2020/2021,0
db87f225-f603-4b03-8257-8e5131374053,3775645,FA Women's Super League,2020/2021,0
be077c5a-d58e-43e6-979e-186e63666988,3775645,FA Women's Super League,2020/2021,0
94c35ef9-33c6-4a9c-bec6-b0c2494c7b6a,3775645,FA Women's Super League,2020/2021,0
5ed0b9bd-b266-4b0e-8e8b-e456d4eff7b0,3775645,FA Women's Super League,2020/2021,0
f7236db3-9d30-4961-a626-4dbfbde3014b,3775645,FA Women's Super League,2020/2021,0
69756b7f-5487-46db-83a6-a052fd8c4962,3775645,FA Women's Super League,2020/2021,0
7a887913-33fc-42df-86bf-8c57226c990b,3775645,FA Women's Super League,2020/2021,0
79b8684c-9347-464a-9b83-c8e340108252,3775645,FA Women's Super League,2020/2021,0
be516b0c-ff76-4c0f-8b6d-14600431b8e2,3775645,FA Women's Super League,2020/2021,0
cfaf8f17-30ac-4956-b402-58936c51d576,3775645,FA Women's Super League,2020/2021,0
a096c55b-ca5c-4c02-9ca6-1ba2ed9c2757,3775645,FA Women's Super League,2020/2021,0
86253de8-5d09-43a5-bb74-b80543c7c192,3775645,FA Women's Super League,2020/2021,0
b91d8393-2bbc-4d0e-baa8-deb79ff83f78,3775645,FA Women's Super League,2020/2021,0
29e335de-5a4c-4960-9557-5ffcc9203a6d,3775645,FA Women's Super League,2020/2021,0
947be6ba-8b51-4cf7-ba3d-03b6d58e1ef4,3775645,FA Women's Super League,2020/2021,0
e9c7d46d-7c05-493d-bf69-dc6fc476be6e,3775645,FA Women's Super League,2020/2021,1
f3483d56-a933-4005-bbfb-68d90b480909,3775645,FA Women's Super League,2020/2021,0
dbdd115d-ed3e-42a2-abce-5ad623bc90e1,3775645,FA Women's Super League,2020/2021,0
6c346538-7a18-4406-a79c-d6bf82424548,3775645,FA Women's Super League,2020/2021,1
abb73dba-f15b-4823-9994-6186b31eb53a,3775645,FA Women's Super League,2020/2021,0
3164c77b-bcd6-4a8f-9042-46eb1a24099a,3775645,FA Women's Super League,2020/2021,0
e4d2edab-5a1c-458d-9180-18f48f46f6f4,3775645,FA Women's Super League,2020/2021,0
fcafa30f-e54e-4145-a672-547bb4895ea5,3775645,FA Women's Super League,2020/2021,0
b989f114-e3f0-4aeb-ba57-05d913b11083,3775645,FA Women's Super League,2020/2021,0
7a3362e5-434e-477c-aab3-eca778bd2556,3775645,FA Women's Super League,2020/2021,1
caf72087-2bc1-4e0c-8db0-7659ae462a67,3775639,FA Women's Super League,2020/2021,0
4579c16d-bbb7-446a-ad3a-1373798e218b,3775639,FA Women's Super League,2020/2021,0
7063e843-7a16-4945-9f9f-219d70dc3832,3775639,FA Women's Super League,2020/2021,0
ba6763a5-7e64-44fb-8abb-36035d97e445,3775639,FA Women's Super League,2020/2021,0
224863c7-5527-422c-a18e-c53c91f47a1a,3775639,FA Women's Super League,2020/2021,0
374bd7b6-7d13-43d2-b0c2-4397842f896a,3775639,FA Women's Super League,2020/2021,0
ba8a1ba7-bccb-495f-bd6b-7d5ea4771c2b,3775639,FA Women's Super League,2020/2021,0
fd8a84ac-1a1c-4f84-b2f8-c31b962bd0e5,3775639,FA Women's Super League,2020/2021,0
0f5bf205-3369-4a09-9a4a-aa05417ce7b1,3775639,FA Women's Super League,2020/2021,0
89cac8bb-7635-40c3-9733-a8e1fc70e1fb,3775639,FA Women's Super League,2020/2021,0
6f1f2d1d-7b0a-4c10-8967-0ec85db4d4d1,3775639,FA Women's Super League,2020/2021,1
18a751a2-5829-4c52-aa4b-19e73c25d018,3775639,FA Women's Super League,2020/2021,0
2bf20fa6-134c-405a-83c7-be6b6fa1d352,3775639,FA Women's Super League,2020/2021,0
057b76d5-8ff8-42a9-9fc1-002ac9127622,3775639,FA Women's Super League,2020/2021,0
14cf117d-7a6f-4a87-9ad6-50ec0dc637d6,3775642,FA Women's Super League,2020/2021,0
5ee0e5f2-a70d-41b1-87e3-26f734f1ae40,3775642,FA Women's Super League,2020/2021,0
544ea14a-3042-4c7d-9efe-e1ce37f63ace,3775642,FA Women's Super League,2020/2021,0
93cc5a54-053d-4b99-9026-5f4c69415b23,3775642,FA Women's Super League,2020/2021,0
aa706827-103a-4141-9c26-62fd61e26d6c,3775642,FA Women's Super League,2020/2021,0
442a5195-a953-4091-ac91-633971047564,3775642,FA Women's Super League,2020/2021,1
c8234ae2-1735-4129-b2f1-d3987bdaaa13,3775642,FA Women's Super League,2020/2021,0
ebedf260-022f-426a-a31a-fe3fe7604df2,3775642,FA Women's Super League,2020/2021,0
ed90dc33-8d4f-4291-9c40-87bb4f903a39,3775642,FA Women's Super League,2020/2021,0
c21823ce-506b-4243-84f4-3bb73e5f3c5b,3775642,FA Women's Super League,2020/2021,0
1bf9f1cb-4904-4385-b28e-948659a4b4c2,3775642,FA Women's Super League,2020/2021,0
df20812a-9bdd-4c9e-bfd5-0ebf00a958c0,3775642,FA Women's Super League,2020/2021,0
c1f09338-7b4f-4947-b3b4-b277bf696be1,3775642,FA Women's Super League,2020/2021,0
3e152e61-10a8-42e4-8778-7cb46ca6a43e,3775642,FA Women's Super League,2020/2021,0
feddfe1c-47b6-4fdd-b3c2-7cbe96283c24,3775642,FA Women's Super League,2020/2021,0
439a0af7-1672-4ebf-963a-af924b438b3a,3775642,FA Women's Super League,2020/2021,0
29d1706e-c0ef-41ae-b017-8e6db037e196,3775642,FA Women's Super League,2020/2021,0
07037c0f-bc1a-4804-b018-92962ebb1bad,3775642,FA Women's Super League,2020/2021,0
4e3b1d22-b04c-4b81-b5a9-b1381abf23d5,3775642,FA Women's Super League,2020/2021,0
465b9ff2-3a5c-4a30-835b-87aedfb737c9,3775642,FA Women's Super League,2020/2021,0
872b1c5c-f4eb-4a5d-80ef-a8f96c07fbcc,3775642,FA Women's Super League,2020/2021,0
fa587eaa-0729-4bc8-b7b1-278eba68b0a6,3775642,FA Women's Super League,2020/2021,0
a1d11b90-2621-49af-9252-2bb1a40de157,3775642,FA Women's Super League,2020/2021,0
93dd98b6-0f31-4505-870f-db91b3e2e815,3775642,FA Women's Super League,2020/2021,0
7a59899f-fb29-497a-83af-3a28a29c30ab,3775642,FA Women's Super League,2020/2021,0
088c520a-354e-4763-a0e6-b149048c6d6e,3775642,FA Women's Super League,2020/2021,0
2cc9639e-6f48-42d4-a3d7-56e9482cd8c6,3775646,FA Women's Super League,2020/2021,1
54a95c39-4066-45d8-9a69-0aaddca74eee,3775646,FA Women's Super League,2020/2021,0
5954af79-d471-4bb6-a4c5-afd21e495baf,3775646,FA Women's Super League,2020/2021,0
6f15d796-a224-478b-a4d1-5dd948794b19,3775646,FA Women's Super League,2020/2021,0
ac57d9af-98e8-4148-9199-1d665d7634ed,3775646,FA Women's Super League,2020/2021,0
17a89bf0-ed66-4a37-96f3-3a2554cb69a2,3775646,FA Women's Super League,2020/2021,1
14bdcc89-23b7-4099-9fdf-fe4336d26948,3775646,FA Women's Super League,2020/2021,0
0961b06a-3e73-4c27-9c15-567fb4626e9d,3775646,FA Women's Super League,2020/2021,0
74c9d93a-bc6c-4f75-9e49-d21f183e0340,3775646,FA Women's Super League,2020/2021,0
5100a760-053a-4951-822f-6f9c89a927f9,3775646,FA Women's Super League,2020/2021,0
4775e9af-d068-4859-b078-3c11e78a0403,3775646,FA Women's Super League,2020/2021,0
2fe00d40-0d66-484b-b27e-2dab2575fdf6,3775646,FA Women's Super League,2020/2021,0
8db71e00-744b-4c8d-81cc-d6bc1a7d6bf0,3775646,FA Women's Super League,2020/2021,1
9824ae2e-3cc7-443d-b944-d146e5ca4bbd,3775646,FA Women's Super League,2020/2021,1
7ad3e8aa-2164-4589-a8d8-caac7c95aa73,3775646,FA Women's Super League,2020/2021,0
f0e1b07a-d5e4-42da-a322-61dcb7b940cb,3775646,FA Women's Super League,2020/2021,0
0c8b881c-450a-4d81-99fd-061f6075e000,3775646,FA Women's Super League,2020/2021,0
11336ca5-7ffc-4443-b206-7a0e93c77f3b,3775646,FA Women's Super League,2020/2021,0
1a7cc11e-4b46-4b5b-8740-d7bb7caad53b,3775646,FA Women's Super League,2020/2021,0
b77de44b-513d-4954-8166-e3277804c493,3775655,FA Women's Super League,2020/2021,0
8c032587-a237-4421-b5f5-f6fe50f7ee2f,3775655,FA Women's Super League,2020/2021,0
2325c15e-5512-4f33-90b8-f84f9f24b892,3775655,FA Women's Super League,2020/2021,0
b054fc4e-d003-4881-b6c7-7399868390df,3775655,FA Women's Super League,2020/2021,0
41c9f5b8-3422-4e4b-a440-c89409593b0f,3775655,FA Women's Super League,2020/2021,0
53d5686f-6852-4ed4-9d62-b57afdffb487,3775655,FA Women's Super League,2020/2021,0
17fd42c5-559a-44b0-9e3f-4bfbe2533ae6,3775655,FA Women's Super League,2020/2021,0
bf0a8753-a00e-4034-bcd4-61a5948643d9,3775655,FA Women's Super League,2020/2021,0
ba88b288-fb72-41e6-8bb4-576bdfa32276,3775655,FA Women's Super League,2020/2021,0
a6338352-9c2a-49cb-ad71-999f912f9ebb,3775655,FA Women's Super League,2020/2021,1
355d8d49-f64b-4c73-9d8e-9479edeaa5fe,3775655,FA Women's Super League,2020/2021,0
2595a452-3603-416c-9867-f5574aa59d91,3775655,FA Women's Super League,2020/2021,0
10dbd434-8f68-40c8-96bf-f58d55724283,3775655,FA Women's Super League,2020/2021,0
4a79e5b9-c2d9-4bf8-b768-3e77d0e92f1f,3775655,FA Women's Super League,2020/2021,0
eb99dcc7-934f-4b0a-a908-c77e042407d6,3775655,FA Women's Super League,2020/2021,0
cead9b3f-6db9-4482-8f0c-505b15b4d9b9,3775655,FA Women's Super League,2020/2021,0
98d0eb16-5768-4809-b739-c9d6b824c9f5,3775655,FA Women's Super League,2020/2021,0
1245084a-30ab-4a6e-9859-6e06187ddd8e,3775655,FA Women's Super League,2020/2021,0
a2a93a0c-e7ba-47da-98f8-376f6900df15,3775655,FA Women's Super League,2020/2021,0
c7af1b94-c335-4218-a258-7ea959756854,3775640,FA Women's Super League,2020/2021,0
7b9a4967-3943-4e7f-82b0-72f414480400,3775640,FA Women's Super League,2020/2021,0
05919442-7ffe-40ae-a1d0-2fa73ba805cb,3775640,FA Women's Super League,2020/2021,0
b570cff4-4eb0-46fc-8011-6ddb13ee5d01,3775640,FA Women's Super League,2020/2021,0
8ff42a41-b434-49f9-a386-0244daf6df00,3775640,FA Women's Super League,2020/2021,0
c9871b4f-fceb-4e20-84c2-2535bff916f5,3775640,FA Women's Super League,2020/2021,0
028de8b1-2862-4f73-a4d3-5bf43cae9bdf,3775640,FA Women's Super League,2020/2021,0
15f4c72e-0f5d-429c-a517-c9ee6ca868ed,3775640,FA Women's Super League,2020/2021,0
0da3a329-d4d9-417a-8907-a0386803fcc1,3775640,FA Women's Super League,2020/2021,0
6b70212f-d8ce-4e53-9cc7-81117d48f557,3775640,FA Women's Super League,2020/2021,0
efbb32ce-a7e6-48eb-8463-2b1fac279449,3775640,FA Women's Super League,2020/2021,0
a0d173e6-476f-4a2e-9bed-6622d321dade,3775640,FA Women's Super League,2020/2021,0
eb194687-d43a-405b-8735-1e0b15214dc0,3775640,FA Women's Super League,2020/2021,0
78597f45-de11-4a88-8d12-abf7df5466d0,3775640,FA Women's Super League,2020/2021,0
365ccd87-9052-4abf-ace9-48a2124c325e,3775640,FA Women's Super League,2020/2021,0
a1f849ad-fd0e-4eb0-a6b9-d2c170ada0f3,3775640,FA Women's Super League,2020/2021,0
4db6f04f-716a-4a4f-8ddc-c4bfc4fbc925,3775640,FA Women's Super League,2020/2021,0
fb3e77ec-6481-4cb5-89e5-17ed53560fce,3775640,FA Women's Super League,2020/2021,0
c167709f-f649-4fc4-934b-d07f1578b81b,3775640,FA Women's Super League,2020/2021,0
f1adc791-2f45-44cb-bb0f-e470bf11781a,3775640,FA Women's Super League,2020/2021,0
39326efd-c42e-4019-b294-450217c34733,3775640,FA Women's Super League,2020/2021,1
29aa9973-dfba-4e56-9ca4-2ddd96a9602d,3775640,FA Women's Super League,2020/2021,1
1b2d68b5-c03c-473a-8b5b-595481e0444a,3775640,FA Women's Super League,2020/2021,0
77edd32e-2200-4d0f-bb14-0fb4bb231528,3775640,FA Women's Super League,2020/2021,0
63d1da36-9d2f-4eae-b2a4-58bc010c1683,3775640,FA Women's Super League,2020/2021,0
3ae7c93f-759c-4c42-85d9-f69836b95a04,3775640,FA Women's Super League,2020/2021,0
736b2e4f-4e01-4473-be0c-fc7c7924488a,3775640,FA Women's Super League,2020/2021,0
6023209f-d2a7-41b1-b11f-4a53364219f0,3775640,FA Women's Super League,2020/2021,0
84750f2e-2725-4f1b-9b71-2d7e56d3ca25,3775658,FA Women's Super League,2020/2021,0
16e46902-9881-4536-bea4-9bf1499e144e,3775658,FA Women's Super League,2020/2021,1
47e648f3-70a9-4620-a77d-a4b97e34ee61,3775658,FA Women's Super League,2020/2021,0
68d12478-0cda-4779-812b-68cc227ed762,3775658,FA Women's Super League,2020/2021,0
0a615a61-c252-4263-84b6-d89bf2670bf0,3775658,FA Women's Super League,2020/2021,0
f3165e0c-ed70-427e-aaff-7286d5b4ad51,3775658,FA Women's Super League,2020/2021,0
ae281283-d487-496d-87cb-ee251f5f3731,3775658,FA Women's Super League,2020/2021,0
b859f8aa-33b8-4e97-85b7-e0f51b00bcc0,3775658,FA Women's Super League,2020/2021,0
72b598ee-e949-472d-a95c-a7a96e347f26,3775658,FA Women's Super League,2020/2021,0
21003dec-e293-47be-840a-780d33909e37,3775658,FA Women's Super League,2020/2021,0
6cfbbe61-fbe7-41ba-9b76-7b2f6795ee34,3775658,FA Women's Super League,2020/2021,0
cd66e70c-4005-434e-87e8-de7f9ba4a74c,3775658,FA Women's Super League,2020/2021,0
26e4633c-2e81-4ba2-b6bb-78cc96a649ee,3775658,FA Women's Super League,2020/2021,0
17ab43b0-cd35-48b2-92bf-bba0abaf72e0,3775658,FA Women's Super League,2020/2021,0
56b73542-600a-47db-9753-b49f23bc8657,3775658,FA Women's Super League,2020/2021,0
d1903bbf-d362-4130-84be-461cc7c92818,3775658,FA Women's Super League,2020/2021,0
cb5ce274-db9c-4caf-8013-3d7966127c3d,3775658,FA Women's Super League,2020/2021,1
69e4d41b-9535-41ec-a072-bdb407352bf9,3775658,FA Women's Super League,2020/2021,0
b3b13d4b-a20c-4cd4-ac7e-676915b72caa,3775658,FA Women's Super League,2020/2021,0
d1f296a4-8296-40b3-a431-909deb931046,3775658,FA Women's Super League,2020/2021,0
bd9c28a1-dd70-47c2-bbbd-cce2d68b43b8,3775658,FA Women's Super League,2020/2021,0
2048ced5-d1be-4eef-bf00-68ebc0ae978e,3775658,FA Women's Super League,2020/2021,0
b9f4609a-d385-403f-9cd1-209bd801ceff,3775658,FA Women's Super League,2020/2021,0
7f2ade3c-b9b3-4154-afed-3fbc13fe67d8,3775658,FA Women's Super League,2020/2021,0
29b256af-e8d9-438c-8f58-a77085906a84,3775658,FA Women's Super League,2020/2021,1
9558a54b-c03b-4f15-a250-8e42b00cdb93,3775623,FA Women's Super League,2020/2021,0
e6d891b8-4e02-4cc1-9f30-8349b44630af,3775623,FA Women's Super League,2020/2021,0
7be308e0-0702-4cd6-9927-10c530116065,3775623,FA Women's Super League,2020/2021,0
f0cea4a1-95fc-4e0e-a0b8-8ec6d029b11c,3775623,FA Women's Super League,2020/2021,0
c62a313b-9324-4452-8bfd-2e3a97a7974b,3775623,FA Women's Super League,2020/2021,0
b69f6574-22f9-4f60-b742-cab653f4cadd,3775623,FA Women's Super League,2020/2021,0
b5de7985-6277-4608-9b94-ab4c7e969cc3,3775623,FA Women's Super League,2020/2021,0
48e3ced3-3676-44c4-85be-ec0e82c2e0eb,3775623,FA Women's Super League,2020/2021,0
fd5266ad-c1ee-407c-b8ab-f17c435d3c21,3775623,FA Women's Super League,2020/2021,0
2511d6d1-172c-486f-a1c5-053e6b3f4f76,3775623,FA Women's Super League,2020/2021,0
e61407ab-521e-4b16-b82e-1e35f7008093,3775623,FA Women's Super League,2020/2021,0
0332e74f-955d-4357-89fc-1a97350febf6,3775623,FA Women's Super League,2020/2021,0
4edb613e-1c67-4f60-8b1b-cc1d28e4f2f0,3775623,FA Women's Super League,2020/2021,0
12836377-d1cd-4f86-9959-cf904e24aeae,3775623,FA Women's Super League,2020/2021,0
ca7350a7-82a9-4941-a3ee-faf299d404fd,3775623,FA Women's Super League,2020/2021,0
b78cef09-a1b1-4802-9281-ae1619fc5b92,3775623,FA Women's Super League,2020/2021,1
7bbc3003-f8b0-47be-8a02-e3e7da72e19b,3775623,FA Women's Super League,2020/2021,0
a37a2a8b-33c6-456a-bd35-435d79bddeb8,3775623,FA Women's Super League,2020/2021,0
79a7122f-f6ec-4847-8f8e-5414e507e069,3775623,FA Women's Super League,2020/2021,0
461fe001-f812-4113-978c-19a3a2986d4d,3775623,FA Women's Super League,2020/2021,0
bade475e-f24a-4b17-8949-2b262f6f2df8,3775623,FA Women's Super League,2020/2021,0
c5386ddd-3fee-4450-87bf-83b6e39fa036,3775623,FA Women's Super League,2020/2021,0
7b476a34-f4d6-4a1d-aea5-23ea7498d860,3775623,FA Women's Super League,2020/2021,0
971a2131-c5de-4506-a9e4-1a1fdac0e03f,3775623,FA Women's Super League,2020/2021,0
fcc8ec8c-a8ee-4def-a607-297dba151cf1,3775566,FA Women's Super League,2020/2021,0
ba2e3ad2-38e2-4bcd-87ba-a195023462fd,3775566,FA Women's Super League,2020/2021,0
7a19d452-23d6-4d23-a381-a50cc6dc3425,3775566,FA Women's Super League,2020/2021,0
de0a0cb6-a03f-46da-8892-83d1f7fe8a80,3775566,FA Women's Super League,2020/2021,0
d2fa5fdd-8bdc-4244-8616-a8d7afcfa1f1,3775566,FA Women's Super League,2020/2021,0
3f1b17c2-59a8-4fdb-95bd-b0b149df2c48,3775566,FA Women's Super League,2020/2021,0
1a57282f-0f5f-475b-ab83-ec7c66d1ac95,3775566,FA Women's Super League,2020/2021,0
96f84961-551c-48c5-adf3-4cc1db44e2a9,3775566,FA Women's Super League,2020/2021,0
50a43239-ec04-4dfe-808d-db07ec91a4cb,3775566,FA Women's Super League,2020/2021,0
7ae93c1b-8693-4e73-ae73-b6ffc80ac58f,3775566,FA Women's Super League,2020/2021,1
08e5293a-77b2-4f15-8e12-d1e533498128,3775566,FA Women's Super League,2020/2021,0
d1d2b8f0-40ef-4eaa-a1a2-2056de9a427c,3775566,FA Women's Super League,2020/2021,0
86de606d-3732-4281-b0ff-4b518ef98e24,3775566,FA Women's Super League,2020/2021,0
70585a54-f8b6-49af-a755-9723ab5e6f09,3775566,FA Women's Super League,2020/2021,0
1d246f13-44bd-43e6-bdaa-f07b7b7bdcae,3775566,FA Women's Super League,2020/2021,0
778bc37a-d632-4ad8-8b18-cea9331e6a40,3775566,FA Women's Super League,2020/2021,0
f5bc6b01-6918-443e-89f6-9f5a3c5fad0b,3775566,FA Women's Super League,2020/2021,0
520e60f4-c840-4407-8b3c-500ba116a330,3775566,FA Women's Super League,2020/2021,0
9b7f1aa6-2b08-416b-8e2b-5014f566ce23,3775566,FA Women's Super League,2020/2021,0
2ffc58d3-7aee-4afe-9c46-59bef521befe,3775566,FA Women's Super League,2020/2021,0
f8b26bb7-e236-4678-bd03-cd1e43f546b8,3775566,FA Women's Super League,2020/2021,0
f62b57ae-f28d-4143-b062-6b26e790129a,3775566,FA Women's Super League,2020/2021,0
1ef3a9c3-bc94-4064-bb54-a1f7303fb657,3775566,FA Women's Super League,2020/2021,0
d3bd2bb4-1ab6-4993-8152-96edb1b5415f,3775566,FA Women's Super League,2020/2021,0
d4421edc-e9ac-4520-a77c-c9385dbe9681,3775566,FA Women's Super League,2020/2021,0
77c2ea64-083c-48c5-aea2-c0cbae2262a2,3775566,FA Women's Super League,2020/2021,0
36b5bee4-4234-4127-9e3e-a46b339f512c,3775566,FA Women's Super League,2020/2021,0
64cc070a-b86f-4af4-928e-8ab707dcd3f2,3775566,FA Women's Super League,2020/2021,0
fccde73b-2f2e-4f59-82cf-f8e468b0ae12,3775566,FA Women's Super League,2020/2021,0
4e537f01-8a19-47e5-8205-6b3e13b63189,3775566,FA Women's Super League,2020/2021,0
66f86e1b-f769-4348-a299-41ae2077e3bd,3775566,FA Women's Super League,2020/2021,0
56105b4a-3021-40f1-b23e-3c1830648647,3775566,FA Women's Super League,2020/2021,0
451638a9-d0a9-4f14-9e34-fd8112b36fcc,3775566,FA Women's Super League,2020/2021,0
aa084dda-fe01-4c1d-be0e-5ee3a371dc37,3775566,FA Women's Super League,2020/2021,0
a3ef393b-05cc-4fbf-b2f4-3f62586150c1,3775566,FA Women's Super League,2020/2021,0
3ac6a359-25e1-494a-ae63-40c135df400a,3775566,FA Women's Super League,2020/2021,0
8e9d0c4d-2dc6-4cea-b55b-1aab2a4bc89d,3775566,FA Women's Super League,2020/2021,0
29145275-0bde-4ed4-9322-0c6a81ba123c,3775566,FA Women's Super League,2020/2021,0
a69b6ece-7fd8-4454-a299-0960245129f2,3775566,FA Women's Super League,2020/2021,1
c33c9a03-f1d0-4c73-8803-609c52024f9c,3775546,FA Women's Super League,2020/2021,0
976b2d7b-b1ad-49f2-85ec-5e83881e1b46,3775546,FA Women's Super League,2020/2021,0
248fa465-7794-4656-847d-7e61f6497433,3775546,FA Women's Super League,2020/2021,0
cfccab0f-e4d2-4f51-bc2c-b77d921d9f75,3775546,FA Women's Super League,2020/2021,0
81b38c41-f91a-4634-93e7-df6df91ae69b,3775546,FA Women's Super League,2020/2021,0
97e27ac3-bdae-4f86-940c-c880bd9b6c3f,3775546,FA Women's Super League,2020/2021,0
99f45a05-0805-443d-ac63-035e4ea7eab4,3775546,FA Women's Super League,2020/2021,0
b17e43db-79b6-463d-b0cd-caf1f2696c19,3775546,FA Women's Super League,2020/2021,0
ca2e4efd-589b-4741-9475-613fd78481d1,3775546,FA Women's Super League,2020/2021,0
a2137ccb-b039-4017-8279-9dbae1bce79b,3775546,FA Women's Super League,2020/2021,0
b0f73ed9-59d8-403d-8013-971222ee88a1,3775546,FA Women's Super League,2020/2021,0
748173a3-25b0-4200-a1e2-b4b3e45edf24,3775546,FA Women's Super League,2020/2021,0
a4480658-0bf1-4f76-b2e2-33a138c63a24,3775546,FA Women's Super League,2020/2021,0
951a86ec-44b9-4aea-8c6f-282ed6b8639d,3775546,FA Women's Super League,2020/2021,0
9c65ea1d-8570-4031-b5cf-cda7b48ee96c,3775546,FA Women's Super League,2020/2021,1
d37b8dbf-1400-4034-a21c-ec3b8eb54acb,3775546,FA Women's Super League,2020/2021,0
6dfc2f31-4ac0-41c2-a4b9-119222aba648,3775546,FA Women's Super League,2020/2021,0
fd8424aa-072c-4df0-921f-fb39d13e571c,3775546,FA Women's Super League,2020/2021,0
7d045dac-2558-42ed-8b6a-db2e1d9fdd1f,3775546,FA Women's Super League,2020/2021,0
34a06e32-244b-4463-969c-21dd7c3c0264,3775546,FA Women's Super League,2020/2021,0
9d281077-23b2-41f7-a516-a04d132020bf,3775546,FA Women's Super League,2020/2021,0
2c46d144-7bdd-45e5-bb12-cf3888826a4a,3775546,FA Women's Super League,2020/2021,0
64173100-6898-4539-8ef7-38c3ce3a59ae,3775546,FA Women's Super League,2020/2021,0
f79690c8-8f05-450e-bf35-3fe19e82005f,3775546,FA Women's Super League,2020/2021,0
0541dfd7-9ccd-4b89-bbd3-6f9629a49362,3775546,FA Women's Super League,2020/2021,0
0cce7db9-0c5b-4a14-b3ba-1907b52043a1,3775546,FA Women's Super League,2020/2021,0
28e1f536-73d2-4df3-929a-f1562e5cb592,3775546,FA Women's Super League,2020/2021,0
f5e7cd17-c4c1-4e71-83b6-1bd730e74768,3775546,FA Women's Super League,2020/2021,0
d3947290-f27e-42f3-b34c-487761f7d330,3775546,FA Women's Super League,2020/2021,0
280886a0-d764-49f8-9a2e-069b98d865b2,3775547,FA Women's Super League,2020/2021,0
fc270038-02ea-45ba-a2fe-9e788c579f94,3775547,FA Women's Super League,2020/2021,0
e6707853-8824-4256-91f7-07a06b0ae01e,3775547,FA Women's Super League,2020/2021,0
c6100f35-3716-4016-ad78-72e84890c885,3775547,FA Women's Super League,2020/2021,0
493f3dc1-6443-4b27-9be3-02471fc68aa9,3775547,FA Women's Super League,2020/2021,0
a73ce973-25f1-40db-9cc6-0192ba05beeb,3775547,FA Women's Super League,2020/2021,0
5262f0c4-cf46-4826-972c-6b83f447084b,3775547,FA Women's Super League,2020/2021,0
45b41e8c-18fd-42ef-8eb1-7998335761d6,3775547,FA Women's Super League,2020/2021,0
067e1571-38c9-4ce5-9be1-efc607c75ef8,3775547,FA Women's Super League,2020/2021,1
8c837913-5e7c-4c09-9273-20da20da8f66,3775547,FA Women's Super League,2020/2021,0
3a5396be-4ca8-4306-b1f6-0ffb409714f9,3775547,FA Women's Super League,2020/2021,0
70c0ddf4-756c-4085-a957-16e63fdd09df,3775547,FA Women's Super League,2020/2021,0
3bf8c713-6e2c-4885-8110-06adc7661dc7,3775547,FA Women's Super League,2020/2021,0
abe99034-4c53-48f5-b5db-009cdfe78f6c,3775547,FA Women's Super League,2020/2021,0
01c981f4-bc24-4336-a0c3-9b5ccbd1010c,3775547,FA Women's Super League,2020/2021,1
b36ec98c-e534-4599-9b15-b27a1894e181,3775547,FA Women's Super League,2020/2021,1
a7cddbf1-17ff-4f43-998b-ceb62c13cab1,3775547,FA Women's Super League,2020/2021,0
3dc0d00e-060f-4f8c-b170-9b5058c5c27a,3775547,FA Women's Super League,2020/2021,1
0dbf2937-9eae-45fb-b282-603a636e538b,3775547,FA Women's Super League,2020/2021,0
55ef016a-50ca-4c06-99df-78b52e75de6d,3775547,FA Women's Super League,2020/2021,0
cdf989de-0c58-49bd-825c-6aed367910f6,3775547,FA Women's Super League,2020/2021,0
eb3cdef4-b272-4114-a2f3-46e0a55f7659,3775547,FA Women's Super League,2020/2021,0
0ac22a52-856c-486b-9452-9dc30c750aae,3775547,FA Women's Super League,2020/2021,0
9077916a-a254-4c55-8212-b8d9568eb3d2,3775587,FA Women's Super League,2020/2021,0
ca67346c-0508-408b-9023-0690cb0b0ce1,3775587,FA Women's Super League,2020/2021,0
2387c747-012b-4e22-841c-7075c861c19c,3775587,FA Women's Super League,2020/2021,1
b1e780df-7304-43db-ab8b-d7ed77fde381,3775587,FA Women's Super League,2020/2021,0
9c1a2e22-ce38-458b-a02c-4eb461bc817b,3775587,FA Women's Super League,2020/2021,0
c226e8b2-e493-491d-93f6-a866cb875423,3775587,FA Women's Super League,2020/2021,0
9dc7119d-17c9-4f7a-96aa-f5ab2095e43b,3775587,FA Women's Super League,2020/2021,0
5f13736d-3a8a-46b4-ac9e-d7b2e15d8add,3775587,FA Women's Super League,2020/2021,0
ec1f25ae-f4a3-482a-84cf-d0a3bdf998d3,3775587,FA Women's Super League,2020/2021,0
053dc507-d0cf-40c1-acd0-e7889ab47a17,3775587,FA Women's Super League,2020/2021,1
e42e9c43-fbf8-4bfa-81e9-c9b3abbea20c,3775587,FA Women's Super League,2020/2021,0
77d6effd-3f6c-4bdd-bcf9-0ee354910dba,3775587,FA Women's Super League,2020/2021,0
e9359bef-5529-4ff5-8ef0-1ab7469cbeaf,3775587,FA Women's Super League,2020/2021,0
6a24e521-fece-437e-984a-e1509729000e,3775587,FA Women's Super League,2020/2021,0
0df06d25-9c6d-4d04-8f22-7407a8ecace8,3775587,FA Women's Super League,2020/2021,0
cefc8761-60f5-44e2-a321-242363b65e69,3775587,FA Women's Super League,2020/2021,0
495e7ad7-abe7-4e3e-b528-d76531ffa1fc,3775587,FA Women's Super League,2020/2021,0
a63c1be2-a89a-4e1c-b97e-205b07f4c34e,3775587,FA Women's Super League,2020/2021,0
ab21c3f6-222b-47b2-926c-5275e3f0746e,3775595,FA Women's Super League,2020/2021,1
d888f239-c969-424f-8a05-241bab3cadd7,3775595,FA Women's Super League,2020/2021,0
1e3003ab-1b22-4493-b9a4-eb446ff49f73,3775595,FA Women's Super League,2020/2021,0
4c7c5f32-ccbc-4be9-881d-1d2363f5d0d9,3775595,FA Women's Super League,2020/2021,0
874026a2-7be4-4cf1-9f83-0f251e91de00,3775595,FA Women's Super League,2020/2021,0
e7045f31-b463-4dee-8716-9a9edc5f0034,3775595,FA Women's Super League,2020/2021,0
efbc80dc-e2ba-43f8-a86c-d570cc0ddc2b,3775595,FA Women's Super League,2020/2021,0
4e3fd1e5-527e-42e2-b38b-acf619cb3dc7,3775595,FA Women's Super League,2020/2021,0
c96b6143-0031-4b6a-ba6b-0852476d152b,3775595,FA Women's Super League,2020/2021,0
90664484-0985-4ead-b9a6-cc644dd90439,3775595,FA Women's Super League,2020/2021,0
ca66967f-d87d-464d-a80b-040d3a8cf6b4,3775595,FA Women's Super League,2020/2021,0
a23c8fbd-e288-4aec-8f1d-a78cc2be98cb,3775595,FA Women's Super League,2020/2021,1
0f02907f-8e4f-4bc8-9aeb-09c44da78a8c,3775595,FA Women's Super League,2020/2021,0
edc12516-d6f4-46b1-b84d-5aecc1a4d7bd,3775595,FA Women's Super League,2020/2021,0
8076060c-9457-4485-823d-4f70cf35270c,3775595,FA Women's Super League,2020/2021,0
fc58db1e-4ab6-43c3-9981-15a3dbe703e4,3775595,FA Women's Super League,2020/2021,0
7e4194da-100f-49b9-8c31-a160914f7842,3775595,FA Women's Super League,2020/2021,0
5dcab363-ed6d-49a5-bd86-0417c7a76778,3775595,FA Women's Super League,2020/2021,0
ff85dcb8-6e2c-47e7-907f-283022ae33c7,3775595,FA Women's Super League,2020/2021,0
4f34798b-faef-4cf4-a558-707f67dd6155,3775595,FA Women's Super League,2020/2021,0
98d75629-4f4b-4b31-96d7-ded3aef3a535,3775595,FA Women's Super League,2020/2021,0
64332f88-0415-4649-b07d-2ae2e2df57c1,3775595,FA Women's Super League,2020/2021,0
49368cdd-33ce-4f65-85e2-ddffe9b10df8,3775595,FA Women's Super League,2020/2021,0
842bbe93-ad33-4b90-8310-3502af4c2870,3775595,FA Women's Super League,2020/2021,0
6bcedcc6-7705-4d97-b362-8a6d319e16d7,3775604,FA Women's Super League,2020/2021,0
d895e7df-12bc-4bd2-85fa-a1117cba5dd6,3775604,FA Women's Super League,2020/2021,0
d2ce4ff6-fda8-40cc-bfd9-0f7c2abe0133,3775604,FA Women's Super League,2020/2021,0
8f44416e-aa54-42d9-904a-345c327d8ccc,3775604,FA Women's Super League,2020/2021,0
3d7ccfae-c468-473d-a19b-74073bbfe06c,3775604,FA Women's Super League,2020/2021,1
05219688-d7b5-4b39-9d28-f77087361193,3775604,FA Women's Super League,2020/2021,0
ad89ad10-01d9-4948-af30-1ae8d97fe76f,3775604,FA Women's Super League,2020/2021,0
ee6b3582-63d6-4b17-b624-de90e646f997,3775604,FA Women's Super League,2020/2021,0
659151ed-3b18-499f-ad68-2ec24089bcd1,3775604,FA Women's Super League,2020/2021,0
b8eb5e7d-8ef3-4f58-81ea-64c97202f289,3775604,FA Women's Super League,2020/2021,0
1831e6b4-8909-4ec2-b5ca-89023162e5ae,3775604,FA Women's Super League,2020/2021,1
262ca163-1016-46ea-8fd8-a06b9a04d8ab,3775604,FA Women's Super League,2020/2021,0
08f2a2b8-5aae-4ede-b36f-db27bf65a32f,3775604,FA Women's Super League,2020/2021,0
59ce3164-eba3-49f3-ab90-4e8173eea26b,3775604,FA Women's Super League,2020/2021,0
7cf298ce-3beb-476b-ac31-a52eababab51,3775604,FA Women's Super League,2020/2021,0
9be99b01-c2d5-4f56-bc3d-82f793e57625,3775604,FA Women's Super League,2020/2021,0
4efde1a1-c4cf-4141-bae8-236a51613405,3775604,FA Women's Super League,2020/2021,0
d8981042-3bb9-465c-ab52-bb1944ff549a,3775604,FA Women's Super League,2020/2021,0
f4412cfa-18fc-45ef-89d0-09fe164bf411,3775634,FA Women's Super League,2020/2021,0
aa784b5d-5e29-4587-a306-a0706fcc4414,3775634,FA Women's Super League,2020/2021,0
a19c69a6-879e-4bba-bc30-23a29b5173ed,3775634,FA Women's Super League,2020/2021,0
1b75fad6-97a2-40f0-8da1-9677fb4333cd,3775634,FA Women's Super League,2020/2021,0
fbff1d07-0b8b-4824-9c86-025ccbbd44b3,3775634,FA Women's Super League,2020/2021,0
39ba3a32-8589-41d9-a04d-b169384a3efb,3775634,FA Women's Super League,2020/2021,1
ab21bf71-8bd3-4962-ba2f-81e2878f2a5a,3775634,FA Women's Super League,2020/2021,0
0925f9dc-929e-48a3-a2fe-041da71be5df,3775634,FA Women's Super League,2020/2021,0
83705f43-c3b4-4449-9e02-68f026982de8,3775634,FA Women's Super League,2020/2021,0
41f73979-dbff-4cb8-ad12-2ec4d893b892,3775634,FA Women's Super League,2020/2021,0
2174aaad-9989-492b-81e9-6ec887afce6e,3775634,FA Women's Super League,2020/2021,0
5e748b3f-950c-42da-9d02-f7496bb40df5,3775634,FA Women's Super League,2020/2021,0
0dcf8210-4bdd-42d8-aecc-0a8cb77d4981,3775634,FA Women's Super League,2020/2021,1
79e913a3-5950-4e77-96a3-ebab4086459a,3775634,FA Women's Super League,2020/2021,0
4f0eb0bf-8998-4eaa-afba-a6848fc0d0af,3775634,FA Women's Super League,2020/2021,1
2706e45c-7b26-494e-a420-8c3331818c07,3775617,FA Women's Super League,2020/2021,0
61c6054f-f57d-4328-8b47-f861e583f9dd,3775617,FA Women's Super League,2020/2021,0
72ffe997-d182-47b7-aec3-7a6664e31ad6,3775617,FA Women's Super League,2020/2021,0
63fa5e67-2dc1-41de-9ec7-4b0779e35138,3775617,FA Women's Super League,2020/2021,0
60b1ecb1-7e68-45a6-ad51-8efe90694ed6,3775617,FA Women's Super League,2020/2021,0
40f55f85-0f2f-40ff-b90f-28dd8ed3591e,3775617,FA Women's Super League,2020/2021,0
5287641e-8635-430f-9197-e15d95c846f4,3775617,FA Women's Super League,2020/2021,0
497625f6-16e5-4446-84ec-e93fc933fc3b,3775617,FA Women's Super League,2020/2021,0
ee89d301-f26b-4ded-a5b6-c576e1afe577,3775617,FA Women's Super League,2020/2021,0
9a429908-4bd2-4f7b-b43d-b54338ae9df9,3775617,FA Women's Super League,2020/2021,0
4cad280b-e7ac-41e6-9e39-f60320a0cf7b,3775617,FA Women's Super League,2020/2021,0
8cb83057-4f08-45af-a7fa-d3bca8c60518,3775617,FA Women's Super League,2020/2021,0
b719a228-6a9f-4e76-8f40-096caacc992e,3775617,FA Women's Super League,2020/2021,0
f55a3c77-0327-47b1-b261-9afc7ac5b49b,3775617,FA Women's Super League,2020/2021,0
726ff3d0-b7e5-427d-9eb8-3549b0fc82cc,3775617,FA Women's Super League,2020/2021,0
94e59588-7cf2-498f-b584-2885e3fcc21f,3775617,FA Women's Super League,2020/2021,0
93b2080d-4772-4e02-9c04-47fa6affb9cd,3775617,FA Women's Super League,2020/2021,0
d52aaf1e-f04a-4db1-8ed8-41024e6f7647,3775617,FA Women's Super League,2020/2021,0
a4a36f5a-2706-46a2-947c-574087b72d26,3775617,FA Women's Super League,2020/2021,0
b1271719-d8b5-4186-ac43-b22523e3fe8a,3775617,FA Women's Super League,2020/2021,0
1e68afc4-eec4-4e9c-946d-34262588f6f3,3775617,FA Women's Super League,2020/2021,0
88e96974-1b1d-4afa-879c-d7f057ace260,3775617,FA Women's Super League,2020/2021,0
bdda7d3f-6808-4aa4-96e3-bbac02ffe32b,3775617,FA Women's Super League,2020/2021,0
ece27f77-ac6d-4343-91a0-f4ee9f62b803,3775617,FA Women's Super League,2020/2021,0
99ec94b8-7e9d-4ccb-a9da-1bcef639c919,3775617,FA Women's Super League,2020/2021,0
1cb51784-4b56-4c42-8d57-6d7a8e06e0dc,3775565,FA Women's Super League,2020/2021,0
795c7a8f-b00f-4eff-8b31-0bac2c900cf7,3775565,FA Women's Super League,2020/2021,0
f05d9438-f5df-4e46-a399-3bec6e8e6258,3775565,FA Women's Super League,2020/2021,0
ad777cf4-d3cd-4821-b4fe-ade72585dce6,3775565,FA Women's Super League,2020/2021,0
2525d803-4822-4626-ba66-e1fb74fd664f,3775565,FA Women's Super League,2020/2021,1
0309e424-f9e5-4382-b004-71262c6952d1,3775565,FA Women's Super League,2020/2021,0
c07e7776-407d-4275-81e9-b1eb7e9f065c,3775565,FA Women's Super League,2020/2021,0
433d20a3-155c-4005-89d4-4f88efc9b81a,3775565,FA Women's Super League,2020/2021,0
00d4d846-685a-4b97-91c7-0b235a730b78,3775565,FA Women's Super League,2020/2021,0
3534c8da-1592-4866-9223-cb1e4b42d51d,3775565,FA Women's Super League,2020/2021,0
7593269c-4fc0-4b1b-9a48-677ddfe45911,3775565,FA Women's Super League,2020/2021,0
305f6a3b-2b0c-4f67-9a6e-87607605b4f9,3775565,FA Women's Super League,2020/2021,1
eb1e2a8c-ab63-4b70-a0da-1f901f664aec,3775565,FA Women's Super League,2020/2021,1
b55bfe34-51a9-436b-be20-2e38b83644d0,3775565,FA Women's Super League,2020/2021,0
71141a4a-32e5-42c6-a011-ec89c3a265d4,3775565,FA Women's Super League,2020/2021,0
a793ba95-7a9e-4373-8c47-94de6b9f17a0,3775565,FA Women's Super League,2020/2021,0
20944485-5f23-4c35-bda4-53ed8ec69e30,3775565,FA Women's Super League,2020/2021,0
6c1ddf55-8fe4-4b5c-add6-757ba599a9f6,3775565,FA Women's Super League,2020/2021,1
b551df81-a6ff-466e-b2ba-94b215032fab,3775565,FA Women's Super League,2020/2021,0
27f7db8a-300e-4f81-8266-a17f620e7277,3775565,FA Women's Super League,2020/2021,0
04ad2a61-0cf7-4646-bd04-f70edaf3f07e,3775565,FA Women's Super League,2020/2021,1
0b983e32-d7f5-41d0-aa6f-261b5cc9a9b4,3775565,FA Women's Super League,2020/2021,0
228511fc-0b5e-4846-b2a1-cd0e59fc3bc4,3775565,FA Women's Super League,2020/2021,0
7fe5ad17-f42d-4a7d-912e-3a44a287c5dc,3775565,FA Women's Super League,2020/2021,0
d62cab69-ed5b-4e7e-b9d7-cf2a5fe75173,3775565,FA Women's Super League,2020/2021,0
d4ab513d-d811-4e75-bbf7-60a78a08e734,3775565,FA Women's Super League,2020/2021,0
b7ace2eb-ec3d-4a69-929d-95b326ad720a,3775565,FA Women's Super League,2020/2021,1
f387e29d-a5c5-4199-ae5f-c66e9eac5b0a,3775583,FA Women's Super League,2020/2021,1
fa159b34-a40c-49f3-bd0f-49da6dfa9f6a,3775583,FA Women's Super League,2020/2021,0
626b2633-94d9-4b10-ba45-fe77ad3b2149,3775583,FA Women's Super League,2020/2021,0
9baa387e-9bb0-4aa6-9a6c-7b99fa11245a,3775583,FA Women's Super League,2020/2021,0
b3f19318-7490-468b-973e-26db66b546c1,3775583,FA Women's Super League,2020/2021,1
ef313d1a-bc99-4a20-8ecd-a105849f3cc1,3775583,FA Women's Super League,2020/2021,0
2318e7c9-1cb9-4681-ba6f-9d4c70925f27,3775583,FA Women's Super League,2020/2021,0
cd09aa3a-d0a1-4a78-9fb0-b1f604a2c592,3775583,FA Women's Super League,2020/2021,0
b3f177a4-e979-4c04-9060-65cbc109eebe,3775583,FA Women's Super League,2020/2021,0
b9988230-b9c6-470f-9ca3-0c32d77078d0,3775583,FA Women's Super League,2020/2021,0
f496b5af-611d-4730-9a0b-b1773e818ad6,3775583,FA Women's Super League,2020/2021,0
2cf097d4-357f-402f-8d1f-c027faf1b98a,3775583,FA Women's Super League,2020/2021,0
057befcb-9f47-46bf-8f3d-a2e3b86c43df,3775583,FA Women's Super League,2020/2021,0
25505c36-a9e1-4319-96cc-bf7df234802a,3775583,FA Women's Super League,2020/2021,0
9dc43061-9637-4c55-ab71-c3608f2b3e44,3775583,FA Women's Super League,2020/2021,0
a02a5475-57de-4196-8e93-2a466f0ceca4,3775583,FA Women's Super League,2020/2021,0
9e3650c3-a75c-4ea7-b0ed-af3733f287ab,3775583,FA Women's Super League,2020/2021,0
71f09d1a-d2be-4e2c-b56d-889713beb92a,3775583,FA Women's Super League,2020/2021,0
fba49a37-2f57-4adf-bbad-07c7da0592a7,3775583,FA Women's Super League,2020/2021,0
083514b5-fa84-4960-8f53-935d4c04a938,3775583,FA Women's Super League,2020/2021,1
2cf6511b-e734-4416-a770-561c058043f3,3775542,FA Women's Super League,2020/2021,1
10933534-d017-478a-8e69-d8a7213f9592,3775542,FA Women's Super League,2020/2021,0
4d3e0462-0b51-4a2d-a2dc-6c7b3ed9d5e9,3775542,FA Women's Super League,2020/2021,0
60b5a52d-3f3c-43f2-978d-5b1835d87757,3775542,FA Women's Super League,2020/2021,0
f1e5ba7a-2f21-473d-96ff-4a6b26927a83,3775542,FA Women's Super League,2020/2021,0
b0aec9f4-c7c5-4f1c-aa31-5b095023bb89,3775542,FA Women's Super League,2020/2021,0
b0c0586c-d744-4b6a-b9fe-0cbea7ae8271,3775542,FA Women's Super League,2020/2021,0
83bbe5a6-e49c-4fee-a5ac-e7157e53c34d,3775542,FA Women's Super League,2020/2021,1
52f93ee1-d407-4533-b0ca-4dfb23e0fac4,3775542,FA Women's Super League,2020/2021,0
cb822868-a187-4d09-968f-23fc9d27862d,3775542,FA Women's Super League,2020/2021,0
7e924284-d49e-4eb6-bff4-483f1b386591,3775542,FA Women's Super League,2020/2021,0
62a1ce38-bc28-40ef-99c7-977b3b8f8b45,3775542,FA Women's Super League,2020/2021,0
0284c420-10c2-460e-bf3d-5583ea69a2ff,3775542,FA Women's Super League,2020/2021,0
c3b647ba-ed23-48c5-ac8e-a1da2178a786,3775542,FA Women's Super League,2020/2021,0
34800cec-128a-4b2a-a29d-ecf4a73d5ea0,3775542,FA Women's Super League,2020/2021,1
90a4aada-6c91-4bc8-b0b9-6b860abb3200,3775542,FA Women's Super League,2020/2021,0
ca87aa26-020e-42a4-a54a-859ab33b62fe,3775542,FA Women's Super League,2020/2021,0
6eb68194-572d-4128-9e0b-d7a700d9bd0c,3775542,FA Women's Super League,2020/2021,1
c31e8d05-596b-4395-a207-2b06e886796d,3775542,FA Women's Super League,2020/2021,0
a501946b-3a56-4b99-979c-8a3c8e69579e,3775542,FA Women's Super League,2020/2021,0
67cea355-ad9c-4ea4-b3ec-8f39d3ec2a08,3775542,FA Women's Super League,2020/2021,0
6a8918ce-38b1-4d3d-95e2-013b02fa6c1e,3775542,FA Women's Super League,2020/2021,0
4ad43911-fbd6-479d-9a79-cb3d29f599b8,3775542,FA Women's Super League,2020/2021,0
1fe38c36-223b-451d-ab11-43ae24c033a8,3775542,FA Women's Super League,2020/2021,0
daa5ea1d-eda0-44c4-a3d2-c74fdedcdca8,3775542,FA Women's Super League,2020/2021,0
097beaaa-fff2-4087-b5b2-e08c14c1f976,3775608,FA Women's Super League,2020/2021,0
843f4c8d-1c76-41ca-9138-7a18bfeea731,3775608,FA Women's Super League,2020/2021,0
c2ba550d-4cc7-4c8c-aa34-aa8849ff4f83,3775608,FA Women's Super League,2020/2021,0
538b89d0-b8f6-4547-8951-0f103b1fa4e4,3775608,FA Women's Super League,2020/2021,0
0fda73a3-7b24-4ea3-99b1-b2598f51ca5f,3775608,FA Women's Super League,2020/2021,1
a1754c15-ad7a-40a2-8c9d-61121aaec0b6,3775608,FA Women's Super League,2020/2021,0
37b70b64-7f9d-459a-b981-4a81ec2e2a98,3775608,FA Women's Super League,2020/2021,0
768fc0d8-a69b-4585-be98-41fae4d2d099,3775608,FA Women's Super League,2020/2021,0
a91de328-718b-41e1-9067-7fd8516d8c46,3775608,FA Women's Super League,2020/2021,0
e06828e0-fe58-4bb4-babd-0d02a2077c7a,3775608,FA Women's Super League,2020/2021,0
990b9f7c-8542-4271-b51a-8856e3dbd119,3775608,FA Women's Super League,2020/2021,0
73e185ba-abdb-4a11-bf4b-319ff2cdc0da,3775608,FA Women's Super League,2020/2021,0
821e3bba-e56a-45ed-8b79-d40b927b7e61,3775608,FA Women's Super League,2020/2021,0
e92d14fb-15f2-4c31-b174-3901aea94b4e,3775608,FA Women's Super League,2020/2021,0
98d1e5a6-3227-4e4f-a4ae-383c5fc1f0ea,3775608,FA Women's Super League,2020/2021,0
d3217cdf-eeaf-498b-abfc-a99baa210e19,3775608,FA Women's Super League,2020/2021,0
7e7842ea-6df5-4dfe-8613-393b8b821619,3775608,FA Women's Super League,2020/2021,0
b3c21af7-5142-4b52-88a3-3c6ded11d598,3775608,FA Women's Super League,2020/2021,0
933f0f22-c60e-4f88-88bf-ba4b808f5f7d,3775608,FA Women's Super League,2020/2021,0
bf7a74f3-148d-417a-828d-4121cc25b107,3775608,FA Women's Super League,2020/2021,0
31292055-a6c9-43fd-988f-86e055d0241f,3775599,FA Women's Super League,2020/2021,0
29f916e5-1f91-459e-b8d8-12cec87628af,3775599,FA Women's Super League,2020/2021,0
3320e64e-fa01-495d-a5e2-85fb279d4d6b,3775599,FA Women's Super League,2020/2021,0
b27a7302-e46e-45b7-9cdb-69f0b2cef32f,3775599,FA Women's Super League,2020/2021,0
5cc770d0-47f3-4a2e-b02c-89c711d2ba86,3775599,FA Women's Super League,2020/2021,0
f1654365-7d13-487e-917b-e5829bba3aad,3775599,FA Women's Super League,2020/2021,0
c2bbd33c-5a27-4eba-aae2-93eb905bdbc1,3775599,FA Women's Super League,2020/2021,0
152422c7-58ca-4637-a5c5-3d081ad6733d,3775599,FA Women's Super League,2020/2021,0
4a248e48-45b6-46c0-a545-9289ee393ec8,3775599,FA Women's Super League,2020/2021,0
3ae07f85-74c2-490b-b3dd-5fabb2b5a879,3775554,FA Women's Super League,2020/2021,0
c5468f7d-1ce8-48cd-b3ab-a0228e91b045,3775554,FA Women's Super League,2020/2021,0
5cd091cd-efbf-4522-be7c-824ebb56a35a,3775554,FA Women's Super League,2020/2021,0
2d6c266a-5656-4544-a660-9cbed6c42f40,3775554,FA Women's Super League,2020/2021,0
864a24d0-16b0-42cc-ab75-b4ec6ee2298d,3775554,FA Women's Super League,2020/2021,0
8602aa73-dbf2-4ae3-947e-b5b5910f9fe6,3775554,FA Women's Super League,2020/2021,0
43e37e56-e932-43b5-86f9-a90172ed78b6,3775554,FA Women's Super League,2020/2021,0
1223369d-59ca-4fe7-9301-05a257937318,3775554,FA Women's Super League,2020/2021,0
851d356c-6b38-4d5a-8d2e-e0d44e7f16a6,3775554,FA Women's Super League,2020/2021,0
8ede9111-f0e9-4191-82ea-5030e5215ccb,3775554,FA Women's Super League,2020/2021,0
83122ec0-51f0-44e0-8db6-41718797be53,3775554,FA Women's Super League,2020/2021,1
5cd36b5d-239b-468e-838d-f2825f4dc4f2,3775554,FA Women's Super League,2020/2021,1
1688007e-e947-4d2b-b283-b6ff22fba465,3775554,FA Women's Super League,2020/2021,0
1fef573c-f1b8-4adc-9753-b99f4ad8248f,3775554,FA Women's Super League,2020/2021,0
a1560758-da5f-48da-aee7-95923e3c697e,3775554,FA Women's Super League,2020/2021,0
72df313a-b9f7-48e9-88e7-ce141b66d20e,3775554,FA Women's Super League,2020/2021,0
5413f351-845f-415e-b9d0-6049af27d12c,3775554,FA Women's Super League,2020/2021,0
82628616-7972-4e9b-a753-71c1a037f407,3775554,FA Women's Super League,2020/2021,0
4419895b-b73f-45a4-8f15-4c31a8955b9d,3775554,FA Women's Super League,2020/2021,0
56d41373-0545-4cd2-ab6c-1a4419334c25,3775554,FA Women's Super League,2020/2021,0
9148cf4f-886f-435b-b5d8-90410f0a521b,3775554,FA Women's Super League,2020/2021,0
8714ec0d-0835-48f9-91c9-a4be8ad78d02,3775554,FA Women's Super League,2020/2021,0
2361d6d5-9698-4eb8-85e6-8f769265d864,3775554,FA Women's Super League,2020/2021,0
f7499890-1e2c-4137-b541-1d3939fda9a7,3775554,FA Women's Super League,2020/2021,0
80734a77-4631-4f84-9aeb-4ab3541779f2,3775554,FA Women's Super League,2020/2021,0
d1abd8c1-7c9c-4dce-b9e3-d8aad32f224b,3775554,FA Women's Super League,2020/2021,0
a427c583-3eab-4f10-bdd0-3cf7bf497587,3775554,FA Women's Super League,2020/2021,0
e7cebc1b-216c-4593-8a8e-5bff1c771219,3775652,FA Women's Super League,2020/2021,0
da4ffcab-560c-4257-9bf2-a3bd10fe5480,3775652,FA Women's Super League,2020/2021,1
b05b5860-0d0e-43c1-ab58-e9d9ce788cf9,3775652,FA Women's Super League,2020/2021,1
cf4c4b58-0803-4841-b909-a021438eff74,3775652,FA Women's Super League,2020/2021,0
4b37faef-e768-4aaf-8c67-06ef40c1d49a,3775652,FA Women's Super League,2020/2021,0
b72377a8-79c0-4976-b6ca-1043d29f2c44,3775652,FA Women's Super League,2020/2021,0
9b72c4ee-64f1-4a59-94cc-cfb5e24d52db,3775652,FA Women's Super League,2020/2021,0
c2659754-1b4c-4fe1-adc7-dfb2654839be,3775652,FA Women's Super League,2020/2021,0
9036e5a1-923a-40ad-860a-dbb6f1a93be9,3775652,FA Women's Super League,2020/2021,0
d9a422a5-4af1-4d57-a56b-f20b326af97e,3775652,FA Women's Super League,2020/2021,0
f99eb36b-770f-43d5-bc04-aa53800ee2cf,3775652,FA Women's Super League,2020/2021,0
c81935b8-49ad-4eeb-89cc-3c893da8e21e,3775652,FA Women's Super League,2020/2021,0
f4c1916b-68cc-4061-8654-154fffff3817,3775652,FA Women's Super League,2020/2021,0
c5945b69-dad1-4ed5-bc66-aaee63142d02,3775652,FA Women's Super League,2020/2021,0
699e5c96-6e22-4c07-8efb-fb221629a866,3775652,FA Women's Super League,2020/2021,0
4c010332-70bb-4969-a35e-75a15f635237,3775652,FA Women's Super League,2020/2021,0
7482ea07-6756-4563-a563-f1458ecedbb1,3775652,FA Women's Super League,2020/2021,0
890d9a21-e724-4625-8c52-f75360feba89,3775652,FA Women's Super League,2020/2021,0
c99bc033-1021-49a2-9e1d-6c34d7f30b62,3775652,FA Women's Super League,2020/2021,0
e8084b52-2ea6-45ba-85de-2ad47954af35,3775652,FA Women's Super League,2020/2021,0
fe792505-29b3-44f1-8952-3619ee69a226,3775652,FA Women's Super League,2020/2021,0
f52b0774-b161-4b2c-b36c-bde0cd0d2dac,3775652,FA Women's Super League,2020/2021,0
01128664-baca-407c-90af-42883adc9178,3775652,FA Women's Super League,2020/2021,0
c928d682-5959-48e1-bf76-1312575b77e6,3775652,FA Women's Super League,2020/2021,0
84968cc5-f3c4-458a-847c-23677fa63f68,3775652,FA Women's Super League,2020/2021,0
57b73275-d61f-4a2c-9fce-92b2cee7bcbd,3775652,FA Women's Super League,2020/2021,0
739eb8ac-0c78-4522-8bf4-e3cc3bfbaf6a,3775652,FA Women's Super League,2020/2021,0
254a7d3e-32d6-473b-b5e3-58110b518ed7,3775652,FA Women's Super League,2020/2021,0
d6a85b1e-84d1-4ae3-8d5c-bc8839fc07aa,3775652,FA Women's Super League,2020/2021,0
e5e4d9e9-d610-4a76-aace-a0d47e777239,3775652,FA Women's Super League,2020/2021,0
e64953d1-ee71-4f1c-af4d-86ada6981844,3775652,FA Women's Super League,2020/2021,0
be796e3a-1f75-4e8e-a34d-52f4bd0b7db2,3775652,FA Women's Super League,2020/2021,0
554ae440-b17b-4c73-a86d-d75437214542,3775652,FA Women's Super League,2020/2021,0
a3c211b3-1291-4146-b1d6-d14aaa40c987,3775652,FA Women's Super League,2020/2021,0
56db982c-cdf5-4d86-9593-5198a8718f8e,3764238,FA Women's Super League,2020/2021,0
f80f7d9a-bd0a-432d-bab3-07e26906d763,3764238,FA Women's Super League,2020/2021,0
9aad74e2-18c5-46cd-ae5b-be34502db3bc,3764238,FA Women's Super League,2020/2021,0
0ac4cf8e-2d17-4e14-a030-8ea56ef45ae2,3764238,FA Women's Super League,2020/2021,1
dda8f3fb-2d6a-467c-98e9-c7122cde857e,3764238,FA Women's Super League,2020/2021,1
e9756ff3-fa0e-485f-b0b8-bae2a7eb44f6,3764238,FA Women's Super League,2020/2021,0
df9d1e22-5978-4ae0-9c14-a621f4ad77be,3764238,FA Women's Super League,2020/2021,0
392b9912-e54a-438f-aaec-85941529e3ad,3764238,FA Women's Super League,2020/2021,0
eba45968-fdd1-4ca0-884a-ed7538ce274e,3764238,FA Women's Super League,2020/2021,0
61670a86-3e5a-4dd9-b9f3-151631380c20,3764238,FA Women's Super League,2020/2021,1
6bfbd840-3942-4ea4-ad57-21e0b1296009,3764238,FA Women's Super League,2020/2021,0
5858a293-b65b-4fed-93ad-dd5e2d7e12ae,3764238,FA Women's Super League,2020/2021,1
1a34e799-f9b4-4808-b4fb-b7b092c3e50b,3764238,FA Women's Super League,2020/2021,1
1030ff47-b901-4637-aef0-f3e91ef4c10f,3764238,FA Women's Super League,2020/2021,0
7751de2e-b8dc-4394-847f-78a0fdafecd8,3764238,FA Women's Super League,2020/2021,0
054ec671-f365-46f0-a5cf-4c5a6d6664ec,3764238,FA Women's Super League,2020/2021,0
33c8edc0-d32a-4040-8edb-c8d25592b26f,3764238,FA Women's Super League,2020/2021,1
221e906b-3846-44da-bb48-c8b40c93f108,3764238,FA Women's Super League,2020/2021,1
31c7d39b-153f-4b61-a9ce-670968c18efb,3764238,FA Women's Super League,2020/2021,1
78289cf1-f6dd-4e21-bd43-86f2ec06e8a6,3764238,FA Women's Super League,2020/2021,0
56895f02-a887-4f04-84ec-6e3f6908c664,3764238,FA Women's Super League,2020/2021,0
af3bd68e-3cc7-4696-8d11-d31f88354aaf,3764238,FA Women's Super League,2020/2021,0
603a64f5-0170-4fd6-a804-8f33598c5ca2,3764238,FA Women's Super League,2020/2021,0
83b225e0-9232-43ba-ba7c-5222eaf7fe81,3764238,FA Women's Super League,2020/2021,1
c46bcd47-083e-426c-9776-bfd662fb4e8b,3764238,FA Women's Super League,2020/2021,0
4604ac2a-2ccf-4f21-a312-51f45d9ef16a,3764238,FA Women's Super League,2020/2021,0
8c9133e2-5d6e-463b-906a-155482a55b7e,3764238,FA Women's Super League,2020/2021,1
0d41da88-f944-40da-ba9d-23eecc2f04ac,3764238,FA Women's Super League,2020/2021,0
8fb43bdb-1805-47fe-b0f5-c16304ecad6d,2275127,FA Women's Super League,2019/2020,0
ac120cac-f2fb-4442-abc4-d77358bbfb79,2275127,FA Women's Super League,2019/2020,1
47f49042-4fef-4657-9f7c-22543d8ba424,2275127,FA Women's Super League,2019/2020,0
e6f33751-38b2-419d-bab5-2a257c70379d,2275127,FA Women's Super League,2019/2020,1
2f4da70a-a54a-4647-9446-60cc0668aec0,2275127,FA Women's Super League,2019/2020,0
42ea1923-8eae-4a9d-bad2-7de5735dabd8,2275127,FA Women's Super League,2019/2020,1
4861e962-5e02-4df8-a69e-2e923234806c,2275127,FA Women's Super League,2019/2020,0
9ac6f2c4-9b9e-4abe-8355-099866c3e1de,2275127,FA Women's Super League,2019/2020,0
f8329b05-2aa5-40f2-bd03-610818b0e41e,2275127,FA Women's Super League,2019/2020,0
015631c6-6f32-4467-929b-cdef20cc8562,2275127,FA Women's Super League,2019/2020,0
d53721c1-e5d9-460d-8faa-43fd3d5a15fe,2275127,FA Women's Super League,2019/2020,0
4026a9a7-fa1c-49ea-b5a4-0cac8fd8e2da,2275127,FA Women's Super League,2019/2020,0
816cf494-3eed-4f6b-9011-09aed409a048,2275127,FA Women's Super League,2019/2020,0
7e77d7a4-9d1f-4e64-9f08-985ba227a22a,2275127,FA Women's Super League,2019/2020,0
dadbd522-7a0a-4264-98b6-32b3dbe4e517,2275127,FA Women's Super League,2019/2020,0
22e6c11a-845d-480e-b86d-e103ca2dcd4f,2275127,FA Women's Super League,2019/2020,0
4a4bf025-5dfe-4d43-b05d-e35af7adf8ee,2275127,FA Women's Super League,2019/2020,1
005a71c7-408e-46ef-a671-631f129a7cab,2275127,FA Women's Super League,2019/2020,0
e7fa44fc-e57e-49bc-ad5c-5eb52c4b4889,2275127,FA Women's Super League,2019/2020,0
0cfed760-11e9-4412-89ed-069956f4a2ad,2275127,FA Women's Super League,2019/2020,0
5047d153-3c60-4429-93de-14c0b90dca6e,2275127,FA Women's Super League,2019/2020,0
3e487170-4516-40c9-912d-3df7e6014967,2275127,FA Women's Super League,2019/2020,0
ae7ac0e9-4dca-4a00-9e87-8e6439c0df0a,2275127,FA Women's Super League,2019/2020,0
84943667-5490-4465-85e5-8d724975f48f,2275136,FA Women's Super League,2019/2020,0
e1246e9c-4edf-4a14-ad4e-162a242e176b,2275136,FA Women's Super League,2019/2020,0
9b0fa07e-2012-4435-98a1-d298b613137d,2275136,FA Women's Super League,2019/2020,0
1fe66adb-8c5a-445a-b9fe-59100c8169df,2275136,FA Women's Super League,2019/2020,0
5fdc7f9e-968f-4e80-8019-8aa508970caa,2275136,FA Women's Super League,2019/2020,0
7978c9ff-4574-48c0-bfd6-ebb52a7fa429,2275136,FA Women's Super League,2019/2020,0
43c0cb8d-020a-47e9-afac-7fe04916f02d,2275136,FA Women's Super League,2019/2020,0
e78f41d2-5be5-4f59-8b46-50c083fe6306,2275136,FA Women's Super League,2019/2020,0
44f46332-6f2f-4e00-bb69-093713540c70,2275136,FA Women's Super League,2019/2020,1
7a04e2fb-129a-4326-90ce-19d44635dad0,2275136,FA Women's Super League,2019/2020,0
ce2aadff-4e99-42d7-b2b0-6c83c65abb33,2275136,FA Women's Super League,2019/2020,0
841c055c-efd9-4cda-96da-ab9bb8158ebb,2275136,FA Women's Super League,2019/2020,0
316a649f-646c-40a1-92fb-4676043c62a4,2275136,FA Women's Super League,2019/2020,0
93dc787d-767a-486e-a7c9-52d733cf2ee0,2275136,FA Women's Super League,2019/2020,0
9c9a349c-dc78-4ef2-98b1-e11cdf0afe17,2275136,FA Women's Super League,2019/2020,0
8b95019d-21ab-4b4a-ae4d-d73105f72f95,2275136,FA Women's Super League,2019/2020,0
09fc0f96-e13b-4fa0-8e0a-43f8cdd65241,2275136,FA Women's Super League,2019/2020,0
9f27d5ce-1a16-4146-95c1-8462a06e5eee,2275154,FA Women's Super League,2019/2020,0
c2d21cd9-48f7-4c1f-9a2c-94632a185615,2275154,FA Women's Super League,2019/2020,0
d1aa0b59-137c-4a53-a5fd-f4ac51f4c2ca,2275154,FA Women's Super League,2019/2020,0
5289741d-e78d-447a-8bf3-de50f672cb97,2275154,FA Women's Super League,2019/2020,0
fccf450d-bc1a-461f-9b52-5ffd03a2844d,2275154,FA Women's Super League,2019/2020,0
61bb9950-8eda-4186-9a2b-b7fbbf89e780,2275154,FA Women's Super League,2019/2020,0
a1428d07-a84c-43df-8766-89e654f2f9dd,2275154,FA Women's Super League,2019/2020,0
6641da8b-bfff-4ed1-96c6-61f84b2a3b1f,2275154,FA Women's Super League,2019/2020,0
8007626f-a12c-450f-b0d7-04860cf1bae6,2275154,FA Women's Super League,2019/2020,0
e466dbb5-6bd3-4148-a09b-5e60f28f3267,2275154,FA Women's Super League,2019/2020,0
32e4dea3-9408-471d-9460-0079d75b15a2,2275154,FA Women's Super League,2019/2020,0
414d2799-2b8d-4edc-a728-3444da0c2d02,2275154,FA Women's Super League,2019/2020,0
4672554b-a560-4a4c-8c0d-8a1c97e3a335,2275154,FA Women's Super League,2019/2020,0
087f6a29-84c6-4fe3-ae06-2348172343f5,2275154,FA Women's Super League,2019/2020,0
58f9897b-09a8-4aa4-8157-b1bd75547610,2275154,FA Women's Super League,2019/2020,0
eaa77bd8-7de9-48ec-9f19-66b39f755bfc,2275154,FA Women's Super League,2019/2020,0
6334a306-88e7-4d76-88bc-fd53e4c66f96,2275154,FA Women's Super League,2019/2020,0
482b7b44-05f6-4d32-8342-0480694b3326,2275154,FA Women's Super League,2019/2020,0
fe63282b-7bf5-4346-8547-efb7c35e3da6,2275154,FA Women's Super League,2019/2020,0
88d17e5e-6b65-41c4-adc6-db7d9d70b524,2275154,FA Women's Super League,2019/2020,0
a27b74b3-9b48-4724-88e8-b4d62c4f657a,2275150,FA Women's Super League,2019/2020,1
dde9b733-dda2-4eee-b600-7b9e10fd704f,2275150,FA Women's Super League,2019/2020,1
f01bc18d-0d3a-4152-885c-296a935fbbbb,2275150,FA Women's Super League,2019/2020,0
8f6c1a0c-236e-4d3e-844e-7b4d889f0161,2275150,FA Women's Super League,2019/2020,0
43a34e54-4038-41e8-907e-f4fdc44c9f2a,2275150,FA Women's Super League,2019/2020,0
a17e05eb-fb2f-4d5f-945a-0a1bbe8097d1,2275150,FA Women's Super League,2019/2020,0
b37d6b0a-024a-4cc2-b5da-6b5b27825392,2275150,FA Women's Super League,2019/2020,0
93e393a0-00a2-47cf-a6f5-a50b443c572e,2275150,FA Women's Super League,2019/2020,0
7f118ee9-b3d0-4822-8ba0-173f6c062b05,2275150,FA Women's Super League,2019/2020,0
e8680c38-8cd6-4846-ab65-264ea5e76f46,2275150,FA Women's Super League,2019/2020,0
d6793702-4a7e-4c6a-97b2-23fb14480f81,2275150,FA Women's Super League,2019/2020,0
d28fe69c-b571-48ac-91b8-5ef852529584,2275150,FA Women's Super League,2019/2020,0
5da88ef5-9620-4a4d-9e0d-c659dc7d600b,2275150,FA Women's Super League,2019/2020,0
d907b18a-8bbf-4ae2-ada1-6eba17e94bbb,2275150,FA Women's Super League,2019/2020,1
709ef72f-5723-4ffb-97d8-19161c9fdef3,2275150,FA Women's Super League,2019/2020,0
16925cf6-8d7c-4537-a9b3-66dbeb07ec8f,2275150,FA Women's Super League,2019/2020,0
5bc542de-e612-4dba-b1b6-98e2eeb0cada,2275150,FA Women's Super League,2019/2020,0
7ee39e67-92fb-48cc-a3f3-c8ec60f1aa0c,2275146,FA Women's Super League,2019/2020,1
c852c579-fe5c-4c9b-b164-daa27529cf30,2275146,FA Women's Super League,2019/2020,0
e7be9ae5-f5c6-44ac-9ca0-ce52ca15c1d9,2275146,FA Women's Super League,2019/2020,0
e6b38340-caad-4fe5-b656-3f60e3845682,2275146,FA Women's Super League,2019/2020,0
dbd70267-f5e2-449c-a1de-882fdc03ee92,2275146,FA Women's Super League,2019/2020,0
787a7ebd-ec4c-408a-8bb4-63501ce896f2,2275146,FA Women's Super League,2019/2020,0
bd1929bb-1033-4456-a4e6-d43ff2a34fd6,2275146,FA Women's Super League,2019/2020,0
06db6099-e047-4ff0-b9f1-65b03a73f5b5,2275146,FA Women's Super League,2019/2020,0
d6ed0886-088a-406e-8cdb-17a11ae051bd,2275146,FA Women's Super League,2019/2020,0
961a385c-4eca-4fd1-92e9-eb0bd5a71e79,2275146,FA Women's Super League,2019/2020,1
94b560b0-b688-4278-a6a8-af951e1cf29f,2275146,FA Women's Super League,2019/2020,0
1d6c0cd5-1d7f-4637-9c77-61c4c1d9d1fe,2275146,FA Women's Super League,2019/2020,0
01618e41-c99d-441c-bd13-b35c8c9b20bd,2275146,FA Women's Super League,2019/2020,0
cf4d6e07-2bcd-4f4a-a5ce-bfe3f363d7a8,2275146,FA Women's Super League,2019/2020,0
0ee6e978-b35a-4554-926f-99b492aedbd3,2275146,FA Women's Super League,2019/2020,0
c08cb0ce-36e0-4d82-89b7-166a33abd7fb,2275146,FA Women's Super League,2019/2020,0
9334e72e-4910-4cb5-86bc-61ca5deb5e2c,2275146,FA Women's Super League,2019/2020,0
17b18967-0445-48ca-a832-b13dfcf08095,2275146,FA Women's Super League,2019/2020,0
89edd948-3ec1-4b79-ab76-19249653b626,2275146,FA Women's Super League,2019/2020,0
388a9b98-61fd-4245-ab2e-c5f9ab292ad1,2275146,FA Women's Super League,2019/2020,0
22ea0cb4-5bf7-4388-b883-9ba58eb9f30e,2275146,FA Women's Super League,2019/2020,0
c2584fb7-80c5-4e43-8962-35386fa99170,2275146,FA Women's Super League,2019/2020,0
6c76255f-7047-48ae-967f-1518ab9c4437,2275146,FA Women's Super League,2019/2020,0
2fb7df9a-8cb0-412a-82b7-98227e92dc52,2275142,FA Women's Super League,2019/2020,0
825e9d68-54f9-460e-a470-17d672a487f9,2275142,FA Women's Super League,2019/2020,0
7e90cf97-a10e-4d52-9486-3a0bf5d11a7e,2275142,FA Women's Super League,2019/2020,0
77f8587a-0d04-4b73-9078-cd35f9805f12,2275142,FA Women's Super League,2019/2020,0
87f9dd34-661b-436c-aa36-901b661ebf12,2275142,FA Women's Super League,2019/2020,0
abe0bb74-aa37-4928-8e57-ba92c2af1935,2275142,FA Women's Super League,2019/2020,1
9beaea65-08e7-47a6-8774-6a3f65340abb,2275142,FA Women's Super League,2019/2020,0
17ec1b8a-2e51-4736-a3ca-457bcbd739de,2275142,FA Women's Super League,2019/2020,0
1f17348d-c422-4392-8709-034de962a745,2275142,FA Women's Super League,2019/2020,0
aab41d0a-0c6a-4b81-be1d-4b50c69df94d,2275142,FA Women's Super League,2019/2020,0
5396825d-5bee-4202-ab6f-b4989dddcae0,2275142,FA Women's Super League,2019/2020,0
26ae0a51-31f8-44e0-9e74-8109cfcbe508,2275142,FA Women's Super League,2019/2020,0
6284041c-e243-4eb0-b01d-9543495b1dfe,2275142,FA Women's Super League,2019/2020,0
b3b8d04c-626a-4732-944e-bf688d07d9a9,2275142,FA Women's Super League,2019/2020,0
56996a8a-5b4e-4794-80f3-fe33bab73672,2275142,FA Women's Super League,2019/2020,0
69619cb6-6041-40b7-86e8-ee3cb52f9159,2275142,FA Women's Super League,2019/2020,0
09c3b162-a7b9-4d32-a287-62ace15ed74e,2275142,FA Women's Super League,2019/2020,0
a2b2b3f4-6301-4ec5-9f71-e274a317a505,2275142,FA Women's Super League,2019/2020,0
0d000e49-fb70-43c9-b320-7324e7af2212,2275142,FA Women's Super League,2019/2020,0
add2f2c9-1b46-4601-94dd-bf8a05f5cd35,2275142,FA Women's Super League,2019/2020,0
aba395c6-19c5-4a89-a021-ca690b6f3223,2275142,FA Women's Super League,2019/2020,0
5004e32d-e8e2-4112-aea4-a4adb67e4c75,2275142,FA Women's Super League,2019/2020,0
be09b877-1ae0-4612-ab1a-b7b80640f292,2275142,FA Women's Super League,2019/2020,0
5b114c8f-fcc8-459c-b371-d182dfd72c6f,2275142,FA Women's Super League,2019/2020,0
bd062e9e-cbb8-43da-9b48-284b5665b085,2275142,FA Women's Super League,2019/2020,0
66de6586-d7e7-4802-ab1f-6aceff692c27,2275142,FA Women's Super League,2019/2020,0
f6e7d1b4-fa39-43ae-b4b4-f4e72e15f2c5,2275142,FA Women's Super League,2019/2020,0
7e40800e-9e32-4f43-8c13-3fb359df4be8,2275142,FA Women's Super League,2019/2020,0
bf3349d3-bdc1-4939-ab18-e733aa13cca6,2275142,FA Women's Super League,2019/2020,0
c5321368-966e-471a-aabc-68ab72bf39a3,2275137,FA Women's Super League,2019/2020,0
2f993b6b-03f8-49d1-82e3-5ad6ebd3d75e,2275137,FA Women's Super League,2019/2020,0
11a7d9e9-c13e-4e20-ad24-d4b6b7d33f23,2275137,FA Women's Super League,2019/2020,0
1b1389e7-f750-4a3f-802a-559ee80585c1,2275137,FA Women's Super League,2019/2020,0
a54b8d6c-c7ec-4472-b900-36cee11dc39c,2275137,FA Women's Super League,2019/2020,0
ed12e598-4bdc-4cbe-8ee1-162bb3420c84,2275137,FA Women's Super League,2019/2020,0
334cd1e9-1011-439e-a6be-948330fbfb37,2275137,FA Women's Super League,2019/2020,0
3d2daf58-e6bd-4d2a-8456-5cba6ff1477e,2275137,FA Women's Super League,2019/2020,0
2dca231f-d2c9-4dad-92d6-cd5e3aa5c06a,2275137,FA Women's Super League,2019/2020,0
b4eccfca-c6af-4d91-8003-4cee21628847,2275137,FA Women's Super League,2019/2020,0
bb9d2950-ac1a-4dba-82ca-7363c7abc894,2275137,FA Women's Super League,2019/2020,0
a41ca65e-de83-4163-bc14-3f0991049ca8,2275137,FA Women's Super League,2019/2020,0
b0463043-23eb-4af6-b65e-c46859dd4b7e,2275137,FA Women's Super League,2019/2020,0
d1bff7a3-c6f0-417c-ba4b-c6aa74596db8,2275137,FA Women's Super League,2019/2020,0
c5401d05-2483-48b2-8135-6a87e0fa2f07,2275137,FA Women's Super League,2019/2020,0
db0ee0cd-a4a8-4d98-aefb-df9a3e0aaaf8,2275137,FA Women's Super League,2019/2020,0
21df9c88-9f31-40fd-9c45-ba10cf50db4f,2275137,FA Women's Super League,2019/2020,0
73e4ecac-cc24-49e8-852f-34ffee663605,2275137,FA Women's Super League,2019/2020,1
0c62236b-24af-4abe-880c-c28815df93e1,2275137,FA Women's Super League,2019/2020,0
f79ea78f-eb34-4d30-97e8-5779ba7ae4a4,2275137,FA Women's Super League,2019/2020,0
aaab92a2-32db-431d-8e61-f8fd70642cef,2275137,FA Women's Super League,2019/2020,0
01692ef9-8f68-463f-89b1-f1dc0ff8ea13,2275137,FA Women's Super League,2019/2020,0
3c272357-e8d5-4afa-a054-cb86700673bf,2275137,FA Women's Super League,2019/2020,0
406f853c-add7-4973-875b-7587de54d639,2275137,FA Women's Super League,2019/2020,0
fec65bf0-55f1-4864-8536-313579003f94,2275137,FA Women's Super League,2019/2020,0
4ebd3c8b-4ce0-4984-879d-555e237ec522,2275137,FA Women's Super League,2019/2020,0
26fa534d-052c-4f9f-a4ab-c6c52116c665,2275153,FA Women's Super League,2019/2020,0
561e756b-f464-46b2-848a-71ab5a55eda5,2275153,FA Women's Super League,2019/2020,0
7ca4ca0c-1a92-474b-994f-4e54d918fc29,2275153,FA Women's Super League,2019/2020,1
dd13526c-f6af-406c-bfee-e6c564bc3511,2275153,FA Women's Super League,2019/2020,0
51107817-35d2-4539-993c-2aaf9d502de6,2275153,FA Women's Super League,2019/2020,0
02e35e46-8c29-4ace-8afe-f3aa13bb700d,2275153,FA Women's Super League,2019/2020,0
7bb186a7-7e96-4d26-8222-a805b6786b7a,2275153,FA Women's Super League,2019/2020,0
f88a80a0-f9b6-4044-a151-38119555a49a,2275153,FA Women's Super League,2019/2020,0
8e4052ec-cf23-474a-99b2-ea0997c73efa,2275153,FA Women's Super League,2019/2020,0
cc8042cc-1b2c-453f-b635-3915795e15c4,2275151,FA Women's Super League,2019/2020,0
28e81b39-9e31-48cb-a853-6f1e043cc989,2275151,FA Women's Super League,2019/2020,0
4ad86768-cf87-4fb9-bca3-5ab4db6c2e5d,2275151,FA Women's Super League,2019/2020,0
d5a68085-7c7a-4a73-a983-d655d73866fa,2275151,FA Women's Super League,2019/2020,0
af739206-5f30-43e4-bac8-c7bf47659c6b,2275151,FA Women's Super League,2019/2020,0
c14cf45a-42f2-45f4-ab5d-f5c4dffa026b,2275151,FA Women's Super League,2019/2020,0
e0bcb07d-c1b4-4273-8fff-a4892046875d,2275151,FA Women's Super League,2019/2020,1
6e4533dd-3cfa-4b85-997a-65a659d7bb56,2275151,FA Women's Super League,2019/2020,0
6384a7f6-202d-4ca8-bf19-0e01397d8ddd,2275151,FA Women's Super League,2019/2020,0
36eef164-f0a1-4875-b941-14eeab79ba93,2275151,FA Women's Super League,2019/2020,0
3be21c51-1aab-4579-baf6-ffbf02f3e16d,2275151,FA Women's Super League,2019/2020,0
bf7b4694-9b49-452d-90eb-968359001cc9,2275151,FA Women's Super League,2019/2020,0
43e89f6d-9c9a-4142-9cb7-a85cdce65764,2275151,FA Women's Super League,2019/2020,0
0aad6c36-1662-435b-8581-079579c98dc5,2275151,FA Women's Super League,2019/2020,0
ab014dc5-d836-4cda-8c6b-785b3ab8b0a4,2275151,FA Women's Super League,2019/2020,0
862b20c4-dc1e-45de-99c6-0bd9ad33dbcc,2275151,FA Women's Super League,2019/2020,0
81d7a232-e959-4ef5-b8c8-a9acd9fc1c5a,2275144,FA Women's Super League,2019/2020,0
63b6b2be-79ce-4a21-b336-33ff3c405dea,2275144,FA Women's Super League,2019/2020,0
51bef8c6-6afb-437b-b3cc-cf71d68ae861,2275144,FA Women's Super League,2019/2020,0
2f8c95fc-3d2a-42ca-b009-f6598340ef8a,2275144,FA Women's Super League,2019/2020,1
5f85b9f4-d901-4bda-bc19-6d7f0d4d7894,2275144,FA Women's Super League,2019/2020,1
dc10b95c-dee1-403e-b0a7-2f311755c7d2,2275144,FA Women's Super League,2019/2020,0
364c2561-3907-4f9f-9319-ef047d0e80b2,2275144,FA Women's Super League,2019/2020,0
66035dad-f2d5-4d5a-b246-73945b066ccd,2275144,FA Women's Super League,2019/2020,1
d06b9cd0-f070-4291-a350-677a842bc860,2275144,FA Women's Super League,2019/2020,0
bfcba147-10fd-4bd4-ac82-51c07a73b3f3,2275144,FA Women's Super League,2019/2020,1
45666e93-262f-4cf6-9124-4c1d3484f882,2275144,FA Women's Super League,2019/2020,0
7c581cbf-03b6-47fa-8d1a-dbc2218c4f0f,2275144,FA Women's Super League,2019/2020,1
035366bd-29a1-44d6-b2f8-e0b476630652,2275144,FA Women's Super League,2019/2020,0
e60322e5-0a94-4b4c-bc34-75161f988e93,2275144,FA Women's Super League,2019/2020,0
74857505-3a58-463e-a326-301798858139,2275088,FA Women's Super League,2019/2020,0
287585ad-9d19-43b7-9e0b-2f5f67a05395,2275088,FA Women's Super League,2019/2020,1
9fdae942-11c3-4f11-aef6-b0d5ebf97160,2275088,FA Women's Super League,2019/2020,0
8a4318f4-8d7d-4991-860e-da90c8756f37,2275088,FA Women's Super League,2019/2020,0
c7577633-3ec7-413c-bb48-31e1b39393ba,2275088,FA Women's Super League,2019/2020,0
7bab4140-1f41-4a7f-bc9b-f09b85dde71c,2275088,FA Women's Super League,2019/2020,0
cdc1d6cb-6be8-49e0-8b89-e87374fc6c69,2275088,FA Women's Super League,2019/2020,0
4992a68f-1173-4b85-918b-675da70a8cbf,2275088,FA Women's Super League,2019/2020,0
e64172bc-e63e-42ee-8c3a-fca2c56539e3,2275088,FA Women's Super League,2019/2020,0
88ae54e6-9f37-48d9-993b-7c2d38fff5e5,2275088,FA Women's Super League,2019/2020,0
506185bd-b44e-4fa1-8041-7f82a22bedcc,2275088,FA Women's Super League,2019/2020,0
fc0595ca-82c0-4123-8319-f308fc6c1ec1,2275088,FA Women's Super League,2019/2020,0
91feffba-c7fd-413a-847c-e83d9c6a13be,2275088,FA Women's Super League,2019/2020,0
d3e9f394-aaf3-4214-9683-dc4cd63b0537,2275088,FA Women's Super League,2019/2020,1
364aad66-163b-4f4a-bb81-48cba1ceb232,2275088,FA Women's Super League,2019/2020,0
646d4abb-ac9f-44a9-b6b8-be3c2e91a112,2275088,FA Women's Super League,2019/2020,0
51765a1c-c2af-4628-8f10-e295cca304d8,2275088,FA Women's Super League,2019/2020,0
fd051daf-ead5-483f-a0fd-53ed446cd5f9,2275088,FA Women's Super League,2019/2020,0
5534f9df-9712-45bc-8823-c71c62256d6e,2275088,FA Women's Super League,2019/2020,0
3113c5fc-803b-4d54-8720-416e224fc270,2275088,FA Women's Super League,2019/2020,0
0badf28e-f11d-4fc9-a8a6-e8af076a5b72,2275088,FA Women's Super League,2019/2020,0
013a8f20-68b7-44cc-963d-807563e0fa19,2275088,FA Women's Super League,2019/2020,0
93d754de-5cae-42f1-b027-ee111beba0e9,2275088,FA Women's Super League,2019/2020,0
08f77503-2d83-47f9-8138-a4135ddca9bf,2275088,FA Women's Super League,2019/2020,0
5db126cb-7c47-49f6-bdda-138bb5867854,2275110,FA Women's Super League,2019/2020,1
d35677f6-d257-4108-a621-29ff23e5d3ca,2275110,FA Women's Super League,2019/2020,0
54a2992d-0717-4391-a3a5-b6663b3e660f,2275110,FA Women's Super League,2019/2020,0
36d5d270-1b57-4b8e-be82-4973d68ef0b7,2275110,FA Women's Super League,2019/2020,0
4121c47c-bed9-4030-9151-8aaf33b71679,2275110,FA Women's Super League,2019/2020,0
f90f55dd-13ef-4884-addf-3afb5d08c826,2275110,FA Women's Super League,2019/2020,0
3cac0fa0-d403-4ea8-9937-ab8f9b09f42c,2275110,FA Women's Super League,2019/2020,0
5635759e-f7f6-4b5a-9da3-63948017548c,2275110,FA Women's Super League,2019/2020,0
3e7c8de1-5644-4beb-b52c-17ef0aea17f9,2275110,FA Women's Super League,2019/2020,0
ebc9f847-79ee-4ffe-befe-685cab4c9cb1,2275110,FA Women's Super League,2019/2020,0
2c2ab0fc-2a3b-43d4-8b09-70564146ad9e,2275110,FA Women's Super League,2019/2020,0
5fb436c0-3177-4b26-954e-5aac1f4c1e83,2275110,FA Women's Super League,2019/2020,0
62cbd711-0c2b-410d-93c6-b2e390b428c8,2275110,FA Women's Super League,2019/2020,0
e7989764-f3ef-44a7-91d2-c38370d92d82,2275110,FA Women's Super League,2019/2020,0
08b2f271-5637-4ea7-94ce-a9d3838da5d0,2275110,FA Women's Super League,2019/2020,0
5e2a9f9b-e07f-431e-91d9-982b02714825,2275110,FA Women's Super League,2019/2020,0
79fcddfe-3db3-444d-a94f-b848937de37a,2275110,FA Women's Super League,2019/2020,0
1643b738-a1bc-4866-930b-46895342d701,2275110,FA Women's Super League,2019/2020,0
f08a7f25-a036-4f9b-94a1-1c6deb0d3b48,2275110,FA Women's Super League,2019/2020,0
7c569e1d-4124-484a-8929-82495634d649,2275110,FA Women's Super League,2019/2020,0
4786324e-795e-448f-a564-c3e1b0eace33,2275110,FA Women's Super League,2019/2020,0
874dafc2-91bc-4d6a-af27-ff12958a1792,2275110,FA Women's Super League,2019/2020,0
3523e412-16ce-497a-a403-f5606bd80b61,2275110,FA Women's Super League,2019/2020,0
3d8eead9-5205-4e8a-8a21-e41ee33734a3,2275110,FA Women's Super League,2019/2020,1
1064f28d-90e9-4b23-8078-412d1008a914,2275110,FA Women's Super League,2019/2020,0
90b9891b-3420-4429-b385-728a88cd6399,2275110,FA Women's Super League,2019/2020,0
c51c0f60-e366-481a-aa8e-c172f9c1bf80,2275110,FA Women's Super League,2019/2020,0
cc298f35-4066-4bcf-9bd8-b8e0b189b59a,2275044,FA Women's Super League,2019/2020,0
9e96ba84-c88e-482d-882e-b5b06a1152ee,2275044,FA Women's Super League,2019/2020,0
2f5d2d46-ae97-4b3d-980b-c42eaeef21c3,2275044,FA Women's Super League,2019/2020,0
a9800dbb-211c-4a6c-9fdc-b1085e7a033c,2275044,FA Women's Super League,2019/2020,0
7e8e7523-836e-499d-b178-8852282a0d94,2275044,FA Women's Super League,2019/2020,0
b390a618-882e-4afc-9ebb-174702575653,2275044,FA Women's Super League,2019/2020,0
910720e0-1690-48ff-87e1-de7ef0d48d42,2275044,FA Women's Super League,2019/2020,0
e3786b8d-5190-409a-bc0b-96739cfcdaa3,2275044,FA Women's Super League,2019/2020,1
2d342d20-6cdb-4468-9f27-1cfda29113d7,2275044,FA Women's Super League,2019/2020,0
7bf0b495-8d9b-4475-a4ef-6bd9eb31c86e,2275044,FA Women's Super League,2019/2020,0
01e7f632-a71b-4a53-81e4-b9b04e185927,2275044,FA Women's Super League,2019/2020,0
413f4eb4-6ff7-4660-b164-a89d330a15a6,2275044,FA Women's Super League,2019/2020,0
609fafe1-caa7-43c8-8a3d-fd103da33f53,2275044,FA Women's Super League,2019/2020,0
a6b0e0aa-1c59-4f7a-a454-dcd334c22d3b,2275044,FA Women's Super League,2019/2020,0
d7f24e62-a60a-4814-b57e-f86dc55f4fb5,2275044,FA Women's Super League,2019/2020,0
e1832f30-7ef8-49dc-b203-8eb3d07d4631,2275044,FA Women's Super League,2019/2020,0
53d637b2-d1f8-48cc-8490-7251c799deec,2275044,FA Women's Super League,2019/2020,0
97e9ecc2-c3ec-4cf3-a9c3-cfeee37091a2,2275105,FA Women's Super League,2019/2020,0
58a60bf0-a979-4232-92ba-52161050fb83,2275105,FA Women's Super League,2019/2020,0
401f9885-b6a9-41c8-96d9-f71ca309346a,2275105,FA Women's Super League,2019/2020,0
71e3c4f6-c9e8-48f2-94bf-2614bc18202f,2275105,FA Women's Super League,2019/2020,0
2d472e5f-17ae-44cb-b3d1-1e365b5fcc10,2275105,FA Women's Super League,2019/2020,0
a30791d5-8bde-4fc8-b89b-d556abe59c08,2275105,FA Women's Super League,2019/2020,0
b7c378ba-2c07-48c2-8efb-3dc0e14a2c98,2275105,FA Women's Super League,2019/2020,0
853d5a55-5e78-48f5-b9a0-bdaf990db216,2275105,FA Women's Super League,2019/2020,0
4e35e001-cc9f-436a-9d19-57a5e547891e,2275105,FA Women's Super League,2019/2020,1
c0a865f7-aa1d-428a-be34-c9b14def772a,2275105,FA Women's Super League,2019/2020,0
d50c5ee2-2786-4253-8985-7cde744a2843,2275105,FA Women's Super League,2019/2020,0
4fb155bc-5ee9-428e-9818-83a0deb1f04d,2275105,FA Women's Super League,2019/2020,0
dded1a2d-2279-4645-b13d-4a37ba3a745c,2275105,FA Women's Super League,2019/2020,1
1851e9dc-360f-40a0-b21b-abc6f442ea7f,2275105,FA Women's Super League,2019/2020,0
f50e5dde-1fa1-4dc7-a8b9-5e782624ab07,2275105,FA Women's Super League,2019/2020,0
a5847bd6-779e-4d46-bbfa-68a263de96cd,2275105,FA Women's Super League,2019/2020,0
2d161347-8097-4c58-93ed-ebaf13928361,2275105,FA Women's Super League,2019/2020,1
4c27f618-f4ee-4e76-a058-120dc66c14b4,2275105,FA Women's Super League,2019/2020,0
c4be28ed-c733-4b80-870d-d4f67ed351c4,2275105,FA Women's Super League,2019/2020,0
13234717-4e05-4475-b375-8038707b0961,2275105,FA Women's Super League,2019/2020,0
18f98073-7e8b-4158-818a-f246119d1903,2275105,FA Women's Super League,2019/2020,1
da389451-f168-4831-810a-8e7a50a61d31,2275105,FA Women's Super League,2019/2020,1
c15efa41-e2c6-4a34-8b8d-15a8efd510b0,2275105,FA Women's Super League,2019/2020,0
cfa2931e-6777-434f-b475-3c1eb33c2074,2275105,FA Women's Super League,2019/2020,1
1864ebfc-99a1-4252-bcac-fa5fc7178ca2,2275105,FA Women's Super League,2019/2020,0
16443f05-4ec5-4f19-900f-bd7dfd18fcf1,2275105,FA Women's Super League,2019/2020,0
2de7556f-d012-47d4-bff6-3d4a721f3586,2275105,FA Women's Super League,2019/2020,0
20967a2c-ab9c-4b0d-8739-3fabecb7d536,2275063,FA Women's Super League,2019/2020,0
0f212ab2-49e6-4610-bcac-e0e5b9190d66,2275063,FA Women's Super League,2019/2020,1
8cf8df63-fb85-44b7-a22e-73b559878880,2275063,FA Women's Super League,2019/2020,0
17936ece-ff26-4392-b054-729d7280832d,2275063,FA Women's Super League,2019/2020,0
0b1f297a-7f8f-414f-b356-91de6aee23ad,2275063,FA Women's Super League,2019/2020,0
e948b293-d095-456f-b032-bcf7390d62bc,2275063,FA Women's Super League,2019/2020,0
62e68352-270d-4298-bcf7-9350859381f0,2275063,FA Women's Super League,2019/2020,0
e884860a-43e8-4fdc-84f8-06363923628e,2275063,FA Women's Super League,2019/2020,0
7cd0a821-f6f1-472a-8755-5d6f087fd1e5,2275063,FA Women's Super League,2019/2020,0
0e5e5faa-b96c-475a-963d-bd07af1ac73d,2275063,FA Women's Super League,2019/2020,0
20bc7b14-352e-461f-8da2-bca8edc15e0c,2275063,FA Women's Super League,2019/2020,0
14d6a12c-8ef9-408b-8df8-9ece69005bf7,2275063,FA Women's Super League,2019/2020,0
81c85013-3694-49d8-8eeb-1e28c17015ab,2275063,FA Women's Super League,2019/2020,0
6269af5f-a02e-44f6-8e3b-bd81db1e57ca,2275063,FA Women's Super League,2019/2020,0
cd61ff44-cd70-4a5c-a699-8be80eb908d7,2275063,FA Women's Super League,2019/2020,0
b9e378a9-c8d8-45fa-a002-5dd208cf7201,2275063,FA Women's Super League,2019/2020,0
274c2db6-11ec-4e57-a8e5-8e27acc3bd68,2275063,FA Women's Super League,2019/2020,0
6a1c28b0-c5c8-41e1-becb-4da475e0afd6,2275063,FA Women's Super League,2019/2020,0
82032539-5ae8-4e60-ac34-85ce15446ace,2275063,FA Women's Super League,2019/2020,1
388d3ba6-3a3e-4c5a-a952-99cba000d0ad,2275063,FA Women's Super League,2019/2020,0
8d820278-2d8d-4fae-8852-e885eccfb136,2275063,FA Women's Super League,2019/2020,0
fcbc892c-1dee-4dcb-9fb5-2f49710be505,2275063,FA Women's Super League,2019/2020,0
833d5084-d7cd-4ffb-a815-55f854e59866,2275063,FA Women's Super League,2019/2020,0
6db1c422-a7bd-4a00-93fa-c949a3d8c587,2275063,FA Women's Super League,2019/2020,0
8647b64e-8abe-43a7-b411-ca68538f3824,2275063,FA Women's Super League,2019/2020,0
20bbf923-eeb9-45d0-b9ed-83fd3fb1f02f,2275063,FA Women's Super League,2019/2020,0
c375fa5e-dc92-4af6-a51d-eb4ebc243a56,2275063,FA Women's Super League,2019/2020,1
869a5a77-94ea-4942-ac55-112087fc039e,2275063,FA Women's Super League,2019/2020,0
1f40c8f8-d3f7-4783-a0f7-b02ce166b1fa,2275054,FA Women's Super League,2019/2020,0
c477821a-23c4-49dd-b77f-6f4c31d3f6f9,2275054,FA Women's Super League,2019/2020,0
f10afa8d-3b22-4fd6-b013-f1f2362b28da,2275054,FA Women's Super League,2019/2020,0
191a728c-0674-4a85-b884-9ca584f547e8,2275054,FA Women's Super League,2019/2020,0
89913fc3-18a4-40cb-8f94-7b711ba7efe3,2275054,FA Women's Super League,2019/2020,0
291abac6-ec5c-4734-8f9f-96db6800e347,2275054,FA Women's Super League,2019/2020,1
db8b3d68-e295-4cbd-a992-a41fb5921647,2275054,FA Women's Super League,2019/2020,0
516a7c0b-1b97-4afb-9a7b-49e418727cb5,2275054,FA Women's Super League,2019/2020,0
6d3fcd79-274b-4976-b153-47a648fa4d96,2275054,FA Women's Super League,2019/2020,0
117f6a4f-2758-4077-b684-6c18ddefa09f,2275054,FA Women's Super League,2019/2020,0
ce242cfd-5113-4202-bbc1-fbfd77266412,2275054,FA Women's Super League,2019/2020,0
1f6a6a74-8f70-42a1-8ac4-66b7bd912b2a,2275054,FA Women's Super League,2019/2020,0
a907d6d7-4b9a-47d6-af29-eaff9f86adf4,2275054,FA Women's Super League,2019/2020,0
a47184d4-0c37-4ccc-8c93-aa8a59e97022,2275054,FA Women's Super League,2019/2020,0
43e1266a-8064-42e6-a89d-4897dd746b45,2275054,FA Women's Super League,2019/2020,0
fd20488a-d92c-468f-83d2-5e7ba011de17,2275054,FA Women's Super League,2019/2020,0
0190b365-2479-447a-baad-78328f615e2d,2275054,FA Women's Super League,2019/2020,0
b89c93e4-cd86-45e5-8183-01113648c86d,2275054,FA Women's Super League,2019/2020,0
6c168ce5-bce8-47ef-831e-9104e7275c87,2275054,FA Women's Super League,2019/2020,0
f9eb43ff-719a-40ad-a97a-14dbb28fbbb6,2275054,FA Women's Super League,2019/2020,0
71a7a07e-096c-4265-b204-e1722f066330,2275072,FA Women's Super League,2019/2020,0
f45ca4ef-c46b-44df-8ec6-452a7b912734,2275072,FA Women's Super League,2019/2020,0
1521a400-074a-403f-bf51-91230a9eaf18,2275072,FA Women's Super League,2019/2020,0
442a6024-79de-4c02-9982-0203d1910262,2275072,FA Women's Super League,2019/2020,0
5351de44-481c-4fa9-b7ca-55ebfb759393,2275072,FA Women's Super League,2019/2020,1
f826a600-36b3-411c-b585-8d828209d52d,2275072,FA Women's Super League,2019/2020,0
0d4705ed-9e2c-4aa8-8f46-37f652cf9abb,2275072,FA Women's Super League,2019/2020,0
aa3e72b4-8e2e-45b1-9107-233db15132ff,2275072,FA Women's Super League,2019/2020,0
aa8691ee-9460-468b-95a5-0342399695ee,2275072,FA Women's Super League,2019/2020,0
54774cf8-ee3d-411c-854c-cff642562007,2275072,FA Women's Super League,2019/2020,0
7c3f27e8-3959-4c8a-bb43-bdf32392db0b,2275072,FA Women's Super League,2019/2020,0
84d5d98d-9953-4e21-aac1-89025fa0103c,2275072,FA Women's Super League,2019/2020,0
dc157aca-040e-4c8d-afa6-cec579555e76,2275072,FA Women's Super League,2019/2020,0
898b9d6b-773a-4d42-ae89-eb468ff05ee0,2275072,FA Women's Super League,2019/2020,0
a6d9eed6-47aa-4755-be60-ed0916c0624d,2275072,FA Women's Super League,2019/2020,1
201a9ecf-4411-4d60-8ff1-6680a37723e1,2275072,FA Women's Super League,2019/2020,0
bddeffa6-de9e-454c-9ee4-01d139d73c7f,2275072,FA Women's Super League,2019/2020,0
4969b181-6586-4ab0-ad9e-0383d578d6d4,2275072,FA Women's Super League,2019/2020,0
87b769b6-e07f-4e3a-8fb0-544c2eead8aa,2275072,FA Women's Super League,2019/2020,0
29144201-578d-4b9e-8ee0-21f5ab40247e,2275072,FA Women's Super League,2019/2020,0
27d0a137-21cb-4d1b-b33f-5dbacc7fabf4,2275072,FA Women's Super League,2019/2020,0
69d76c84-60b8-4012-ae65-d9abfa0926bd,2275072,FA Women's Super League,2019/2020,0
0cc336cb-a764-4635-9614-7ef1dfa4677d,2275072,FA Women's Super League,2019/2020,0
012b83bd-f53e-4ac4-8d3b-bdf479396921,2275072,FA Women's Super League,2019/2020,0
c725b0a9-3d0a-4eee-87f5-eb6e241f3221,2275072,FA Women's Super League,2019/2020,0
3a6c1090-d419-47a7-8fc7-7fe407dd6e29,2275072,FA Women's Super League,2019/2020,1
c712164b-6936-49f5-a2bc-cba17210077f,2275072,FA Women's Super League,2019/2020,0
d148d8ec-22d8-4f67-b32f-3ba197f465b5,2275072,FA Women's Super League,2019/2020,0
bd1422cf-be5e-4fd7-b6a6-5ca7c4a1c4d7,2275072,FA Women's Super League,2019/2020,1
2d215645-e172-4e06-a46f-5c4ab98f1fad,2275072,FA Women's Super League,2019/2020,0
63d2187b-6dd1-454a-ada8-f7f9333a6097,2275072,FA Women's Super League,2019/2020,0
99b225f0-f729-48a7-80ce-1bba68b56959,2275072,FA Women's Super League,2019/2020,0
0e1d7d68-128b-4e7c-bf41-38d4066cb27e,2275072,FA Women's Super League,2019/2020,0
18dd7587-d8af-41eb-af4c-9afa28ad7308,2275072,FA Women's Super League,2019/2020,0
48c79430-411d-49e4-bfaf-6e48717753b9,2275085,FA Women's Super League,2019/2020,0
924145b6-624e-479b-88c4-bac9c7095acb,2275085,FA Women's Super League,2019/2020,1
a34382b1-97b9-4c89-97c1-f770f4457914,2275085,FA Women's Super League,2019/2020,1
6572c29d-475c-4f60-933e-32ccf0ee2764,2275085,FA Women's Super League,2019/2020,0
eb8c8c19-3924-43b3-86ec-1cacc903b65d,2275085,FA Women's Super League,2019/2020,0
4490e45e-9048-44f9-a648-859dc9318574,2275085,FA Women's Super League,2019/2020,0
f5349bde-d478-4e0a-b41e-7c82d80ab0b6,2275085,FA Women's Super League,2019/2020,0
44e3ac66-b746-42c8-89a8-e43bea28798d,2275085,FA Women's Super League,2019/2020,0
de319ba1-4c18-4b5a-82d3-8e30ff286032,2275085,FA Women's Super League,2019/2020,0
04b9695a-fdd8-4adb-b050-f10329368b32,2275085,FA Women's Super League,2019/2020,0
caf1ff53-3fb2-41c3-b1fb-c92f96c8a88b,2275085,FA Women's Super League,2019/2020,0
3d254d19-b1f9-4e51-855e-8117a76939a5,2275085,FA Women's Super League,2019/2020,1
a7d67438-c6f5-4828-b8e3-4f6f07bc0f4e,2275085,FA Women's Super League,2019/2020,0
3677d0a7-b55c-4c24-93f4-1caba11a4a36,2275085,FA Women's Super League,2019/2020,0
a274d3d6-a2dd-4878-b3cb-e84fb7ed91e8,2275085,FA Women's Super League,2019/2020,0
e9367cb6-7869-490b-9feb-2da2ac56e83a,2275085,FA Women's Super League,2019/2020,0
d6f84782-11f4-4fd4-890c-e1353de20958,2275085,FA Women's Super League,2019/2020,1
e8d44d59-f42f-4ca6-9aa6-79db77e199dd,2275085,FA Women's Super League,2019/2020,0
684a93b6-9f7c-4d5e-a4f0-643ab2c8f0f1,2275085,FA Women's Super League,2019/2020,0
21dc00a3-bd6b-4aa0-8030-e82c13e8746b,2275085,FA Women's Super League,2019/2020,0
eca9a3e0-7533-40d1-bd30-3f4176f8807d,2275085,FA Women's Super League,2019/2020,0
b716b126-b9c0-4c89-bfc4-6636c4f38222,2275085,FA Women's Super League,2019/2020,0
32804ae5-4c27-4394-85fa-7255e91c11bd,2275085,FA Women's Super League,2019/2020,0
44e5233c-0130-4155-9eb5-b789ebd82cbc,2275085,FA Women's Super League,2019/2020,0
7c8a8eb9-4291-475d-ab91-48dcf6566696,2275085,FA Women's Super League,2019/2020,0
9032364c-2a3c-495b-aad9-fa1dd517e72d,2275085,FA Women's Super League,2019/2020,0
ea1d1620-2b8f-4298-aac0-bbaad20ce62f,2275085,FA Women's Super League,2019/2020,0
b8a73084-d949-4ea7-9027-000588c43068,2275085,FA Women's Super League,2019/2020,0
3ea37fb9-7c2b-4a0e-acec-7267d678b596,2275085,FA Women's Super League,2019/2020,0
40696bf7-d871-4381-823a-a494df6a38e7,2275085,FA Women's Super League,2019/2020,0
e6b8af18-2a16-48da-afc4-486bf11fb5f7,2275085,FA Women's Super League,2019/2020,0
aeb880c8-458e-4704-817a-2dda81f470f1,2275085,FA Women's Super League,2019/2020,0
1ce335ec-fd89-4fc4-b942-2001e2fb82d7,2275085,FA Women's Super League,2019/2020,0
3c52f1ab-b452-4c2e-98d8-c81a7df1745a,2275085,FA Women's Super League,2019/2020,0
41cca103-689e-4aa4-893c-525955b9d36e,2275085,FA Women's Super League,2019/2020,0
ad775d90-b104-4ed9-b2b8-9c008b6cc816,2275085,FA Women's Super League,2019/2020,0
ae76278e-6769-4d9d-ab3e-55d29685191b,2275085,FA Women's Super League,2019/2020,0
82c479d3-7bf2-493f-8b2b-028ab31510d3,2275113,FA Women's Super League,2019/2020,0
4088dd98-e594-41fd-a770-c0aa385b80d3,2275113,FA Women's Super League,2019/2020,0
6e163c4c-8857-4dcb-bdba-479b322f843e,2275113,FA Women's Super League,2019/2020,0
7d0ce942-9961-4058-8069-bc2e39c2d722,2275113,FA Women's Super League,2019/2020,0
84f30ace-23f1-4c7c-aaf0-b0a42599febb,2275113,FA Women's Super League,2019/2020,0
4427ffbd-e062-481b-b364-0de5834c0d63,2275113,FA Women's Super League,2019/2020,1
c6f42f3a-d488-41cc-8b78-55be0d658548,2275113,FA Women's Super League,2019/2020,0
96a12383-8f16-41d5-b4e0-942f234521ea,2275113,FA Women's Super League,2019/2020,0
c29e4f4a-9420-4f27-b18d-e4e00c0a4139,2275113,FA Women's Super League,2019/2020,0
d8df0fb8-b1a3-433d-aa0c-bff812c2b0d4,2275113,FA Women's Super League,2019/2020,0
938b7b34-7945-4e3f-9c01-fa5c8f10b29b,2275113,FA Women's Super League,2019/2020,0
950283d5-b78a-48d6-9114-527644f1df5e,2275113,FA Women's Super League,2019/2020,0
d7c19410-0d4a-445d-81d3-b96108c550c4,2275113,FA Women's Super League,2019/2020,0
4765e231-6466-4c78-ab4d-5c2f81ebaea8,2275113,FA Women's Super League,2019/2020,0
fb4a2d78-af96-428b-bcb6-92d6aaa0c539,2275113,FA Women's Super League,2019/2020,0
6864842c-2386-4cd7-b88d-e969f0151304,2275113,FA Women's Super League,2019/2020,0
c39ce7e7-ad23-4287-aca1-ca562b31f340,2275113,FA Women's Super League,2019/2020,0
40852673-163a-4a08-9664-bbc75c9db131,2275113,FA Women's Super League,2019/2020,0
c5d7637a-ecb3-4ffc-be6f-99272504dd63,2275113,FA Women's Super League,2019/2020,0
230d20a3-07a2-47ce-86e7-d2c9054cd8a5,2275113,FA Women's Super League,2019/2020,0
2b2fc2b3-7998-4e8a-8d82-d9eab7066c31,2275113,FA Women's Super League,2019/2020,0
465230dd-5583-4c13-8592-3d72313e3106,2275113,FA Women's Super League,2019/2020,0
2ab368cd-cf9f-4953-9724-387dd5bc9ce1,2275113,FA Women's Super League,2019/2020,1
e2178eca-275e-4172-9e62-c622ff724192,2275113,FA Women's Super League,2019/2020,0
a9f94f47-88ee-4536-84fe-4940d2d6415b,2275113,FA Women's Super League,2019/2020,1
97073fd8-20e4-4e40-9c83-e651ee63ebf5,2275099,FA Women's Super League,2019/2020,0
71e1e11a-5722-4066-a018-bfda01c32ab9,2275099,FA Women's Super League,2019/2020,0
fca45396-2cfd-4a3c-9de1-07f9deea7147,2275099,FA Women's Super League,2019/2020,0
5a0ced4e-2167-4128-ba65-5b278fa8d133,2275099,FA Women's Super League,2019/2020,0
a4b5492c-5c1d-4e25-a418-ac57c71b117a,2275099,FA Women's Super League,2019/2020,0
ae6d266b-e175-491e-aa31-14f742df830e,2275099,FA Women's Super League,2019/2020,0
37559529-f3e3-45ba-8010-02943ae67cc0,2275099,FA Women's Super League,2019/2020,0
f9b1a77f-40ed-45de-b187-5bae851a2df7,2275099,FA Women's Super League,2019/2020,0
8075a85f-b3b7-49a0-b7f5-cb59dfd3e10d,2275099,FA Women's Super League,2019/2020,0
5c4037be-c4bf-44b7-a3c0-6d9a50b539ee,2275099,FA Women's Super League,2019/2020,0
32489b31-b826-43f3-a84e-53e577047077,2275099,FA Women's Super League,2019/2020,0
a585c9f2-db26-47e5-aa08-93ba8afd1b63,2275099,FA Women's Super League,2019/2020,0
faad3c2e-a826-43e0-a07c-05c66ce14773,2275099,FA Women's Super League,2019/2020,0
86402003-65ea-4afb-ac5a-33e8d8d68dfe,2275099,FA Women's Super League,2019/2020,0
c53a7450-a7cc-4de8-9285-4332cd06f707,2275099,FA Women's Super League,2019/2020,0
60b81075-d7d8-48b7-b3be-5db26d2dc665,2275099,FA Women's Super League,2019/2020,0
b1dfd837-f59b-4021-b46c-dccf88574bfa,2275099,FA Women's Super League,2019/2020,0
6c11bfc8-aba2-46d8-b2a4-bfd42c4884cd,2275099,FA Women's Super League,2019/2020,0
6f286f73-a1ba-4c81-ac27-2760054ca298,2275099,FA Women's Super League,2019/2020,0
2923c114-9968-4563-b79d-ebc60a9d8306,2275099,FA Women's Super League,2019/2020,0
87c36895-3e5e-4dbd-a166-1707c2f450a7,2275099,FA Women's Super League,2019/2020,0
09df6de6-60d4-4525-b333-b2ded25558ec,2275057,FA Women's Super League,2019/2020,0
c0648332-7a8b-4f13-848e-645df806d9cd,2275057,FA Women's Super League,2019/2020,1
8399d9c0-bf9a-460b-9805-00f402cb318c,2275057,FA Women's Super League,2019/2020,1
1042ac3b-cd5e-4148-8fec-f1c9c46a8d3c,2275057,FA Women's Super League,2019/2020,0
ba4e7086-979e-4ffb-a7e9-36d6504d2ddc,2275057,FA Women's Super League,2019/2020,0
ede01692-10a0-4481-a05c-ad17e9d897de,2275057,FA Women's Super League,2019/2020,1
685e8700-682d-4b21-9634-d3e800ff7f51,2275057,FA Women's Super League,2019/2020,0
095e75a0-2d8e-477f-a2fb-8894c7315a5c,2275057,FA Women's Super League,2019/2020,0
16052ec0-f1f4-47bc-825b-3a370d189c45,2275057,FA Women's Super League,2019/2020,1
02a99424-c93f-4508-8423-c6801ba5598c,2275057,FA Women's Super League,2019/2020,0
22dc4275-2db0-4b51-bf2c-227fab517fa2,2275057,FA Women's Super League,2019/2020,1
0ba65c3b-7914-4f66-813a-c5d9a10b22e0,2275057,FA Women's Super League,2019/2020,1
5b4bed55-7fbd-45a6-8d01-4caf4fa8aee9,2275057,FA Women's Super League,2019/2020,0
18e420a8-189e-4327-bb38-1aeed81fcef7,2275057,FA Women's Super League,2019/2020,0
d6ed6179-7213-403c-a682-3774b3c697c1,2275057,FA Women's Super League,2019/2020,0
4354d572-e4a7-4b92-8b54-9019d1e7372f,2275057,FA Women's Super League,2019/2020,0
0bd6881c-1b77-4f96-af11-2e7a74623611,2275057,FA Women's Super League,2019/2020,0
4360190c-7088-4b26-a7d0-d72de9760a5d,2275057,FA Women's Super League,2019/2020,0
ac34c56b-7f93-4efb-8590-b5c5887b6a5e,2275057,FA Women's Super League,2019/2020,0
7d13d4fe-678f-4fc5-af5d-3ed030ef20e7,2275057,FA Women's Super League,2019/2020,0
9a03732f-1613-43a7-84c7-77524435f090,2275057,FA Women's Super League,2019/2020,1
6cc29730-d6d7-4fd5-9f10-2066f54f87bb,2275057,FA Women's Super League,2019/2020,1
5c8119b9-3133-4310-afe6-ebede68fa38c,2275075,FA Women's Super League,2019/2020,0
8a0eaf34-6b12-4c80-a530-d31b453721b4,2275075,FA Women's Super League,2019/2020,0
7f969434-6877-4829-99e8-5e3c1a83d5b0,2275075,FA Women's Super League,2019/2020,0
e1d1b64a-7003-48ec-9597-9950166a5f9d,2275075,FA Women's Super League,2019/2020,0
9f050792-d9ac-49ee-897e-d45ab4d09844,2275075,FA Women's Super League,2019/2020,0
481f46f7-42f4-4d19-ae55-1aee07c1dc7b,2275075,FA Women's Super League,2019/2020,0
d545858e-0788-4dd6-b22e-b7b60df06e49,2275075,FA Women's Super League,2019/2020,0
bdf0857f-c20d-4a8b-a1ba-8c4eb74ca363,2275075,FA Women's Super League,2019/2020,0
20091c17-5118-44a8-aab1-7c1780ecbcd2,2275075,FA Women's Super League,2019/2020,0
8b28794a-a508-45d2-89ce-9216e52b97fa,2275075,FA Women's Super League,2019/2020,0
949705b5-1e42-4f8a-a154-fc27eca01608,2275075,FA Women's Super League,2019/2020,0
8e1344bc-af05-4fda-894e-c60ac9889610,2275075,FA Women's Super League,2019/2020,0
dd1976f8-f048-431d-9e2f-bff67d05dc23,2275075,FA Women's Super League,2019/2020,0
6e5611f6-498e-4fdd-baef-023fb1f3150d,2275075,FA Women's Super League,2019/2020,0
00106b0e-a53d-4692-8232-b7b43e688280,2275075,FA Women's Super League,2019/2020,0
33e85c5e-3a1e-44a6-a4a0-ab3ac665da26,2275075,FA Women's Super League,2019/2020,0
82f3a6a5-4d93-4291-bb83-064361bb7227,2275075,FA Women's Super League,2019/2020,0
5ef621b2-c8de-4be5-9f5d-e881841d1f5b,2275075,FA Women's Super League,2019/2020,0
a241a58f-aec9-48de-9897-6f517550676f,2275075,FA Women's Super League,2019/2020,0
720c3e84-0c5f-45d4-98fc-ff1cca396236,2275075,FA Women's Super League,2019/2020,0
e5b19c3e-9aeb-4504-8014-ae8192ae8198,2275075,FA Women's Super League,2019/2020,1
cb829af6-eead-493d-b126-ca5c2aeb24ce,2275075,FA Women's Super League,2019/2020,0
2bd56896-0b00-413a-ab7e-12d7ef23a39f,2275075,FA Women's Super League,2019/2020,0
8ae6e08a-f92b-4f9f-a2d1-1b0531a89efe,2275075,FA Women's Super League,2019/2020,0
c287b279-5181-43f8-a695-1586ebd4e379,2275075,FA Women's Super League,2019/2020,0
68e07505-c411-4859-8488-6e68e78a6e46,2275075,FA Women's Super League,2019/2020,0
81a5097c-f0bf-4a1d-8958-dff288d9868c,2275075,FA Women's Super League,2019/2020,0
53dfcb33-419f-457c-93c3-64bff594d0dc,2275075,FA Women's Super League,2019/2020,1
b6ed59d8-7fe0-4640-b725-795c5bb30c06,2275075,FA Women's Super League,2019/2020,0
8af954cd-e9ff-44b9-98c2-0c4b13b541c0,2275075,FA Women's Super League,2019/2020,1
30ff4008-b10a-4342-b57e-4ae63f2122f5,2275075,FA Women's Super League,2019/2020,0
bed16697-ac65-4d95-92f8-980f6103cd2d,2275075,FA Women's Super League,2019/2020,0
b4c9037f-6b4a-4f82-899b-76e452d39c0f,2275075,FA Women's Super League,2019/2020,1
0c194334-f8e7-45f9-9844-975d0cd91120,2275077,FA Women's Super League,2019/2020,0
7c3d2b7e-be7d-4e23-8aaf-e680ce8cc93c,2275077,FA Women's Super League,2019/2020,0
7ccc4ecd-1666-49da-93c3-8d7be4736a15,2275077,FA Women's Super League,2019/2020,0
ae7070b6-0a3a-499c-97ec-c98744bfe6c1,2275077,FA Women's Super League,2019/2020,0
6d6e0394-084a-4e90-96c5-6143e5f9010a,2275077,FA Women's Super League,2019/2020,0
54fb9138-72e6-4f1a-989e-159685d096f1,2275077,FA Women's Super League,2019/2020,0
9edfc1d6-6233-4f97-a311-95f7c2824df7,2275077,FA Women's Super League,2019/2020,0
27622bee-3beb-45b5-a8e9-4353a3c48cf4,2275077,FA Women's Super League,2019/2020,1
b2fb7a47-619e-410c-9d5d-33decf181861,2275077,FA Women's Super League,2019/2020,0
bfe2b9ca-024d-41f0-bb3e-c873c1cdba6f,2275077,FA Women's Super League,2019/2020,0
7db6e101-bf43-4608-bf2e-1e6619b0d616,2275077,FA Women's Super League,2019/2020,0
d9c4e5e9-e95e-4700-a10a-f374cc17a4e7,2275077,FA Women's Super League,2019/2020,0
a3523627-b2e1-4007-bb16-ed5144966ff9,2275077,FA Women's Super League,2019/2020,0
be783f02-d584-465b-92a5-1f0941624d63,2275077,FA Women's Super League,2019/2020,0
0c18b74b-12bb-4921-9f16-ecc718e4855a,2275077,FA Women's Super League,2019/2020,0
0591ca39-f5d7-4ea8-a387-415eb3d95348,2275077,FA Women's Super League,2019/2020,0
ff23e37a-bdf9-4ab8-a07d-b2ba24bd7369,2275077,FA Women's Super League,2019/2020,0
01539e8b-68d5-436b-94b6-97726503bd1b,2275077,FA Women's Super League,2019/2020,0
6536ace7-e33a-4c92-ba3d-950402c8d907,2275077,FA Women's Super League,2019/2020,0
f9d001c5-67cc-4811-9620-3568a3970bcb,2275077,FA Women's Super League,2019/2020,0
2c600385-38e3-468a-b540-8332fa7a462b,2275077,FA Women's Super League,2019/2020,0
cbbffb4b-737d-4891-96a7-a5d1e6c2c592,2275077,FA Women's Super League,2019/2020,0
28e6a4d2-4739-4a33-b6fe-8e1872c89509,2275077,FA Women's Super League,2019/2020,0
6595df18-873b-4387-ad1a-348eb86cbc1c,2275077,FA Women's Super League,2019/2020,0
7ec34223-fb09-47a9-998f-568ba958ef0d,2275077,FA Women's Super League,2019/2020,1
b7be643f-10fb-41ff-ab63-c9108195ac4e,2275077,FA Women's Super League,2019/2020,0
f6ca1b6c-e70b-4820-be08-21bf7feb96a0,2275077,FA Women's Super League,2019/2020,0
f66400ca-02a4-4121-92d4-991cb225d885,2275077,FA Women's Super League,2019/2020,1
fc4fb0ea-0f13-45c9-8817-52831a82bcf2,2275077,FA Women's Super League,2019/2020,0
73b85f5b-0aba-42f3-a480-9a0ebbfadad9,2275036,FA Women's Super League,2019/2020,0
8ba6207b-1cb9-43eb-adb5-d1806943c39e,2275036,FA Women's Super League,2019/2020,0
fdc888fe-0e39-4bac-a6ec-6ccdcf0eb159,2275036,FA Women's Super League,2019/2020,0
b619149c-ec47-466f-ad16-401f7eff6d08,2275036,FA Women's Super League,2019/2020,1
5f5292d1-1463-4ee9-9698-03dae8934276,2275036,FA Women's Super League,2019/2020,0
8cc79eae-ba43-42c7-a93b-b40d18cd051e,2275036,FA Women's Super League,2019/2020,0
7756b68a-bba4-4909-89fb-aa7bf5fe25bd,2275036,FA Women's Super League,2019/2020,0
e979413a-dd54-474b-89db-1b432134ea43,2275036,FA Women's Super League,2019/2020,0
397ea7e0-2960-49e9-a1cc-71bba72db90d,2275036,FA Women's Super League,2019/2020,0
5ad4aa39-8bd5-4392-897d-8db52647679d,2275036,FA Women's Super League,2019/2020,1
d6b14cf4-fecd-4e85-aa2c-7258643b9b00,2275036,FA Women's Super League,2019/2020,0
3341ac3f-fee6-477e-9534-e26faabd3829,2275036,FA Women's Super League,2019/2020,0
16cf68e3-7ae1-4812-9027-e52b0e9cc7bd,2275036,FA Women's Super League,2019/2020,0
e226b2cb-9e75-4c37-af67-2542f84f37fc,2275036,FA Women's Super League,2019/2020,0
125ffa2b-8ab8-43a4-8757-263d35a82433,2275117,FA Women's Super League,2019/2020,0
c6fa2c63-9815-4347-a4d9-842906db670b,2275117,FA Women's Super League,2019/2020,0
348adba9-a2dc-4f15-89e4-7b5e9e32e372,2275117,FA Women's Super League,2019/2020,0
8120c573-b196-4637-88b5-7bf5d36fdcb9,2275117,FA Women's Super League,2019/2020,0
76af485b-5209-4daa-988b-0b991f808627,2275117,FA Women's Super League,2019/2020,1
aa56bf64-3b45-44e9-a569-07f6e6dd71e6,2275117,FA Women's Super League,2019/2020,0
85e2a2e0-6492-4ad2-9c16-b8cfbfc5b6e8,2275117,FA Women's Super League,2019/2020,0
61f1cd8e-1746-467c-bd34-35df9113950c,2275117,FA Women's Super League,2019/2020,0
7163240c-3370-4e94-a119-a45e91ab4a52,2275117,FA Women's Super League,2019/2020,0
8f514f1d-a4a4-4ef4-9ad4-3d516b021dad,2275117,FA Women's Super League,2019/2020,0
85bf9de9-a731-497c-ab0c-9a365c4cbb8f,2275117,FA Women's Super League,2019/2020,0
720c2e32-7826-44b3-8a6a-a557fcaaecb9,2275117,FA Women's Super League,2019/2020,0
5da62c52-fffd-4913-aaf3-82154e4c7ad9,2275117,FA Women's Super League,2019/2020,0
db4c8c21-ee11-4dcc-bb18-42f967431797,2275117,FA Women's Super League,2019/2020,1
820c57ed-bad9-4479-be7f-15392a7aadf9,2275117,FA Women's Super League,2019/2020,0
156352e3-14ff-441f-a343-fff491e3af0a,2275117,FA Women's Super League,2019/2020,0
28078aa6-42d2-427f-bb24-bcca0119135a,2275117,FA Women's Super League,2019/2020,0
8ef44f26-dcba-40bf-a11f-1cce227e92a4,2275117,FA Women's Super League,2019/2020,0
4bb86cf1-13fd-417d-98a7-8387457839fc,2275117,FA Women's Super League,2019/2020,1
a8d2c871-0b03-42f4-9243-4f8a88d16129,2275117,FA Women's Super League,2019/2020,0
2ef43ebd-4191-4494-bcac-b600e19a1a66,2275117,FA Women's Super League,2019/2020,0
d33e2e8d-502a-4cdb-b183-c69cbb630f7d,2275117,FA Women's Super League,2019/2020,0
813edbba-bda2-481a-a2ac-9c7e0dd465f5,2275092,FA Women's Super League,2019/2020,1
c619fbb7-467c-4166-82ad-9578735d3a07,2275092,FA Women's Super League,2019/2020,0
63e2bd66-5fd2-436e-85cf-6dc7587909e1,2275092,FA Women's Super League,2019/2020,0
1cfa09e6-68e4-4ff6-b646-920698c5ddce,2275092,FA Women's Super League,2019/2020,0
08bb5132-2208-4c39-a861-a7fc490f1349,2275092,FA Women's Super League,2019/2020,0
a45aaf84-48bf-4f92-ac33-c0f8eec53fd4,2275092,FA Women's Super League,2019/2020,0
adb9e510-973c-40ea-b5f0-450997a99aa6,2275092,FA Women's Super League,2019/2020,0
a222bd60-efc2-4b9b-b7d8-6885af624c57,2275092,FA Women's Super League,2019/2020,0
398a4856-f16c-455f-9e3c-21619079993c,2275092,FA Women's Super League,2019/2020,0
d07f6f3a-06c8-4483-a9eb-61777a28bc4b,2275092,FA Women's Super League,2019/2020,0
e7225515-c578-4276-9c96-3e0d9913d028,2275092,FA Women's Super League,2019/2020,0
0dbbc2a6-7e4d-47e2-8a2e-e2d5d2dc5799,2275092,FA Women's Super League,2019/2020,0
72c98459-5d21-45f8-ace9-8f6d370c24b4,2275092,FA Women's Super League,2019/2020,0
ec59b63d-b730-4ff0-bd15-fac3d614dfd4,2275092,FA Women's Super League,2019/2020,0
1e976889-dce0-4112-8e06-18d8b6f25f14,2275092,FA Women's Super League,2019/2020,0
b58cfc2d-7d96-4756-8144-3478bebb9f4f,2275092,FA Women's Super League,2019/2020,1
c4e8ed4c-3e27-4cfc-9407-702e919f5678,2275092,FA Women's Super League,2019/2020,0
4e41ca8e-32bd-4344-a61b-e1c6768d5531,2275092,FA Women's Super League,2019/2020,0
97ad3259-dbdf-4175-8112-b71b72adb83d,2275092,FA Women's Super League,2019/2020,0
fcc600d8-2bc0-4483-9328-ced334613873,2275092,FA Women's Super League,2019/2020,0
5027d629-bf53-49ff-9305-aec1f9acd198,2275092,FA Women's Super League,2019/2020,0
ec714ca4-9ea2-448d-a2bf-c83b43c0a764,2275092,FA Women's Super League,2019/2020,0
d87987b9-6743-475c-8409-459a2e77fe49,2275092,FA Women's Super League,2019/2020,0
d8fd57af-56d2-4c16-bf6d-d2daae8bb391,2275092,FA Women's Super League,2019/2020,0
05052204-25d6-4a78-97df-43c6378b620a,2275092,FA Women's Super League,2019/2020,0
a51895e1-5093-435c-95e9-7c45236557a1,2275040,FA Women's Super League,2019/2020,0
2436f1f5-de2c-488c-a64a-0669165fed21,2275040,FA Women's Super League,2019/2020,0
5f081514-e98f-42e2-be14-564d924f5b2f,2275040,FA Women's Super League,2019/2020,0
2381feac-9bf9-4131-b81e-12e79d3f14ba,2275040,FA Women's Super League,2019/2020,0
c5d6febf-5f74-410a-b5d4-38faf2529142,2275040,FA Women's Super League,2019/2020,1
41c53d42-5938-431c-8222-c93135c3d932,2275040,FA Women's Super League,2019/2020,0
8474db87-a1cb-4b88-8800-25338402ee7d,2275040,FA Women's Super League,2019/2020,0
da5795f0-11ed-4332-a8b3-312eb3bb5dab,2275040,FA Women's Super League,2019/2020,0
93881b6f-f51d-4011-8d51-4c606386e250,2275040,FA Women's Super League,2019/2020,0
d9ce99ad-9443-4786-9725-cb86c26af108,2275040,FA Women's Super League,2019/2020,0
b83ea6f2-ee99-4bee-ae01-2e0b61e78953,2275040,FA Women's Super League,2019/2020,1
e41acf43-6e45-4385-b1a4-4283c3c0d7eb,2275040,FA Women's Super League,2019/2020,0
3d229214-3dcf-4f02-9c82-c9c32d190234,2275040,FA Women's Super League,2019/2020,0
6f668d44-d242-4b58-9736-4d35642480ec,2275040,FA Women's Super League,2019/2020,0
558ed46e-89ed-413c-bf50-d3a048c11a2e,2275040,FA Women's Super League,2019/2020,0
38499340-16c2-4c16-a371-b121ad4baffb,2275040,FA Women's Super League,2019/2020,0
3dcfcd28-82c4-4bbe-8dec-8b04a5a27ec9,2275040,FA Women's Super League,2019/2020,1
893103d2-a995-4b54-888e-2aa807bdc856,2275040,FA Women's Super League,2019/2020,0
bbe8e96b-d4cd-480e-b2ef-252235093ebf,2275122,FA Women's Super League,2019/2020,0
72abc456-1201-4531-9395-c6db5281f452,2275122,FA Women's Super League,2019/2020,0
fa165f51-58e3-48aa-bc78-5d84d61b0df8,2275122,FA Women's Super League,2019/2020,0
886df747-4d7d-4f4a-81b4-75df17348cbe,2275122,FA Women's Super League,2019/2020,0
0eb19f97-0cc2-480c-a7f2-82d77d788b8b,2275122,FA Women's Super League,2019/2020,0
4317a782-a47b-4108-aa1e-a007b9168fbf,2275122,FA Women's Super League,2019/2020,1
445e7975-de21-461e-adc4-bbe497713363,2275122,FA Women's Super League,2019/2020,1
c6c32a51-e010-4406-8553-caa5c2f3b7a0,2275122,FA Women's Super League,2019/2020,0
918b1ca8-2525-4aac-8f45-0050ac09068a,2275122,FA Women's Super League,2019/2020,0
f9fb932e-436a-4cee-87f1-7727aa7ea22f,2275122,FA Women's Super League,2019/2020,0
51006455-e9ac-4bd7-baa6-e68274b91521,2275122,FA Women's Super League,2019/2020,0
d0a0a401-c4e9-4879-a4b5-fe5958e1407f,2275122,FA Women's Super League,2019/2020,1
f620f50f-3c08-4f64-a2e9-3b9af8bd35fc,2275122,FA Women's Super League,2019/2020,0
5da01268-dad5-4440-99fd-d3a90079e09e,2275122,FA Women's Super League,2019/2020,0
afd69524-72d9-4062-80e6-98a4d0fac220,2275122,FA Women's Super League,2019/2020,0
4a057300-7e6f-4ff4-9509-54ab30689adc,2275122,FA Women's Super League,2019/2020,0
d6961a95-25d1-404b-9fba-5c1c41aa1b62,2275122,FA Women's Super League,2019/2020,1
9e41cb41-cdd7-4b5e-9ff8-2fbc00409ad8,2275122,FA Women's Super League,2019/2020,1
85631367-1ed0-4cae-966e-666945d618a9,2275122,FA Women's Super League,2019/2020,0
64bd5b7b-fad5-4463-af78-2764e39d0540,2275122,FA Women's Super League,2019/2020,0
ca6f5e95-664e-4e3a-a985-1c220f433699,2275122,FA Women's Super League,2019/2020,0
5d262b2a-a10f-4d1b-999c-946d70d9dddb,2275122,FA Women's Super League,2019/2020,0
869c33e0-e3fc-4ee3-8c55-40189f78a631,2275122,FA Women's Super League,2019/2020,0
ecfdbf3d-d33e-4bf2-94e4-60669bcccbd4,2275122,FA Women's Super League,2019/2020,0
c719aa96-a2d8-412c-a955-0dfd4d27b87c,2275122,FA Women's Super League,2019/2020,0
a48a12af-779b-414f-9aaa-4d7977b2a113,2275122,FA Women's Super League,2019/2020,0
5915926e-386c-4251-9ea7-8710f2c211a6,2275122,FA Women's Super League,2019/2020,1
9c4f940f-9a8e-4671-b7b1-5d78f340a3e5,2275122,FA Women's Super League,2019/2020,0
b5f02555-85c6-43e8-b09b-4740404d0889,2275122,FA Women's Super League,2019/2020,0
5615fa71-7ea8-47f6-bce3-28f4b954f434,2275122,FA Women's Super League,2019/2020,0
81ec1847-90b7-490c-bb3c-10b95b4f713f,2275045,FA Women's Super League,2019/2020,0
eadeb5d6-3844-4b31-bcb4-5d04cd5abf95,2275045,FA Women's Super League,2019/2020,0
c3968e3b-e6c8-4ef0-9925-2133d2f9f465,2275045,FA Women's Super League,2019/2020,0
211958bd-b756-4e6b-b491-0d99201791df,2275045,FA Women's Super League,2019/2020,1
5b3f5fed-41d0-4c82-9658-abd65dedde97,2275045,FA Women's Super League,2019/2020,0
db92ebde-5089-4949-8346-6b15b2a51233,2275045,FA Women's Super League,2019/2020,0
25005b40-3b47-4f02-aff4-1b4cf317063b,2275045,FA Women's Super League,2019/2020,0
5cf1c521-39f4-42d5-8aae-44c1a999c750,2275045,FA Women's Super League,2019/2020,0
f1bb1de9-c3d4-4b45-8be7-ae01356cbb52,2275045,FA Women's Super League,2019/2020,0
8c9b78a9-0096-4974-85fe-58e75c6aeb46,2275045,FA Women's Super League,2019/2020,1
958495b7-e4c4-49a4-a787-8a0ea2fa50d7,2275045,FA Women's Super League,2019/2020,0
dca10159-d69f-4f78-8e6f-a7ebcca63bf6,2275045,FA Women's Super League,2019/2020,0
ef5fb7ee-1ef8-44ec-9bf5-11cccbcbacaf,2275045,FA Women's Super League,2019/2020,0
49c4cbc7-55e6-4224-861c-d57cd2043ba9,2275045,FA Women's Super League,2019/2020,0
f9f5df01-6296-4313-8f06-5632011dd499,2275045,FA Women's Super League,2019/2020,0
4b793aa5-946f-478b-ba90-22ae0c356173,2275045,FA Women's Super League,2019/2020,0
86ef77c5-527f-417e-afc3-9203f17b1296,2275045,FA Women's Super League,2019/2020,0
52710c08-eb37-4ca2-b68c-97b37bbc7b81,2275045,FA Women's Super League,2019/2020,0
2f78a55d-3930-4a17-9260-61b27ab1309e,2275045,FA Women's Super League,2019/2020,0
a1e0eb84-f6c8-49d0-b30f-ad7eb08d4c83,2275045,FA Women's Super League,2019/2020,0
3de9e45b-2e8e-4af3-be2b-dbcf86404949,2275045,FA Women's Super League,2019/2020,0
45146e71-ee5a-41f3-abde-79cf35e2468a,2275045,FA Women's Super League,2019/2020,0
693048a7-30d7-453a-b467-7f0e0e2e9a47,2275045,FA Women's Super League,2019/2020,0
762efdb5-cf7e-419f-8fbc-0969d0c0c3a4,2275093,FA Women's Super League,2019/2020,0
c7df3bc2-d730-4088-bd23-bff1e16b4354,2275093,FA Women's Super League,2019/2020,0
9ec302d6-d8dc-459c-a99b-e1d63641a4c7,2275093,FA Women's Super League,2019/2020,0
2dc479ff-70c1-4d5e-b798-fe4f49d0afdd,2275093,FA Women's Super League,2019/2020,0
8b5fe792-7a1a-44de-93d5-2c9aba3977d3,2275093,FA Women's Super League,2019/2020,1
8bda5417-3b7f-4c0f-95a0-a309f77fb585,2275093,FA Women's Super League,2019/2020,0
e1f93e66-95bb-4c25-a200-40d8eb5df3ac,2275093,FA Women's Super League,2019/2020,1
32c66008-b0ba-419b-a525-a69867a72670,2275093,FA Women's Super League,2019/2020,1
cd58aa17-f32b-424a-89a9-b9bf62618502,2275093,FA Women's Super League,2019/2020,0
cc11dcec-861c-40b7-aa29-0c4e76085ff1,2275093,FA Women's Super League,2019/2020,0
4426a2de-92d0-4f9b-a54c-7a96609b663d,2275093,FA Women's Super League,2019/2020,1
87220e28-2ace-419d-98ff-f45735cd2e55,2275093,FA Women's Super League,2019/2020,0
cca8a1e5-a103-411b-a30a-e89db4ae63cc,2275093,FA Women's Super League,2019/2020,0
db3b6290-c654-42d8-92d9-dfe965711559,2275093,FA Women's Super League,2019/2020,1
047c57ae-d4f6-4b51-a543-06755c1911e9,2275093,FA Women's Super League,2019/2020,0
bde7a18e-d5c2-41d9-8836-e12743988277,2275093,FA Women's Super League,2019/2020,0
067751cb-90c2-4e09-93a7-0ce03afb4968,2275093,FA Women's Super League,2019/2020,0
b8afd87c-ffad-44e2-a3f8-a8c656b0576b,2275093,FA Women's Super League,2019/2020,0
1f516a2e-fbfc-49d3-9e55-95ae2ef62ffe,2275093,FA Women's Super League,2019/2020,0
abf34dc6-ff91-4264-866c-5642b0f247ee,2275093,FA Women's Super League,2019/2020,0
7bb9d1d7-486a-4815-8d4a-c7417bc1cfa0,2275093,FA Women's Super League,2019/2020,0
076d8f48-65be-468f-8333-1a87f9fcccbd,2275093,FA Women's Super League,2019/2020,0
73ca8bc4-240c-405f-9e12-2be2fa977ce7,2275097,FA Women's Super League,2019/2020,0
ced0eb00-2b0a-4e96-afba-cc956509933b,2275097,FA Women's Super League,2019/2020,1
725342ca-30ed-43fd-a2fb-142932c87865,2275097,FA Women's Super League,2019/2020,0
b1fccf4a-12c4-4140-95ef-fc33353777fa,2275097,FA Women's Super League,2019/2020,0
eb1b2622-4d05-465a-aae5-b136cd468bc0,2275097,FA Women's Super League,2019/2020,0
82c227c9-97ae-4b80-a6b5-250d04f58051,2275097,FA Women's Super League,2019/2020,1
6d9ef9d1-f2d2-4ba6-89f7-a2f6f47461c7,2275097,FA Women's Super League,2019/2020,0
c43831df-d232-442c-81bb-90cfd753b766,2275097,FA Women's Super League,2019/2020,0
e41b9c2b-7855-4cda-9bf3-fcea09787de3,2275097,FA Women's Super League,2019/2020,0
39cfd525-419b-473d-9a8b-2a0720a35e03,2275097,FA Women's Super League,2019/2020,0
51aae6b3-b1a6-4211-ba1b-d8ad57e09de1,2275097,FA Women's Super League,2019/2020,0
796ff7e4-4076-4501-b11b-f8a269b1a301,2275097,FA Women's Super League,2019/2020,1
6a5a97d5-eed8-49cb-9a3b-57317682d2ec,2275097,FA Women's Super League,2019/2020,0
e0b86d80-d10a-4522-a327-7c2cfd52daf6,2275097,FA Women's Super League,2019/2020,0
bcd70532-8832-4295-907c-044d5d2982d7,2275097,FA Women's Super League,2019/2020,0
f0b64da2-35ea-434a-985b-e2ed207065ed,2275097,FA Women's Super League,2019/2020,0
5c31a926-af9c-44dd-bf15-677eedd82d5c,2275097,FA Women's Super League,2019/2020,0
7765249a-3fba-445c-9625-5a1c978fa056,2275097,FA Women's Super League,2019/2020,0
769432d1-bf69-4cfd-8180-cf2fb1d00278,2275097,FA Women's Super League,2019/2020,0
67cbb9ee-4dc3-4b61-b196-de57d5f7f7fb,2275097,FA Women's Super League,2019/2020,0
a645d6f0-c20a-4a5a-8cd0-28ac93d681a7,2275097,FA Women's Super League,2019/2020,0
6bd2f83a-d804-492a-8605-8d206def5a61,2275097,FA Women's Super League,2019/2020,0
13e895c8-7de2-487e-8bff-d8162cf30608,2275097,FA Women's Super League,2019/2020,0
de51cdf8-dc69-411c-8abe-abb20cd3c2ac,2275097,FA Women's Super League,2019/2020,0
d4879d73-bed8-41a1-b260-d5284c9bdf0a,2275097,FA Women's Super League,2019/2020,0
6eefbdf9-1831-4fdd-8b2f-b65c7618095f,2275097,FA Women's Super League,2019/2020,0
5cb44b89-d4ab-428f-9132-f2f880c41c7f,2275097,FA Women's Super League,2019/2020,0
bf37e5bd-7adf-4899-8333-139707650402,2275097,FA Women's Super League,2019/2020,0
a657b02d-0841-421e-a52a-5de8b72d2efd,2275097,FA Women's Super League,2019/2020,1
f1c12b42-4d8b-47ee-b889-d6e76fac8910,2275097,FA Women's Super League,2019/2020,0
9f1c313c-1cfd-418f-94e3-9c9cf0078fc6,2275097,FA Women's Super League,2019/2020,0
48977226-6bba-4d7f-9c54-92c966f85505,2275097,FA Women's Super League,2019/2020,1
a2c6dbbc-b8f2-4f76-99a5-0f56f13b8364,2275097,FA Women's Super League,2019/2020,0
fd443397-0243-4ab3-a73d-194af3547c65,2275097,FA Women's Super League,2019/2020,0
50e2d0c7-7d76-4913-bef8-ee3b5dd32262,2275097,FA Women's Super League,2019/2020,0
69656120-1699-4f6f-aba5-90363017305a,2275084,FA Women's Super League,2019/2020,0
223e642b-764a-4fc9-98f1-9c2e28ed4223,2275084,FA Women's Super League,2019/2020,0
3d456b9d-9cf5-4430-a04b-3423506321ed,2275084,FA Women's Super League,2019/2020,0
b8e4b513-243a-4765-8d01-950474754822,2275084,FA Women's Super League,2019/2020,0
682651be-510d-41f9-9e34-5e79fea2be23,2275084,FA Women's Super League,2019/2020,0
38d390c1-2f50-4db9-a12d-079b9861a6b2,2275084,FA Women's Super League,2019/2020,0
1fe2f5d1-a8ba-4fbd-88d6-6d1f36e149aa,2275084,FA Women's Super League,2019/2020,0
cf21d2a1-2b82-426a-b401-e6baacfb2b3e,2275084,FA Women's Super League,2019/2020,0
4dc5f1ed-1d6f-41b4-8047-7e70a9dbf72d,2275084,FA Women's Super League,2019/2020,0
80e6263c-ac74-4a07-a1a7-a4c740a9f5d5,2275084,FA Women's Super League,2019/2020,0
42a03267-85c6-42ba-9fd9-80067149722d,2275084,FA Women's Super League,2019/2020,0
91ba338d-dd2c-446f-8939-9d98ea385eeb,2275084,FA Women's Super League,2019/2020,0
574e68b3-6b49-4fec-ac67-db1fd70b049b,2275084,FA Women's Super League,2019/2020,0
1ed81d26-496b-4821-afdf-785de97fa7d6,2275084,FA Women's Super League,2019/2020,0
65aa48ed-2a62-4f63-8c93-ddf4d1e65b6e,2275084,FA Women's Super League,2019/2020,0
8f835e8c-20b2-4492-b418-1f9961d7ec8d,2275084,FA Women's Super League,2019/2020,0
eba78f08-4bef-4364-a5bf-842cb65c3ed6,2275084,FA Women's Super League,2019/2020,0
dbac39fa-0f8c-4b63-bcc5-13768fec7ce1,2275084,FA Women's Super League,2019/2020,0
26a81164-68ea-4104-bd7e-098eed7f0e4f,2275084,FA Women's Super League,2019/2020,0
e33c6eb7-4636-4a3a-8850-cd17836f96fc,2275084,FA Women's Super League,2019/2020,0
3a6c291c-82cb-48c1-826e-f6574116597a,2275084,FA Women's Super League,2019/2020,0
a18a5ec8-a8c9-493d-9b86-6b8cc5d6d479,2275084,FA Women's Super League,2019/2020,0
b8626024-3063-44a7-acfb-7497edbe33b1,2275084,FA Women's Super League,2019/2020,1
d4f34bba-5958-4408-9487-0bafe2df5645,2275084,FA Women's Super League,2019/2020,0
091e608f-7a32-4663-9547-a49e7ead5402,2275084,FA Women's Super League,2019/2020,0
2c83ed88-5ef3-4a61-afb1-889f97ca71a4,2275084,FA Women's Super League,2019/2020,0
e15443a1-43a1-4d17-8cb7-37049e867880,2275084,FA Women's Super League,2019/2020,0
e22fd034-2cb3-4790-a479-ceefdd5a5b11,2275084,FA Women's Super League,2019/2020,0
749b4504-d05c-4600-8bb8-4dec91ddd59e,2275084,FA Women's Super League,2019/2020,0
ae112540-dce3-4d41-82c4-fc517f9e8e80,2275084,FA Women's Super League,2019/2020,1
6a11d0c0-cbdc-4d61-b457-191dc55339a2,2275084,FA Women's Super League,2019/2020,0
213e4768-ab25-403b-abd1-4396c386070d,2275084,FA Women's Super League,2019/2020,1
83da0be0-9e3a-41d7-a7b9-868f13380e1d,2275084,FA Women's Super League,2019/2020,0
ebadf215-eefe-4aa5-9509-81b88aedf157,2275084,FA Women's Super League,2019/2020,0
64ec73ec-dea8-4106-aabf-7a28fefc98ff,2275084,FA Women's Super League,2019/2020,0
66d1a0b9-ee2e-48ce-8638-00b0bce16bee,2275084,FA Women's Super League,2019/2020,0
974a5335-489d-4ce9-bf3c-36f70a4aa84b,2275084,FA Women's Super League,2019/2020,0
238211f4-ee38-4f5c-87f3-e8395beefbe9,2275084,FA Women's Super League,2019/2020,0
2b416cf8-8d31-4fbc-b278-11de79623df7,2275084,FA Women's Super League,2019/2020,1
6e0f2228-b090-45d4-b050-e7e06ca15a5c,2275089,FA Women's Super League,2019/2020,1
823ee35d-cc21-42fc-92bb-a9552603e02a,2275089,FA Women's Super League,2019/2020,0
4b6526fa-d056-4ae4-b02b-46f975f684c4,2275089,FA Women's Super League,2019/2020,1
17fdfce3-64fa-4a5b-b87f-c518c7e2b2b8,2275089,FA Women's Super League,2019/2020,0
f78c01f2-c811-490e-a215-f006cc6ab827,2275089,FA Women's Super League,2019/2020,0
14cd0639-8da8-4bd2-b9a6-861fd1500cca,2275089,FA Women's Super League,2019/2020,0
6e56c75b-2740-415e-ab3b-2a0cda963aa9,2275089,FA Women's Super League,2019/2020,0
5794a970-51d0-4e9d-b443-368030cdc364,2275089,FA Women's Super League,2019/2020,0
df3ec2d0-8fdf-4962-9770-0c3d4e453f13,2275089,FA Women's Super League,2019/2020,0
65dbb6bc-2683-4135-ad6d-ad7fc3dce50a,2275089,FA Women's Super League,2019/2020,0
898a0976-771f-476c-912b-6168f5b6a0ae,2275089,FA Women's Super League,2019/2020,0
0623623b-ce9f-4f71-bf2c-314103b31abe,2275089,FA Women's Super League,2019/2020,0
7f091a4f-50b2-438f-b5e8-e881ed87fa32,2275089,FA Women's Super League,2019/2020,0
9873b3db-9976-4c7f-be7a-45f3bda1132d,2275089,FA Women's Super League,2019/2020,0
82056eba-4406-4cf0-92f7-c125e89341b2,2275089,FA Women's Super League,2019/2020,0
227ba5fb-4f7f-4837-8d99-c17b74d72555,2275089,FA Women's Super League,2019/2020,0
46ebc3ba-ef4e-48c1-8c71-6aaeff53e260,2275089,FA Women's Super League,2019/2020,0
ffed561a-a07d-4ea0-b799-a70ae5a666ea,2275089,FA Women's Super League,2019/2020,0
8d472631-f4b6-4ded-938d-74814fc289dd,2275116,FA Women's Super League,2019/2020,0
59d97bcc-f90f-425b-a083-63eeb63bbb6c,2275116,FA Women's Super League,2019/2020,0
74fff502-fcb3-4e7f-b76d-ce0eae39b0c8,2275116,FA Women's Super League,2019/2020,0
ff63cbc4-6fad-4534-8d9c-a44c4d3dcb73,2275116,FA Women's Super League,2019/2020,0
b3f63d10-8d59-4eba-b997-74d71b7121d1,2275116,FA Women's Super League,2019/2020,0
a4e3b569-8932-4b94-9751-6179e834fd25,2275116,FA Women's Super League,2019/2020,0
e309bb70-17dc-41b5-9841-02ad9dd23a72,2275116,FA Women's Super League,2019/2020,0
b0d9a547-a21c-424e-8023-10251e7a7713,2275116,FA Women's Super League,2019/2020,1
03783767-3c74-4b56-9e71-ceeffa1d4ab7,2275116,FA Women's Super League,2019/2020,0
518d026a-d964-4e14-9e5a-0583981ef715,2275116,FA Women's Super League,2019/2020,0
0263ca5c-58b6-4c38-aa00-2d2ad1ce8bb6,2275116,FA Women's Super League,2019/2020,0
6980bd51-1695-4c4d-985f-2e4c7710fc76,2275116,FA Women's Super League,2019/2020,0
7ea0409a-0444-45b0-9256-b5bdbc57ddf0,2275116,FA Women's Super League,2019/2020,0
ebc4401f-f765-48a0-8fab-7ba1d456ffc3,2275116,FA Women's Super League,2019/2020,0
bdf56774-f0ad-4277-bcb1-aea4d1164e97,2275116,FA Women's Super League,2019/2020,0
77891d95-21fc-4470-b499-6976410e5af7,2275116,FA Women's Super League,2019/2020,0
cd901faf-6836-4ee8-b4f4-94b012bad0df,2275116,FA Women's Super League,2019/2020,0
2c358a0d-5a21-4a2f-a3ea-7f850772fd95,2275116,FA Women's Super League,2019/2020,0
9a1ad3a1-5532-47b1-8832-fc7d1057d83f,2275116,FA Women's Super League,2019/2020,0
59bd4437-1645-4272-a12a-219b34406a6c,2275116,FA Women's Super League,2019/2020,0
1c260980-ffbe-473d-9453-f98d58fdd9af,2275116,FA Women's Super League,2019/2020,0
466a7997-99ab-4edd-9646-bdfbd6d9e6a4,2275116,FA Women's Super League,2019/2020,0
0112502a-470d-41ce-8cc9-3b9697770f56,2275116,FA Women's Super League,2019/2020,0
9bf49f51-c516-44f3-a16c-54d47f4613bb,2275116,FA Women's Super League,2019/2020,0
d5a480e7-28ab-4851-83a2-ee5628dd1d51,2275116,FA Women's Super League,2019/2020,0
861b69d9-0324-48ee-8e6c-263a23bdfc10,2275116,FA Women's Super League,2019/2020,0
532a7b2b-808e-4f62-b6d5-c1fd7d7f8a7f,2275104,FA Women's Super League,2019/2020,0
158e2fba-9977-4007-849d-dff86c61b353,2275104,FA Women's Super League,2019/2020,0
18d71027-034a-45e1-8223-5a9d7a3b0354,2275104,FA Women's Super League,2019/2020,0
67a40762-d5ff-49d7-92ef-a53dfddea3ee,2275104,FA Women's Super League,2019/2020,1
8e2d1adf-b596-4aa6-8f64-5aaf90b1fc5f,2275104,FA Women's Super League,2019/2020,1
3b62b310-67b3-4515-ba67-4a1b4c977d08,2275104,FA Women's Super League,2019/2020,0
cad18c7f-0067-4c57-a91c-4dffff7bc7d1,2275104,FA Women's Super League,2019/2020,0
995bb63f-6544-4d8f-be81-d273e1bb9257,2275104,FA Women's Super League,2019/2020,1
ebca471c-2239-4135-8f4a-ad5705622ee3,2275104,FA Women's Super League,2019/2020,0
dabf1f10-f859-49d0-bbc6-6dfab8b98882,2275104,FA Women's Super League,2019/2020,0
f34f7223-cdb9-459a-85e6-786e7dd8c973,2275104,FA Women's Super League,2019/2020,0
b0b31103-f2e2-46d5-92b5-7ef88e92508d,2275104,FA Women's Super League,2019/2020,0
333b2d9b-863d-4432-8cf1-08fb00faa929,2275104,FA Women's Super League,2019/2020,0
a4ea106e-970a-44bb-bef9-f138b6cde68b,2275104,FA Women's Super League,2019/2020,0
56494d3b-4b05-49e0-b13d-f7b88d9a54ce,2275104,FA Women's Super League,2019/2020,0
172c5557-555b-45fe-a8c5-dd0059c4f26c,2275104,FA Women's Super League,2019/2020,1
3eac625f-2484-4a3f-989c-2d71e5ced7c4,2275104,FA Women's Super League,2019/2020,0
24546d8f-37c7-474c-92f5-490b32229639,2275104,FA Women's Super League,2019/2020,0
4b42233e-64e0-4507-84a9-80d2714991b0,2275104,FA Women's Super League,2019/2020,0
8e627bcd-cba0-499e-9e83-5d5fead90ef2,2275104,FA Women's Super League,2019/2020,1
bc16b663-68a5-4b5d-ac3c-ba29dae73500,2275104,FA Women's Super League,2019/2020,0
9f7b13a6-0d5a-40b8-8f05-2c98aa23edc8,2275104,FA Women's Super League,2019/2020,0
ef8b2993-bd47-4714-a6f4-5304faea7f40,2275104,FA Women's Super League,2019/2020,0
efd490ff-f47f-4f07-bf40-790da4934123,2275104,FA Women's Super League,2019/2020,1
acbb07d2-2c4f-4c4d-acf2-4f17ea1dadf6,2275104,FA Women's Super League,2019/2020,1
3e19bf31-c39c-4084-a513-d01136e2aba6,2275104,FA Women's Super League,2019/2020,1
30809f28-1928-4337-929b-0782749fe7fa,2275104,FA Women's Super League,2019/2020,1
46d0ebc0-0940-4596-bed2-37e21aec9220,2275104,FA Women's Super League,2019/2020,0
f8165b1c-3687-4e61-9874-5a54d33cbc51,2275104,FA Women's Super League,2019/2020,1
c69ef500-d2e7-4028-967f-a2aa4df58a53,2275104,FA Women's Super League,2019/2020,0
030db7e5-c91c-4c15-8a11-a74fbdcc7e53,2275104,FA Women's Super League,2019/2020,0
93b9d77a-27eb-4437-b547-3b9148d58cc9,2275104,FA Women's Super League,2019/2020,0
caf4434b-7041-4b4c-9e80-17ea4c0668a9,2275104,FA Women's Super League,2019/2020,0
ae70d5d7-8baa-4437-8442-f43aa2215609,2275104,FA Women's Super League,2019/2020,0
0fb6547f-66c5-43b7-b546-9708fa3a8921,2275104,FA Women's Super League,2019/2020,1
4f0a5dbb-6d24-4056-8dc2-a01146dd5d43,2275104,FA Women's Super League,2019/2020,0
9bb4913b-01b3-4e43-b00e-6ad05a87f6c5,2275104,FA Women's Super League,2019/2020,1
18b3e5c1-097c-41c8-af2d-b38a5ef45f75,2275104,FA Women's Super League,2019/2020,0
232f5343-8828-4c06-a62d-4055ce8a6dbd,2275104,FA Women's Super League,2019/2020,0
d78f2481-d61a-4717-be2c-49900e5f9bfd,2275104,FA Women's Super League,2019/2020,0
8a8787b4-4d10-48c9-bc70-1223c6704b82,2275104,FA Women's Super League,2019/2020,0
ad41e5c9-2169-4d5d-b772-2a66d3be6d5a,2275052,FA Women's Super League,2019/2020,0
d570484a-2fa2-44cf-b2c3-135b7ad206c4,2275052,FA Women's Super League,2019/2020,0
992fa85d-890e-4b63-bb35-8be17919cb03,2275052,FA Women's Super League,2019/2020,0
e7310a8c-20e7-4109-afa0-ba6b8e86cf79,2275052,FA Women's Super League,2019/2020,0
a8f4f5a1-1602-4849-b9ff-7078e90c1787,2275052,FA Women's Super League,2019/2020,0
4799d818-4c23-4b70-8cc4-61b18ed1ab8a,2275052,FA Women's Super League,2019/2020,0
a257c0b6-3925-4dbc-81ec-e7c391167da6,2275052,FA Women's Super League,2019/2020,0
e6be4b5a-a4c0-4b07-bf92-b6a47a183a4c,2275052,FA Women's Super League,2019/2020,0
e9ccecc3-f129-423e-b046-776e80f6aff3,2275052,FA Women's Super League,2019/2020,0
e0bf6b83-bdc6-4bf9-8766-932fcc8a8389,2275052,FA Women's Super League,2019/2020,0
6e50e59b-4067-4351-987c-44c3a73724cd,2275052,FA Women's Super League,2019/2020,0
2b9a3de2-81e4-4171-945b-81110241d178,2275052,FA Women's Super League,2019/2020,0
e8320af3-afc3-4ca4-a7d7-97554596d4e5,2275052,FA Women's Super League,2019/2020,0
44a13899-7065-41fa-8586-1d24d0567e98,2275052,FA Women's Super League,2019/2020,0
d0138664-4bd4-43f7-9548-e057e2dc124a,2275052,FA Women's Super League,2019/2020,0
38ab8000-6619-4121-a3a0-cdf778fc8853,2275052,FA Women's Super League,2019/2020,0
5035be80-e5d2-4a5c-ac92-1408386b18c3,2275052,FA Women's Super League,2019/2020,0
321c4cdc-d93e-4adf-9db5-05d3828d647e,2275052,FA Women's Super League,2019/2020,0
857166b6-b3a0-483e-b1ef-6589a08d285d,2275052,FA Women's Super League,2019/2020,0
5cb53885-38fb-4d63-b4d4-7bd9a584e430,2275052,FA Women's Super League,2019/2020,1
e4ff47af-9f29-4e36-b462-ed74c3623bac,2275052,FA Women's Super League,2019/2020,0
1798f984-77b3-4429-9f57-ae4fce84a733,2275052,FA Women's Super League,2019/2020,0
7fc27bd6-586f-40a7-b1c9-640c03900f7e,2275052,FA Women's Super League,2019/2020,1
a885c5dd-7982-44e1-80d7-6ab1f2422c00,2275052,FA Women's Super League,2019/2020,0
4baeb00c-dfc4-40ec-ae0a-905041af6f5e,2275037,FA Women's Super League,2019/2020,0
60150e0e-0d35-47b5-bf48-df4f2a7e0946,2275037,FA Women's Super League,2019/2020,0
8705cf07-5e72-42f4-a3a1-de74f7402fd8,2275037,FA Women's Super League,2019/2020,0
f0fede7e-3b55-478c-8321-42999d439d79,2275037,FA Women's Super League,2019/2020,0
8f3a90bd-3db0-4c48-be01-ffbacffda2b6,2275037,FA Women's Super League,2019/2020,0
e738f7de-b35b-4ab0-9b1c-32cfd29b71ac,2275037,FA Women's Super League,2019/2020,0
76f16d31-a0b4-479f-baf5-ab8d62afed8d,2275037,FA Women's Super League,2019/2020,0
cb2adc38-94df-474f-b511-a313f2d84afc,2275037,FA Women's Super League,2019/2020,0
c307e3ce-bc7a-4e6e-9a5f-550ebc22bad0,2275037,FA Women's Super League,2019/2020,1
36f527e1-e003-4da5-9568-b6e6d6b5a5e6,2275037,FA Women's Super League,2019/2020,1
ef7cdd0c-8ffd-4db8-8efd-deef2925447c,2275037,FA Women's Super League,2019/2020,0
27a553f5-9d50-43bb-ac3e-e95e699c68b8,2275037,FA Women's Super League,2019/2020,0
af9d6f37-b927-4623-9067-128cb3d05b80,2275037,FA Women's Super League,2019/2020,0
f44ed697-5956-45f7-9044-e91f8e646ca2,2275037,FA Women's Super League,2019/2020,0
54fd4ec2-805e-450a-a207-887894b3273f,2275037,FA Women's Super League,2019/2020,1
c097d4cd-9fd8-444e-9171-8c09614a5450,2275037,FA Women's Super League,2019/2020,0
98f500c5-6795-4f68-abce-5c95caf1c569,2275037,FA Women's Super League,2019/2020,0
de954b45-3baf-494f-9172-837cee171dc4,2275037,FA Women's Super League,2019/2020,0
daee9fea-1a3d-4c7e-b34d-7fba25098295,2275037,FA Women's Super League,2019/2020,0
d7329e91-53d0-40cd-a484-11a688c7d6c6,2275037,FA Women's Super League,2019/2020,0
71c69d38-e44f-4efd-8f89-f4ff030d6614,2275037,FA Women's Super League,2019/2020,0
e5227b7c-febb-446a-aff8-42ac177e4e52,2275037,FA Women's Super League,2019/2020,0
72fdac90-cc7a-4e11-af0a-27afaab3db9a,2275027,FA Women's Super League,2019/2020,0
45136518-163b-4ad6-9d27-2b729b892770,2275027,FA Women's Super League,2019/2020,0
adf3bd2e-af79-4a7e-967e-25fd99923257,2275027,FA Women's Super League,2019/2020,0
b139b8b2-2629-4ace-a049-e8bd167c9fac,2275027,FA Women's Super League,2019/2020,0
d84903eb-265d-483c-9945-00815bdcb538,2275027,FA Women's Super League,2019/2020,0
89e05de1-0930-4bc6-b443-565aaf0827c4,2275027,FA Women's Super League,2019/2020,0
f7f740fd-d29b-411d-a977-4b8aa2cb56ac,2275027,FA Women's Super League,2019/2020,1
7a3ee9ac-740f-42c7-b769-091b306c3766,2275027,FA Women's Super League,2019/2020,0
de89c29e-b7a4-434f-be9e-7a073b555e1c,2275027,FA Women's Super League,2019/2020,0
025de91d-662e-4819-a9a7-87965d54e658,2275027,FA Women's Super League,2019/2020,0
13bc46be-ca32-402a-9824-4270c3d3c099,2275027,FA Women's Super League,2019/2020,0
2a13939a-2f4f-46a2-99ae-3a54154e2dc0,2275027,FA Women's Super League,2019/2020,0
f939b554-c2fe-4576-9383-0c2d408123cd,2275027,FA Women's Super League,2019/2020,0
dee86ede-6ac3-4e0e-9cdf-6ac9510897ce,2275027,FA Women's Super League,2019/2020,0
18c2fd4e-4802-444d-8a2d-316847160c90,2275027,FA Women's Super League,2019/2020,0
8b342119-25a4-4c4e-b07f-bcceb73fe74b,2275027,FA Women's Super League,2019/2020,0
7832609a-354e-4096-ad16-1c3001b3abaa,2275027,FA Women's Super League,2019/2020,0
3d8c30a8-30d0-401b-abc7-d9969fdec057,2275027,FA Women's Super League,2019/2020,0
422fb510-7615-4488-82d0-b7d5670f5d7f,2275027,FA Women's Super League,2019/2020,0
f95044e8-8ac7-4e66-b7f3-0dc64a9874c8,2275078,FA Women's Super League,2019/2020,0
6d3e375f-f99f-4a2e-ba4c-07b56778d5ea,2275078,FA Women's Super League,2019/2020,0
cf44704a-eda2-4e2f-9d92-898ba569a0ce,2275078,FA Women's Super League,2019/2020,0
5ebb4457-9b5e-47fc-bc0b-a2f8c281d1c1,2275078,FA Women's Super League,2019/2020,0
2cefce5b-ff75-471a-8807-385b2e1a795d,2275078,FA Women's Super League,2019/2020,0
911e4232-0065-4b98-b733-5056caf28dbb,2275078,FA Women's Super League,2019/2020,1
4ee94b79-97e7-49e2-aaf6-65877e3294fe,2275078,FA Women's Super League,2019/2020,0
4df13f67-a735-4955-95f7-2f5c0e224f2c,2275078,FA Women's Super League,2019/2020,0
dc6147da-7c86-4490-8b5d-74f6dee821cf,2275078,FA Women's Super League,2019/2020,0
798c2934-8a0d-4a95-b599-69228d20d160,2275078,FA Women's Super League,2019/2020,0
6281fa28-10a7-499e-971d-c9cdaf6b7845,2275078,FA Women's Super League,2019/2020,0
ca3f734c-5f8b-4e8b-9953-27f30e562016,2275078,FA Women's Super League,2019/2020,0
2ee9e7b8-70ee-4bd9-97e7-09c0fa4c6858,2275078,FA Women's Super League,2019/2020,0
e4f1f954-fe87-42ed-b050-b000533c0524,2275078,FA Women's Super League,2019/2020,0
7efbe3e8-40ce-486b-8d2f-dd17374ec70d,2275078,FA Women's Super League,2019/2020,1
8586d8b6-6cf0-43ca-a332-81c1260d2db4,2275078,FA Women's Super League,2019/2020,0
d31bc42c-d539-4501-896b-3d3548797848,2275078,FA Women's Super League,2019/2020,0
6a043b6f-12e0-4227-8dca-c49c79e186b4,2275078,FA Women's Super League,2019/2020,0
2687cdaf-a169-412a-a68b-1eedec7b2355,2275078,FA Women's Super League,2019/2020,1
ce21edcd-7607-40ef-8aa6-24c6bde543f1,2275078,FA Women's Super League,2019/2020,0
9024c544-2be9-4b80-9d8e-2b91c6efb87b,2275078,FA Women's Super League,2019/2020,0
2ff3db21-aa09-433f-b1e2-6fe8f77f4fbe,2275078,FA Women's Super League,2019/2020,0
a4ef8561-7921-4995-9ca5-9650d6e17c1c,2275078,FA Women's Super League,2019/2020,0
55fb0731-bd33-4a51-ad6a-d33b7c3dfc34,2275078,FA Women's Super League,2019/2020,0
0c8b1931-7ba7-450f-a49b-20050d11f91c,2275078,FA Women's Super League,2019/2020,0
7b1c2bbe-4ad1-440d-8f35-5ec1171aca91,2275078,FA Women's Super League,2019/2020,0
cf81c429-682e-4098-95b6-351be9a71f82,2275078,FA Women's Super League,2019/2020,0
2e84359f-23dd-47ae-a99f-2792abdd68b7,2275078,FA Women's Super League,2019/2020,0
01fbb08b-aa95-4c91-b15a-f061f1b4e2c6,2275078,FA Women's Super League,2019/2020,0
20534c50-486f-4748-bdbf-9189b380bb83,2275080,FA Women's Super League,2019/2020,0
2ed5fb88-c7cd-46f4-9d6b-a90deeec30c2,2275080,FA Women's Super League,2019/2020,0
09bfb3cd-13ca-45b8-b59b-2ec370ac580b,2275080,FA Women's Super League,2019/2020,0
3ade77fd-ca16-4057-9c3f-15318095235d,2275080,FA Women's Super League,2019/2020,0
aeab6bb3-4fe5-479f-bd3b-964dfa445a4c,2275080,FA Women's Super League,2019/2020,0
2ac8e87a-ffa5-41de-afb7-ce434b48c5b7,2275080,FA Women's Super League,2019/2020,0
94b50d3a-4b5a-4dd6-9842-b417ec700101,2275080,FA Women's Super League,2019/2020,1
77adafc5-7584-4114-b42b-ad63f6558bac,2275080,FA Women's Super League,2019/2020,0
0593ad41-f4b2-4aec-89bc-fa10248f520e,2275080,FA Women's Super League,2019/2020,0
66a89454-0fe6-4dfa-9038-b3f688b618c8,2275080,FA Women's Super League,2019/2020,0
a7a3694c-19c7-4d4f-b2d3-854dd2a7374c,2275080,FA Women's Super League,2019/2020,1
c13aa072-ad9a-4363-9127-718a30b32420,2275080,FA Women's Super League,2019/2020,0
81979ea1-d97e-4b1e-a8c1-7058c889e80d,2275080,FA Women's Super League,2019/2020,0
370e1289-ccc3-4c34-830b-b4a827e294c6,2275080,FA Women's Super League,2019/2020,0
9128e809-a120-4168-8c43-da4a18458d34,2275080,FA Women's Super League,2019/2020,0
4cd1228c-293b-4f94-931e-2024a88920a8,2275080,FA Women's Super League,2019/2020,1
35673630-5db2-40e6-ac53-36ae89178e1e,2275080,FA Women's Super League,2019/2020,0
b26740b2-aec9-4af6-a4d9-a5830b003375,2275080,FA Women's Super League,2019/2020,0
0d261599-9b1d-4417-9a2c-574dc906ccd2,2275080,FA Women's Super League,2019/2020,0
76b43377-2e86-4c9f-9477-fe7642f3ab1c,2275080,FA Women's Super League,2019/2020,1
0588c643-19a4-4fad-bf61-b9cb7e853080,2275080,FA Women's Super League,2019/2020,1
c636bb84-db11-416b-b17d-7e49a7d9ee69,2275080,FA Women's Super League,2019/2020,1
6c0cc8e9-8d75-4397-9bbe-9d634024bd2f,2275080,FA Women's Super League,2019/2020,0
93ac63e5-f36a-4a0c-a22b-8e79983acde0,2275080,FA Women's Super League,2019/2020,0
138541f7-047c-4a1f-b799-31e32e31c94c,2275080,FA Women's Super League,2019/2020,0
abf8ce51-f152-40f2-8496-34d227395f3f,2275080,FA Women's Super League,2019/2020,0
bf30fe19-3a75-482b-a759-98110017e76b,2275080,FA Women's Super League,2019/2020,0
b5981c48-6f01-41bf-9992-503b9ba58d0d,2275080,FA Women's Super League,2019/2020,0
aa83b6a8-5e4a-4cf2-8516-3d6ce407c9cc,2275080,FA Women's Super League,2019/2020,0
4f9e34e4-b3d3-4dd2-9072-7717665fdaec,2275080,FA Women's Super League,2019/2020,0
c3e24bee-2cc7-4a41-a280-c5f8498e34e3,2275080,FA Women's Super League,2019/2020,0
57d0f4f7-6e49-4cc9-b4b0-344703e63913,2275080,FA Women's Super League,2019/2020,0
fee324c9-7bf7-4b7b-9ee6-2183b7aacef9,2275080,FA Women's Super League,2019/2020,1
6a5dfcbb-599f-46a8-a9bc-4a564e0035fe,2275080,FA Women's Super League,2019/2020,0
cc407c6c-9ed7-4ae0-bdf8-b153e40f8581,2275098,FA Women's Super League,2019/2020,1
c3431e8e-6efd-432e-b064-1079b7af56fe,2275098,FA Women's Super League,2019/2020,0
c259685e-5492-4cd0-8cb0-e4d5ffb908c6,2275098,FA Women's Super League,2019/2020,0
eee77ee0-3b62-4632-a464-7fba7c4d664f,2275098,FA Women's Super League,2019/2020,0
423596e8-d1b7-42a2-9495-429dbbad535b,2275098,FA Women's Super League,2019/2020,0
5eb63762-8177-43f2-a445-96d63f4e8dc1,2275098,FA Women's Super League,2019/2020,1
111e2d9b-c0f3-46d6-94b5-531dc898e610,2275098,FA Women's Super League,2019/2020,0
d87a3bdf-c44a-4f7c-82a3-2ef2912ee80d,2275098,FA Women's Super League,2019/2020,0
73f971d1-5bb4-41f0-b51a-84edcadd3152,2275098,FA Women's Super League,2019/2020,0
77c012e6-3521-495a-9c99-15e871ce6e13,2275098,FA Women's Super League,2019/2020,0
669540d4-af87-4c38-976b-c901a038e6f0,2275098,FA Women's Super League,2019/2020,0
f3840961-c114-402a-b0e3-4d8b83c8c96b,2275098,FA Women's Super League,2019/2020,0
fcebd8c8-5528-4bea-b4be-940a88fd92ea,2275098,FA Women's Super League,2019/2020,1
d0e975cf-72a6-4b0b-8ec8-4c85392094ae,2275098,FA Women's Super League,2019/2020,0
34452e63-43fa-4001-a9e0-6fe23103a91b,2275098,FA Women's Super League,2019/2020,0
2df060a7-a62a-48d8-82cf-6c191b037ac0,2275098,FA Women's Super League,2019/2020,1
d0f8c395-14f9-4050-8cc6-c4fdb5f1f3cc,2275098,FA Women's Super League,2019/2020,0
2be9f5c3-8765-4094-94a7-47325d72d4bc,2275156,FA Women's Super League,2019/2020,0
5720d4d2-97aa-4295-88ec-c2175374ecb5,2275156,FA Women's Super League,2019/2020,0
5d7f44ed-d1da-4b66-86bb-a06f21194eb7,2275156,FA Women's Super League,2019/2020,0
fc9e6ad0-70c7-49db-b591-08c1ea59c4f8,2275156,FA Women's Super League,2019/2020,0
2088763e-6d42-4ee9-9119-f04a1b94edfb,2275156,FA Women's Super League,2019/2020,0
1d33ed18-fd41-4c8e-98bc-b1125daadd47,2275156,FA Women's Super League,2019/2020,0
edc34bdb-6ad2-4778-a3ba-6f803d3a1f8f,2275156,FA Women's Super League,2019/2020,0
1dbf9cf3-cd5c-487c-8f1e-eeb4d87f0048,2275156,FA Women's Super League,2019/2020,0
7765f11d-a119-443f-83dc-50620d25b651,2275156,FA Women's Super League,2019/2020,0
77590f08-7abf-440c-929d-c126a0091864,2275156,FA Women's Super League,2019/2020,0
c0984d0c-3027-4562-bb71-de2774140f49,2275156,FA Women's Super League,2019/2020,0
63adfcaf-6110-40f6-b41c-15300253070f,2275156,FA Women's Super League,2019/2020,0
49b54a4a-f285-40d1-9bb5-95e308406aec,2275156,FA Women's Super League,2019/2020,0
cdba9197-dd27-4b09-8857-99f5d7ecce4f,2275156,FA Women's Super League,2019/2020,0
9832bb3d-ac1c-47ad-beda-ac17b1422d9d,2275156,FA Women's Super League,2019/2020,0
f739db31-47e5-4d42-9af4-3ead43e2fd85,2275156,FA Women's Super League,2019/2020,0
26c3529d-dbae-45c0-b9f1-455a37a0bc95,2275156,FA Women's Super League,2019/2020,0
dd71708f-52eb-459f-9e80-48868341bfc0,2275156,FA Women's Super League,2019/2020,0
1ec33be9-196a-47ad-bad4-4c1b169e2971,2275156,FA Women's Super League,2019/2020,0
f5dd5470-9347-41d6-b47d-8b3037524b29,2275156,FA Women's Super League,2019/2020,0
fe39d8eb-ec9a-437d-b7bf-fa636f8af344,2275156,FA Women's Super League,2019/2020,0
2e995773-026f-4c54-b41a-92c884e554a9,2275156,FA Women's Super League,2019/2020,0
2b0f436a-b6a2-4550-a0f2-2d610cd5042c,2275156,FA Women's Super League,2019/2020,0
94016eea-0e8b-4d14-9115-e8ac1d46abe8,2275156,FA Women's Super League,2019/2020,0
d3e86a0d-800e-4410-89a5-9aea49091544,2275156,FA Women's Super League,2019/2020,0
b2a5fefa-a87a-4b90-8c19-3f4fb8efe624,2275156,FA Women's Super League,2019/2020,0
32273094-5fc1-4e58-9c40-2c6cc7c32171,2275156,FA Women's Super League,2019/2020,1
e26b2661-334b-4772-9de9-4eff35d97b8d,2275156,FA Women's Super League,2019/2020,0
438b2bc2-8f54-4c4d-8971-7e6efaa96e5a,2275139,FA Women's Super League,2019/2020,0
9b073693-f044-4f21-b5d2-cc8d2e4dab26,2275139,FA Women's Super League,2019/2020,0
feca571f-c0b5-4017-a491-f4dee2348541,2275139,FA Women's Super League,2019/2020,0
3b36ab04-1a7a-4486-926d-cab4588ff08d,2275139,FA Women's Super League,2019/2020,0
3b50e9b5-2579-4d3a-99a7-d8c606df5c1d,2275139,FA Women's Super League,2019/2020,0
1e4e5e09-63d4-4ade-bedf-c01e84076be5,2275139,FA Women's Super League,2019/2020,0
43d07b8e-ff91-4c4c-91df-dd8d39d76642,2275139,FA Women's Super League,2019/2020,0
6d62913c-5fb7-4412-817a-063216e55be6,2275139,FA Women's Super League,2019/2020,0
cf04c670-e8a7-4fa7-b1b7-6442d3125bba,2275139,FA Women's Super League,2019/2020,0
aea1c220-f519-4973-9c55-7944ad803902,2275139,FA Women's Super League,2019/2020,0
1df8ce8d-63cd-4483-80a7-6b0235954464,2275139,FA Women's Super League,2019/2020,1
f0326dac-9cb9-4722-9f04-a5b9ac1a2980,2275139,FA Women's Super League,2019/2020,0
9bcfbb04-b077-415f-9762-ba38cde74c90,2275139,FA Women's Super League,2019/2020,0
14238eea-6023-4e97-9d3d-5cdd125f4e3b,2275139,FA Women's Super League,2019/2020,0
f4b1cb62-af50-4d2f-ab6e-9aac58f8eb37,2275139,FA Women's Super League,2019/2020,0
b6ddd1ad-9b87-4636-91be-93ac739811ca,2275139,FA Women's Super League,2019/2020,0
52293457-9f37-447a-8218-344365f72f91,2275139,FA Women's Super League,2019/2020,0
1178f220-b8db-4041-801c-a73189b43fa1,2275139,FA Women's Super League,2019/2020,0
47fee6f9-c1d1-4ec2-b570-c19ebc506786,2275139,FA Women's Super League,2019/2020,0
d0c03ff7-0481-4638-aa1d-890816be45d6,2275139,FA Women's Super League,2019/2020,0
b0f19116-82e0-4ce7-8034-6adc0ba5a4da,2275139,FA Women's Super League,2019/2020,0
b54f811f-d542-48e7-95f8-f52a5b8ae00d,2275139,FA Women's Super League,2019/2020,0
de6e8f61-138a-4ae3-87f4-9f144449fed5,2275139,FA Women's Super League,2019/2020,0
d3a0f955-f37c-41bc-a64a-fa7deb140a94,2275139,FA Women's Super League,2019/2020,0
262c4301-8636-45ff-ad6e-a0f8da3bce7d,2275139,FA Women's Super League,2019/2020,0
9da4e571-44bb-4d38-9397-83db5a7d9c0b,2275139,FA Women's Super League,2019/2020,0
06276310-8968-4d9b-a0d2-350c8ea2019e,2275139,FA Women's Super League,2019/2020,0
ade29ab0-3d6d-4a2a-ace5-91c70c6076e6,2275139,FA Women's Super League,2019/2020,0
603e867a-7f02-4681-9250-491fd1670b9e,2275139,FA Women's Super League,2019/2020,0
888b77a6-c79f-46a3-a50b-5e2380768dfc,2275139,FA Women's Super League,2019/2020,0
3846bfdc-4c12-4ea1-8d53-3a846057b463,2275139,FA Women's Super League,2019/2020,0
8cffe38f-2440-45d8-ad29-58b3970e2235,2275139,FA Women's Super League,2019/2020,0
52abe574-92b5-4f5c-b496-35fb751d8f60,2275139,FA Women's Super League,2019/2020,0
4b74d42a-8481-4213-8286-70192ba99efd,2275139,FA Women's Super League,2019/2020,0
de2db1b5-f1dc-4dcf-be41-e47f8aed53d9,2275139,FA Women's Super League,2019/2020,0
aa2a9e50-cf6c-40c4-af4f-f0f37c8d3342,2275139,FA Women's Super League,2019/2020,0
87a46ea2-b5f3-411f-b847-e09a69d4b1d1,2275139,FA Women's Super League,2019/2020,1
4754f6a2-861a-450f-b5cb-1f461fd45696,2275139,FA Women's Super League,2019/2020,0
8122eeb5-b527-4ab8-bd85-5038c978a699,2275070,FA Women's Super League,2019/2020,0
ad4b10be-5a43-4b65-a9fc-890e6fa499ea,2275070,FA Women's Super League,2019/2020,1
40fff5ed-9e89-40d7-bbab-5c921528cf91,2275070,FA Women's Super League,2019/2020,0
fc7512be-c8d5-4625-b863-ec439fd6cc25,2275070,FA Women's Super League,2019/2020,0
4cb60b9e-7d68-441a-a072-fac717653538,2275070,FA Women's Super League,2019/2020,0
4dcba4f9-6be8-47d9-a370-45f6d187a021,2275070,FA Women's Super League,2019/2020,0
b27ab41d-bde6-43b1-9cbc-f55e4d1d7cf0,2275070,FA Women's Super League,2019/2020,0
234b65cf-7601-42b4-a8f8-141de758869f,2275070,FA Women's Super League,2019/2020,0
9524cc4a-053c-46b4-85bd-7b11102ba731,2275070,FA Women's Super League,2019/2020,0
11a914c3-ce7d-4f25-9a2f-6c8ae41f9209,2275070,FA Women's Super League,2019/2020,0
1664d42e-a435-45e8-91ee-3b3cb577ec38,2275070,FA Women's Super League,2019/2020,0
1405773c-63e9-421f-97a3-c326b263bb14,2275070,FA Women's Super League,2019/2020,0
13f8e2b2-0550-4a48-a570-339d85c09e3d,2275070,FA Women's Super League,2019/2020,0
470eb307-7d9b-49b8-9cbc-b8ca18438c17,2275070,FA Women's Super League,2019/2020,0
2ed5fb49-8faa-4d2e-bcc7-a8f92e82deab,2275070,FA Women's Super League,2019/2020,0
45d5a68b-61ed-48c9-8116-3fd67c08df5c,2275070,FA Women's Super League,2019/2020,0
b24f7337-3534-4795-b0dc-b632df4410ee,2275070,FA Women's Super League,2019/2020,0
665d3664-30ec-42c2-b0d5-460338495da6,2275070,FA Women's Super League,2019/2020,0
92ce3cc1-1bfc-4c1c-b6e7-21653341477b,2275070,FA Women's Super League,2019/2020,0
f5d79de3-33b1-42ef-9050-05fc9cfe437b,2275070,FA Women's Super League,2019/2020,0
a3610ede-ccd1-443d-a98f-aa1809df7b58,2275070,FA Women's Super League,2019/2020,0
cc038cde-377e-47cf-8efd-2c50793d2aa4,2275070,FA Women's Super League,2019/2020,0
59826dd2-1b3e-4679-b4fa-a4940f8cbe13,2275070,FA Women's Super League,2019/2020,0
ec4d559b-861f-4504-a27d-7f6680849d1a,2275051,FA Women's Super League,2019/2020,0
0baa0986-c9cf-4f05-b8a1-212dc5ee63d8,2275051,FA Women's Super League,2019/2020,0
16819fa8-c2ac-4822-87ee-528ba2510f46,2275051,FA Women's Super League,2019/2020,0
66e9ac4b-3289-47c9-a596-b6e7bf6b6073,2275051,FA Women's Super League,2019/2020,0
53f5adae-ed21-4a02-9aef-af432a48a018,2275051,FA Women's Super League,2019/2020,0
e6a3f0d1-b0a1-44ef-958b-bb39b00d1734,2275051,FA Women's Super League,2019/2020,0
23c3caae-3821-4c70-8083-d239bb1e6d46,2275051,FA Women's Super League,2019/2020,0
66d3492d-1559-41fe-9192-a63f03ddc520,2275051,FA Women's Super League,2019/2020,0
4f5a8409-10cc-4b4c-b05d-2c4b0edad511,2275051,FA Women's Super League,2019/2020,0
75ed6752-9055-45df-8641-27eee2848a27,2275051,FA Women's Super League,2019/2020,0
cd20647c-070e-4daa-9945-0dc72cb84466,2275051,FA Women's Super League,2019/2020,0
05a6ff58-9b1f-49d4-8490-63572a2a1c18,2275051,FA Women's Super League,2019/2020,0
bd6e5f19-6def-4c8f-8281-0995bda619ef,2275051,FA Women's Super League,2019/2020,0
b71dfbe4-c8dc-49fb-b892-7e3a48a301ac,2275051,FA Women's Super League,2019/2020,1
eb241885-b638-4d86-b2fd-76fa9a732de8,2275051,FA Women's Super League,2019/2020,0
48f23b0e-687c-44a5-a15e-ec754a8b5fb3,2275051,FA Women's Super League,2019/2020,0
95af5367-d639-475a-9200-46d3bf6b03e7,2275051,FA Women's Super League,2019/2020,1
34d7bd2c-6c90-45e6-b473-706b91e89e4e,2275051,FA Women's Super League,2019/2020,0
4e819bd0-800c-4a70-92d5-eb6e64c3685a,2275051,FA Women's Super League,2019/2020,0
f26aee86-77d0-4d64-9753-ca0822b44993,2275051,FA Women's Super League,2019/2020,0
cae23904-af5b-4ef9-b700-499ebd2b97fb,2275051,FA Women's Super League,2019/2020,0
ceb12c1d-c6a7-46c9-8ec7-0c3b29f46ef7,2275051,FA Women's Super League,2019/2020,0
4934c493-1881-4b2b-9ed6-f6da59ecd25b,2275051,FA Women's Super League,2019/2020,0
810576f2-001f-4b83-b27a-f943930e6576,2275051,FA Women's Super League,2019/2020,0
186f3b3e-3b3b-4615-a085-2632aa7a02f0,2275051,FA Women's Super League,2019/2020,0
e24077b9-2ca6-4680-9e8e-761bc9ba4845,2275050,FA Women's Super League,2019/2020,0
0d58fd05-2175-48d8-a9b6-2085920f1812,2275050,FA Women's Super League,2019/2020,0
7b728a6c-d483-4e5b-8061-a0b849722cea,2275050,FA Women's Super League,2019/2020,0
9bdbfc3d-959d-4fc4-bac2-6b5d154191e9,2275050,FA Women's Super League,2019/2020,0
ce34292d-68c7-40e9-a949-31c5fc7f2ec7,2275050,FA Women's Super League,2019/2020,0
a2068f0f-d4fd-44e3-b1a2-2497d7b47b0a,2275050,FA Women's Super League,2019/2020,0
f83c4037-4801-4a23-bc2b-addf2a525e5f,2275050,FA Women's Super League,2019/2020,0
fd483962-7c2c-4c48-bdef-dd4bcd00801c,2275050,FA Women's Super League,2019/2020,0
8439b96b-fc49-4511-9628-059c2c996a83,2275050,FA Women's Super League,2019/2020,1
1be47882-9e57-44b9-9637-364eb7ee8dc4,2275050,FA Women's Super League,2019/2020,0
dcc3c9f6-1b25-4fb4-ae1a-5dcf52d16769,2275050,FA Women's Super League,2019/2020,0
c083e176-9fea-4b08-aae7-27d32df2e1de,2275050,FA Women's Super League,2019/2020,0
9c0ec486-fade-48fe-b57d-28a6a5e175ae,2275050,FA Women's Super League,2019/2020,0
b7858c5c-e410-46ca-b310-5c779e86b45b,2275050,FA Women's Super League,2019/2020,0
6fe8580c-e017-46a5-9379-eb8fe4a4ab18,2275050,FA Women's Super League,2019/2020,0
1a51b69d-9349-4f3e-b728-d4d4f640277d,2275050,FA Women's Super League,2019/2020,0
d6028750-95eb-4b5f-81c3-a391434f1c15,2275050,FA Women's Super League,2019/2020,0
25e512a2-6ce0-41db-8749-88d988947058,2275050,FA Women's Super League,2019/2020,0
3ece6827-76fa-4ae1-8c4c-ef4af1ae4c4e,2275050,FA Women's Super League,2019/2020,0
694ecabf-3ef7-4605-9924-06996fad5e33,2275050,FA Women's Super League,2019/2020,0
db9cc459-2dbe-42b8-8c75-e50d1b49bdc5,2275050,FA Women's Super League,2019/2020,0
e4f431c7-7a15-4135-83f4-0346822a8874,2275050,FA Women's Super League,2019/2020,0
85f34abb-431e-4de1-b2a9-a17764042a3c,2275050,FA Women's Super League,2019/2020,0
9935ebf4-9a30-4ce8-9d8d-d5fdd1757df8,2275050,FA Women's Super League,2019/2020,0
537f7379-0bf7-4bd4-be7f-7cc25c43de98,2275050,FA Women's Super League,2019/2020,0
8a84dc14-d39f-420b-b94a-a0269ffb4061,2275050,FA Women's Super League,2019/2020,0
11284241-c72f-4391-b6f8-7703612c4bf9,2275029,FA Women's Super League,2019/2020,0
0d3046c9-5377-4421-b913-322fb2ea8206,2275029,FA Women's Super League,2019/2020,0
6a275e34-6f6f-4e5f-8865-4bfcd2b635c2,2275029,FA Women's Super League,2019/2020,0
4e23587c-ae31-4e1d-b4a5-fa65462b0d47,2275029,FA Women's Super League,2019/2020,0
b625da9a-9b5c-47aa-b84b-a7684dcb0e39,2275029,FA Women's Super League,2019/2020,1
f460c2a4-8db4-4ff3-a88d-5db64c42c98f,2275029,FA Women's Super League,2019/2020,0
fab8dc53-9d03-4082-a3a1-99555c5b46bc,2275029,FA Women's Super League,2019/2020,0
d7ef9fe4-5c9f-42e6-bda0-af0afe9b3dcc,2275029,FA Women's Super League,2019/2020,0
5b5f78a7-a883-4fb2-9675-05eacb935772,2275029,FA Women's Super League,2019/2020,0
36111899-6407-44ab-ae39-198e63ca2e88,2275029,FA Women's Super League,2019/2020,0
66afc563-3faa-4804-a460-9c2788604861,2275029,FA Women's Super League,2019/2020,0
7d413bcf-c22a-46aa-9e7a-4913689552b3,2275029,FA Women's Super League,2019/2020,0
f4340614-b731-4591-8c05-72784f26df4f,2275029,FA Women's Super League,2019/2020,0
134b354d-c940-43de-b97d-4377a8bb2dd0,2275029,FA Women's Super League,2019/2020,0
2a33ea7b-0f5f-4367-8ecf-0244bc43ba98,2275029,FA Women's Super League,2019/2020,0
357fe00e-171d-4972-ae4f-9bc223cdf634,2275029,FA Women's Super League,2019/2020,0
491498f9-2492-4975-b770-22dda48bff59,2275029,FA Women's Super League,2019/2020,0
14dcb4e0-4979-4c13-9d2f-4890c008da07,2275029,FA Women's Super League,2019/2020,0
345e4c2d-285a-48ba-9f43-29e33e12d89a,2275029,FA Women's Super League,2019/2020,0
a038e06b-50d6-419c-9a14-e43fd091b66c,2275029,FA Women's Super League,2019/2020,0
319724a7-f426-46e1-8a2c-c6896648b722,2275029,FA Women's Super League,2019/2020,0
c1c5d29b-11d7-4cd1-a9ff-ede298f9676a,2275029,FA Women's Super League,2019/2020,0
0f10dd44-1b20-4699-9d72-7e185f0ecab4,2275029,FA Women's Super League,2019/2020,0
832c8a48-c6e3-42ea-b364-32b745cba90b,2275029,FA Women's Super League,2019/2020,0
96998f15-f260-4b04-9cb9-aef7b2e8324f,2275090,FA Women's Super League,2019/2020,0
c1f1e533-a3aa-4084-8e86-76ae38bc07a0,2275090,FA Women's Super League,2019/2020,1
5cace80b-a214-45fd-a51d-0e9ea1e0be16,2275090,FA Women's Super League,2019/2020,0
f3eef945-acf1-47a9-a7f0-a0e1edd3a40e,2275090,FA Women's Super League,2019/2020,1
a4010b4c-e41a-4d0e-b7b4-b079bf6ee465,2275090,FA Women's Super League,2019/2020,0
9c831451-d818-4c0c-8115-38156274e9d8,2275090,FA Women's Super League,2019/2020,0
ec465b0f-d47c-42a2-a051-46876d8f0ccf,2275090,FA Women's Super League,2019/2020,1
85f19890-ac3e-46d3-beb3-25c53a350fb0,2275090,FA Women's Super League,2019/2020,0
01d139d9-c688-4718-9f18-173ca2a3f4f5,2275090,FA Women's Super League,2019/2020,0
ebf60c8f-af15-40b0-a5dd-95989d44c251,2275090,FA Women's Super League,2019/2020,0
e82dfb58-295c-4a0c-bf29-ca082be02e85,2275090,FA Women's Super League,2019/2020,0
1929403d-ce16-49d3-a2a0-82dd21290221,2275090,FA Women's Super League,2019/2020,0
97722864-c8fa-4cd1-8496-e96b6b5e3cd1,2275090,FA Women's Super League,2019/2020,0
1b1d7de0-b444-44c5-a471-cfa37a8d8bea,2275090,FA Women's Super League,2019/2020,0
75d7ac0f-b4c4-405b-9369-a1e3e63bd604,2275090,FA Women's Super League,2019/2020,0
16973584-2ce6-43d0-98a2-abf3746b62e8,2275090,FA Women's Super League,2019/2020,1
85f13274-51ca-4be9-8117-6e9c824a4a79,2275090,FA Women's Super League,2019/2020,1
cd67aa49-271a-4fd5-abbc-2e85edffc474,2275090,FA Women's Super League,2019/2020,0
62238974-5f8f-495d-bca0-c2ecbe3eb91b,2275090,FA Women's Super League,2019/2020,0
0efaef1f-c9d6-421b-96c9-8ec594da5462,2275090,FA Women's Super League,2019/2020,0
d6a4918d-3ef5-4d33-a79e-370d6c1d114d,2275090,FA Women's Super League,2019/2020,0
40f4ceb2-205c-4c09-9b2d-e6d78200e1ac,2275090,FA Women's Super League,2019/2020,0
0c43424b-13af-4b97-bacc-a9528b3c5186,2275090,FA Women's Super League,2019/2020,0
b48ce2cb-2574-47d9-be35-ba23a4ce4fab,2275042,FA Women's Super League,2019/2020,0
d7df9b4a-5312-4b39-bf2c-f7d79c4385eb,2275042,FA Women's Super League,2019/2020,1
1859e6d6-8d2a-4134-91bf-bb0340f26ae2,2275042,FA Women's Super League,2019/2020,0
1fe2b42d-2e5e-4b9e-a1ae-b52e6f2ddabb,2275042,FA Women's Super League,2019/2020,0
f6f009b8-42fe-4b03-b066-62d9460828c3,2275042,FA Women's Super League,2019/2020,0
1e4470df-d356-489a-912d-3717bc31325e,2275042,FA Women's Super League,2019/2020,0
492e0227-dc41-4264-ba72-58e51bd574a8,2275042,FA Women's Super League,2019/2020,0
d42359f0-76c4-4b77-bde4-ffb6770865f8,2275042,FA Women's Super League,2019/2020,0
cd6e1d7e-9c22-400b-a349-73378efef349,2275042,FA Women's Super League,2019/2020,0
83eb3210-e5ee-4a90-9ac8-dd08bac8d30c,2275042,FA Women's Super League,2019/2020,0
dc40f1a6-c411-40fa-9836-99686e74ce1d,2275042,FA Women's Super League,2019/2020,1
98233ad4-8b37-4521-81cf-0eace88f2f10,2275042,FA Women's Super League,2019/2020,0
3078b14b-54df-46ac-80bf-5e38f2ac9d0d,2275042,FA Women's Super League,2019/2020,1
b6462b6f-b81d-4e6e-8d9c-c7549305a37a,2275042,FA Women's Super League,2019/2020,1
43b5da87-1e44-49f5-9bf4-495c259cf20a,2275042,FA Women's Super League,2019/2020,0
adc5f86d-de74-4d38-ac4b-cdb825897f02,2275042,FA Women's Super League,2019/2020,0
eb6abe58-fb1f-44b2-8677-ee0fa6460641,2275042,FA Women's Super League,2019/2020,0
d6ed8462-d59a-4e09-8fe2-8429c77922c1,2275042,FA Women's Super League,2019/2020,1
b06f796d-12bc-4aa6-a066-618fac7783eb,2275042,FA Women's Super League,2019/2020,0
af627615-afff-4306-8b5b-53de3c950e5e,2275042,FA Women's Super League,2019/2020,0
fb72327b-ace2-4fa4-828d-88bf8d51d624,2275042,FA Women's Super League,2019/2020,0
eab88570-d683-4d8e-a7fa-4d4152dce704,2275042,FA Women's Super League,2019/2020,0
487385a1-fd6c-4db0-a9a0-1af6807a977b,2275042,FA Women's Super League,2019/2020,0
e85a70be-3ecc-4707-875d-4e16a1244b86,2275042,FA Women's Super League,2019/2020,0
8eacf722-3960-438f-8a5e-5cd70b77adf0,2275042,FA Women's Super League,2019/2020,0
6dae1928-87c7-48c4-9190-f3bcc20ecf84,2275042,FA Women's Super League,2019/2020,0
12b6a18c-a1f2-44c5-9de1-51cacc2466ac,2275042,FA Women's Super League,2019/2020,0
2a8a4fd0-8e6d-43c5-bf50-34434471365a,2275042,FA Women's Super League,2019/2020,0
5bde1b7d-a16f-4629-b460-dd31f6552174,2275042,FA Women's Super League,2019/2020,0
3b6a9a1a-bea6-4b81-8562-1c39de7ba258,2275042,FA Women's Super League,2019/2020,0
384e7f34-15da-422b-8bad-87e0387d2ad3,2275042,FA Women's Super League,2019/2020,0
a98c558b-7534-4309-a296-5d84e8ac0ef2,2275042,FA Women's Super League,2019/2020,0
55f9dbb9-17b8-490c-8d5d-28069b7316a5,2275042,FA Women's Super League,2019/2020,0
b4730379-88fe-4708-bdc9-4c1d07dd996e,2275042,FA Women's Super League,2019/2020,0
2a4dd4df-3f9c-4237-b4db-80314c1255e7,2275042,FA Women's Super League,2019/2020,0
70ea8df5-38e5-4085-b684-0f75c9706fbf,2275042,FA Women's Super League,2019/2020,0
fd51a8d5-5a4f-474f-bf95-f27882d4ce05,2275042,FA Women's Super League,2019/2020,0
5a86ddbf-4ba0-4a95-8f54-9d5fa5396e52,2275157,FA Women's Super League,2019/2020,0
eb8f42d9-f30a-42b8-a8c0-2788756b3844,2275157,FA Women's Super League,2019/2020,0
0c96483f-ab2e-4357-afda-88be440f83b3,2275157,FA Women's Super League,2019/2020,1
24eb3c7e-5bd1-4d7f-a472-6616bfcc1037,2275157,FA Women's Super League,2019/2020,0
cea1a4e0-e768-4590-b953-8b01d42496b7,2275157,FA Women's Super League,2019/2020,0
aefc9373-6e9c-4a57-80f7-57ec988c3eb9,2275157,FA Women's Super League,2019/2020,0
882cf9ce-2935-4fbb-9e47-8881515c8f79,2275157,FA Women's Super League,2019/2020,0
1fa461ee-7bb2-4a87-a5fb-43558c2f60d1,2275157,FA Women's Super League,2019/2020,0
0d4b35a7-61cc-42a6-91f9-6c549685b074,2275157,FA Women's Super League,2019/2020,0
a68fd187-5bf8-414c-ab37-a6c6a86fddac,2275157,FA Women's Super League,2019/2020,0
ed51741a-3573-4661-8344-4745c4174b4f,2275157,FA Women's Super League,2019/2020,0
4035057d-99fa-4dc2-8a87-6350175ca9a3,2275157,FA Women's Super League,2019/2020,0
0527a415-9e1c-4930-ad5b-923867fd1b0c,2275157,FA Women's Super League,2019/2020,0
21ffc762-b1d9-4f9a-84a0-ac707f6ed904,2275157,FA Women's Super League,2019/2020,0
cc4a543b-65d9-4613-a92c-0badb7a9e2a7,2275157,FA Women's Super League,2019/2020,1
fc4ec905-7a83-49db-b68e-12f3d7f62ee9,2275157,FA Women's Super League,2019/2020,0
34acf3e2-790a-4150-ba38-830b62da9d53,2275108,FA Women's Super League,2019/2020,1
1b8e86d1-ec46-41d4-af16-c5e33a66defb,2275108,FA Women's Super League,2019/2020,0
892826d6-4ee8-4a97-9aa4-316b83c769fd,2275108,FA Women's Super League,2019/2020,1
8588874a-3aec-4604-8ced-f0d06a65688f,2275108,FA Women's Super League,2019/2020,0
f2d6164f-f392-4c03-bf4d-ed2f2e7afbc3,2275108,FA Women's Super League,2019/2020,0
51677b72-7ae9-4c6e-9c80-36807045e838,2275108,FA Women's Super League,2019/2020,1
aa64b4ea-4d9e-47a5-820a-136e4b9c9123,2275108,FA Women's Super League,2019/2020,0
bfe34032-03c5-4656-8cc6-475e801ccca7,2275108,FA Women's Super League,2019/2020,0
b5fa2366-a8f1-42a7-9ea6-4ccb071948ef,2275108,FA Women's Super League,2019/2020,0
7db8785a-d807-4f6f-bfe5-4b23a5b1804d,2275108,FA Women's Super League,2019/2020,0
13112352-7841-4104-a727-833733030a3d,2275108,FA Women's Super League,2019/2020,0
d87a7729-e227-4e6d-b5b9-c7e2b548b587,2275108,FA Women's Super League,2019/2020,0
afeab2a3-d82e-41e5-8079-2416bef3b8a1,2275108,FA Women's Super League,2019/2020,0
00669e48-bf79-42f9-88cd-dce5dd0208c7,2275108,FA Women's Super League,2019/2020,0
781a7dc1-1cad-42bc-837e-a4e1f648f3a3,2275108,FA Women's Super League,2019/2020,0
45e9af6d-c5c8-41b2-9fcb-7664b9770378,2275108,FA Women's Super League,2019/2020,0
f4934af7-ec58-48b8-a667-d62a3b72525b,2275108,FA Women's Super League,2019/2020,0
87d68ff7-153f-4d76-8c39-ad0c4b1ccf30,2275108,FA Women's Super League,2019/2020,0
d303e512-2921-4efb-b2dc-a29fcdc33aac,2275108,FA Women's Super League,2019/2020,0
06cfb33f-debc-4480-b06b-833e898794e7,2275108,FA Women's Super League,2019/2020,0
ab4c1ea8-bef0-4ba8-b209-83fa58590e34,2275108,FA Women's Super League,2019/2020,0
d3df1609-e887-478b-b349-eb9548b8bf23,2275108,FA Women's Super League,2019/2020,0
4be5bd65-14d2-406d-bb1c-30ce334f4474,2275108,FA Women's Super League,2019/2020,1
046f961c-4160-468f-a909-0d469177db6c,2275108,FA Women's Super League,2019/2020,0
c1db6547-4239-4783-8a64-e5fc7f2ac82c,2275108,FA Women's Super League,2019/2020,0
5b5630b1-8f05-4a7d-a7a7-7361ace099b6,2275108,FA Women's Super League,2019/2020,0
70b014c4-a441-4d18-84ba-7a198dbc659a,2275108,FA Women's Super League,2019/2020,0
d209d77a-9675-47a0-afde-a320659a7c2d,2275082,FA Women's Super League,2019/2020,0
0610469a-39c4-4a35-b718-22f95ab744b5,2275082,FA Women's Super League,2019/2020,0
6a2951a9-6eff-4ee6-b127-4c3aa72becab,2275082,FA Women's Super League,2019/2020,0
47a4f9fd-adf9-4c8b-a462-acdcde4af249,2275082,FA Women's Super League,2019/2020,0
4192703a-9f64-43ed-82ec-6d1bf530eb91,2275082,FA Women's Super League,2019/2020,0
a4432358-e565-45df-9dab-59b8e4db87d3,2275082,FA Women's Super League,2019/2020,0
c0902b67-6043-48c7-b97b-f5b7e57bafc2,2275082,FA Women's Super League,2019/2020,0
c4f35903-e5ee-47a0-9940-a1dc12cac68b,2275082,FA Women's Super League,2019/2020,0
46a9a5b6-4f19-4275-94f3-8e6f210b82b5,2275082,FA Women's Super League,2019/2020,0
d7374b05-c005-4a16-b90f-82231c858030,2275082,FA Women's Super League,2019/2020,0
4ed691cf-8494-49fc-a406-e892eccfc085,2275082,FA Women's Super League,2019/2020,0
98a6040a-c6e4-448f-906e-936686cee344,2275082,FA Women's Super League,2019/2020,0
f0f5744a-e9f3-49f7-8d72-00b21f6579c3,2275082,FA Women's Super League,2019/2020,0
1ef8fb8c-b9c1-4c56-95f3-4de7e9024104,2275082,FA Women's Super League,2019/2020,0
a9c52547-671c-48fe-99c8-a2b7c2b05db9,2275082,FA Women's Super League,2019/2020,0
49a15478-f60d-47fc-aa3e-df44532d9ea8,2275082,FA Women's Super League,2019/2020,0
bc62e8db-4794-456b-9c1a-f8ae688ee2e1,2275082,FA Women's Super League,2019/2020,0
32ce1f5d-ebfd-469e-b1b7-27c39c0af338,2275082,FA Women's Super League,2019/2020,0
1537dc38-b488-4c4f-b505-c6ccdf1dc0a1,2275082,FA Women's Super League,2019/2020,0
f3c98d64-559b-4ef6-bb93-be8a0f02baeb,2275082,FA Women's Super League,2019/2020,0
ed31637e-d6f0-4aa8-b8d4-df8e9464242a,2275082,FA Women's Super League,2019/2020,0
8f9fb30e-a50d-4732-a8ac-d2f3902a5240,2275082,FA Women's Super League,2019/2020,1
f3c56965-dbc1-4b1f-bc19-5dafa7023776,2275082,FA Women's Super League,2019/2020,0
54222c27-f883-43ba-9b56-21eb19ac1bac,2275082,FA Women's Super League,2019/2020,0
f38d4872-834a-4a87-8e35-d49b11f778ab,2275082,FA Women's Super League,2019/2020,0
2564d510-afbd-4048-aedc-6672ce73c55d,2275082,FA Women's Super League,2019/2020,1
52ba53c0-db14-4160-93f1-4b3b70c9d1f9,2275082,FA Women's Super League,2019/2020,0
c456f252-d20a-40bf-beaf-4966b16f7a99,2275082,FA Women's Super League,2019/2020,0
75af5fc9-e1f9-433a-b07d-c60cfdde292c,2275138,FA Women's Super League,2019/2020,0
603136b3-b32b-4f21-a01e-0c9149faa3d7,2275138,FA Women's Super League,2019/2020,0
b65df9a0-e226-4c32-87d5-a03a84dae16c,2275138,FA Women's Super League,2019/2020,0
dbcf8e41-ce72-453c-8b2e-c7cae66f5d2c,2275138,FA Women's Super League,2019/2020,0
8041ad3e-98fc-449f-b0d2-ea95f6659303,2275138,FA Women's Super League,2019/2020,0
72e9d6cc-796e-4014-9477-60e1c1898009,2275138,FA Women's Super League,2019/2020,0
808c1953-9d99-4c7f-93a8-1b014bac0892,2275138,FA Women's Super League,2019/2020,0
d7ad6ec5-f773-42cb-8528-1424aebcfcf6,2275138,FA Women's Super League,2019/2020,0
a35395c2-9cb3-49fb-900a-c705737ab27c,2275138,FA Women's Super League,2019/2020,0
75097f15-6f04-4486-85c4-4a4f97db57c9,2275138,FA Women's Super League,2019/2020,0
f591bcba-b7d9-4c37-b1a5-6fd9202f310d,2275138,FA Women's Super League,2019/2020,0
0c03fb1f-e88b-471c-b103-4353f1e5953a,2275138,FA Women's Super League,2019/2020,0
a82a70d4-7abb-4418-ba2c-e545aaa52ba9,2275138,FA Women's Super League,2019/2020,0
1bf121b9-706a-4079-a3a2-2b94b1883b70,2275138,FA Women's Super League,2019/2020,0
9ceda422-2418-4da8-90fa-0955d33f6e58,2275138,FA Women's Super League,2019/2020,0
b8f897d2-40c7-49c3-907e-894960ad5a84,2275138,FA Women's Super League,2019/2020,0
613940be-cfbc-4296-aac7-3ff0b6bc9420,2275138,FA Women's Super League,2019/2020,1
369267fe-6a97-4ac8-aa42-6868f774cb2a,2275138,FA Women's Super League,2019/2020,0
fa4d9f32-0819-47db-85fb-5513b94bf8ff,2275138,FA Women's Super League,2019/2020,0
737d1ab5-df85-4c5e-a84f-9eccf3a5abea,2275138,FA Women's Super League,2019/2020,0
5d029e39-531c-4166-a7b5-16db86cfacc9,2275138,FA Women's Super League,2019/2020,0
e90d8868-30d9-40b8-a683-c47ff4803272,2275138,FA Women's Super League,2019/2020,0
01d3b77a-0b8f-46e5-86a6-9608de1d0311,2275138,FA Women's Super League,2019/2020,0
623c4734-d359-4089-bb02-e647b1a207bf,2275138,FA Women's Super League,2019/2020,0
ff660e8d-d0d1-4f61-93fa-7b7715f0abdb,2275138,FA Women's Super League,2019/2020,0
5d28305a-fccd-440c-9f31-0a3a9d31c28d,2275138,FA Women's Super League,2019/2020,0
45a7c746-bc18-4e4a-b690-50413f7078e4,2275138,FA Women's Super League,2019/2020,0
a7cc976b-bb80-47aa-ad53-85fbf1d0e060,2275049,FA Women's Super League,2019/2020,1
9a5275ab-eae6-49f4-9867-cc57444db4c9,2275049,FA Women's Super League,2019/2020,0
7f300a82-db5f-4b58-b4e5-8a1681826ffa,2275049,FA Women's Super League,2019/2020,0
a1ffc3d8-0eb0-4f9b-baf9-d1b9b35c93b2,2275049,FA Women's Super League,2019/2020,0
f360fff2-05d4-4ca6-a461-1893fba84391,2275049,FA Women's Super League,2019/2020,0
913ea6b3-416d-4551-b538-c4d060f36118,2275049,FA Women's Super League,2019/2020,0
8445fcda-977a-4ad1-991f-a9fccc5f736c,2275049,FA Women's Super League,2019/2020,0
596cbaa2-f67d-4b3d-be83-675c58acab50,2275049,FA Women's Super League,2019/2020,0
616d4671-92fa-42fc-b25e-0bfb9b8c4aeb,2275049,FA Women's Super League,2019/2020,0
9c91ad24-16fb-4a60-89d1-1798e1352535,2275049,FA Women's Super League,2019/2020,0
f5ba68eb-54cb-458c-92cb-bed8284c4ced,2275049,FA Women's Super League,2019/2020,0
084439c3-e56b-4d3c-b979-798b459669ba,2275049,FA Women's Super League,2019/2020,0
9d7649c6-fccc-471b-9467-48faeb1dc75f,2275049,FA Women's Super League,2019/2020,1
360d1ef2-4825-4d4e-a327-bc845553f657,2275049,FA Women's Super League,2019/2020,1
c8583aa4-95a3-4b7f-a639-9f70e037e87a,2275049,FA Women's Super League,2019/2020,1
6eab74f9-e625-48f0-abd9-0888db46e032,2275049,FA Women's Super League,2019/2020,0
be0b2539-087a-45f6-a329-268fba8695a4,2275049,FA Women's Super League,2019/2020,1
f4192f62-17b0-4bf3-a2ae-078ee7e7c520,2275049,FA Women's Super League,2019/2020,0
808beadc-73e9-4dce-a0a5-0f64018659bb,2275049,FA Women's Super League,2019/2020,0
34f643a3-8381-44c1-9fca-ac7f4f84f39c,2275049,FA Women's Super League,2019/2020,0
321661c4-2bd6-4ecb-b843-1e53fe9b99af,2275132,FA Women's Super League,2019/2020,0
df4a6156-f322-4a73-a3d1-add4dbae08fe,2275132,FA Women's Super League,2019/2020,1
ed17be4b-9e6b-4f07-8179-4699351fdeee,2275132,FA Women's Super League,2019/2020,0
5e1c863b-64f6-488c-98b6-1d8297ef5f0b,2275132,FA Women's Super League,2019/2020,0
6b22cb11-e77a-4617-9526-9e49ef8cda7b,2275132,FA Women's Super League,2019/2020,0
d17502e1-988c-40d9-9a37-98e53b705ecb,2275132,FA Women's Super League,2019/2020,0
2cabe22c-0fd2-4ade-a6bd-2958860fd850,2275132,FA Women's Super League,2019/2020,0
781b5736-6c43-479e-b850-2cde62ee99a3,2275132,FA Women's Super League,2019/2020,0
36d7769f-433e-4086-a92a-f848d0bcb2ce,2275132,FA Women's Super League,2019/2020,0
fb5b3b46-e704-41c9-9be8-b7f5215786d0,2275132,FA Women's Super League,2019/2020,0
2056f3f3-535b-4247-97ad-61400673e014,2275132,FA Women's Super League,2019/2020,0
214f57ae-2d6c-48a3-b52b-f41a3f5bc645,2275132,FA Women's Super League,2019/2020,0
09a64680-6631-4553-9bb2-7d2d24032451,2275132,FA Women's Super League,2019/2020,0
68e52beb-0d78-4284-b20c-a1a287d05067,2275132,FA Women's Super League,2019/2020,0
578de927-62e0-40fc-b49b-f17bc2b1114b,2275132,FA Women's Super League,2019/2020,0
5b16e676-c6de-4c0f-88ae-7ae29ed4384d,2275132,FA Women's Super League,2019/2020,0
c76fac18-646a-4f9c-945b-0cbcf2f4fd56,2275132,FA Women's Super League,2019/2020,0
ce20a272-d071-4530-a367-c1a44f61fcd4,2275132,FA Women's Super League,2019/2020,0
c17a4d38-5f72-4213-b462-587989c234af,2275132,FA Women's Super League,2019/2020,0
35baeb66-e345-4f1e-8329-d6d645e8fc0d,2275132,FA Women's Super League,2019/2020,0
d0341710-5ef7-4ef7-b5a6-cda2270aaaa1,2275132,FA Women's Super League,2019/2020,0
06a1845b-35c0-4938-ac4c-e830d7acf6fe,2275132,FA Women's Super League,2019/2020,0
da8d6b55-dc01-4ad8-9e17-bcfdfd7eb507,2275132,FA Women's Super League,2019/2020,0
f7ef414f-3420-4204-b518-d38889cb62de,2275132,FA Women's Super League,2019/2020,0
fba8fdbc-11ee-4c37-85ed-4649a90def07,2275132,FA Women's Super League,2019/2020,0
2b48aa5d-70df-4a02-a5ab-6a5afd59f67a,2275132,FA Women's Super League,2019/2020,0
cca8af20-5efa-4e6c-b86f-22a7ec08cee3,2275132,FA Women's Super League,2019/2020,0
40223098-1698-4dc7-81a8-5e21176ce3bf,2275132,FA Women's Super League,2019/2020,0
45eed682-1dbb-4185-b0be-1d75ca4ebb25,2275061,FA Women's Super League,2019/2020,0
586405e1-1183-4f74-907e-d18c56be0b6a,2275061,FA Women's Super League,2019/2020,0
5dc5c32d-35f4-43f8-851c-117a6ea8c187,2275061,FA Women's Super League,2019/2020,0
a624d349-eae8-4802-9394-8fef3b3c384c,2275061,FA Women's Super League,2019/2020,0
ffda04e2-7d12-4e82-b243-d8e5d63917d4,2275061,FA Women's Super League,2019/2020,0
a8294f65-0b01-4585-bd6e-1ee1927dffd2,2275061,FA Women's Super League,2019/2020,0
4c4a41a4-0836-463f-8a6b-698c3281bad5,2275061,FA Women's Super League,2019/2020,0
70a22d5a-6e94-4d97-b3eb-e8310f1f6327,2275061,FA Women's Super League,2019/2020,0
40bf6c7e-78ff-4ba8-a327-36e8d3a306e1,2275061,FA Women's Super League,2019/2020,0
7e34a7d9-db66-40cc-ab77-e48930afc54e,2275061,FA Women's Super League,2019/2020,0
b71d8017-d44d-49ea-a4e3-6c50273af861,2275061,FA Women's Super League,2019/2020,0
ca72db1c-1219-4aae-88c9-95e9feb1e2ab,2275061,FA Women's Super League,2019/2020,0
27ff321c-6954-445b-b0f7-20fe3beed723,2275061,FA Women's Super League,2019/2020,0
888ad136-e2ae-4e3d-b06d-d8196539114c,2275061,FA Women's Super League,2019/2020,0
b9547547-45be-4607-9b76-558a89ba93a6,2275061,FA Women's Super League,2019/2020,0
d62739e6-ffc0-49e6-b6ea-7cca3193d245,2275061,FA Women's Super League,2019/2020,0
0f099b37-3f32-40de-9aac-5c41bbe8216e,2275061,FA Women's Super League,2019/2020,0
2d92f640-5827-4101-831d-a5efc441bf51,2275061,FA Women's Super League,2019/2020,0
8865d119-8890-4d24-8854-5368745a9c5b,2275061,FA Women's Super League,2019/2020,0
8a6759e9-2a1c-400e-910a-99773154249b,2275061,FA Women's Super League,2019/2020,0
036b1db2-5ff6-4e00-b8d2-75bf0f115d87,2275061,FA Women's Super League,2019/2020,0
ec5e1811-8aa4-41e8-90a9-493114e6bf97,2275061,FA Women's Super League,2019/2020,0
750d69e5-3cae-4fd3-9355-cb6ec8dd1a8d,2275061,FA Women's Super League,2019/2020,0
51b41bed-27d2-4b17-bb9d-b1294d0938c0,2275061,FA Women's Super League,2019/2020,0
da9c9e5d-5942-4f63-83d8-a1c3f6a38d87,2275061,FA Women's Super League,2019/2020,0
5c2684d1-4a7d-4ef6-a139-23ac2912fd6f,2275061,FA Women's Super League,2019/2020,0
f2191651-63b1-4498-88ce-11f6f22fe3dd,2275096,FA Women's Super League,2019/2020,0
ad33c0cd-8ec5-4735-a7b5-c560f99de088,2275096,FA Women's Super League,2019/2020,0
8ad00451-a4e3-4b44-8839-13f9e87c78ab,2275096,FA Women's Super League,2019/2020,0
1ff5fa26-5b61-403f-897c-26ab501162f2,2275096,FA Women's Super League,2019/2020,0
aab555db-d4b9-4318-ab8d-bb123a8adba8,2275096,FA Women's Super League,2019/2020,0
68bbc642-0b55-4d52-8291-980c2af93011,2275096,FA Women's Super League,2019/2020,1
8fce587a-983b-4880-9b07-e7b9deff567d,2275096,FA Women's Super League,2019/2020,0
5c105555-a1cb-4886-8456-166f873092fe,2275096,FA Women's Super League,2019/2020,0
501e1832-b997-4e19-b85d-e770e7241249,2275096,FA Women's Super League,2019/2020,0
1095fbca-e97a-4ca4-bb4e-35374a6d0709,2275096,FA Women's Super League,2019/2020,0
a335582f-a4e8-449d-b613-193425418a0e,2275096,FA Women's Super League,2019/2020,0
5a4d7b6c-b25c-4010-b296-926ddd7d5d98,2275096,FA Women's Super League,2019/2020,0
0e8628df-dc3d-4c3b-af2d-14cef964071b,2275096,FA Women's Super League,2019/2020,0
3338f178-67ac-4d10-af91-70788bba43b9,2275096,FA Women's Super League,2019/2020,0
14d4655f-4ce7-4420-ae4c-ce65056b9b86,2275096,FA Women's Super League,2019/2020,0
761dd548-7db5-4dfb-9128-b202cab5c628,2275096,FA Women's Super League,2019/2020,0
8cf2c85f-9d6a-41b8-a33c-d6d934c597c9,2275096,FA Women's Super League,2019/2020,0
74b06052-0f21-46df-833f-7968cb280321,2275096,FA Women's Super League,2019/2020,1
59f78632-7207-4bab-939b-71f8bd8762a2,2275096,FA Women's Super League,2019/2020,0
8ca837a2-f91d-4fa2-ab82-57c71b01f153,2275096,FA Women's Super League,2019/2020,0
bfa17342-797a-443d-a055-c9f147c6ceb3,2275096,FA Women's Super League,2019/2020,0
2daa27d8-2c46-442c-800a-b2dcd69cbb01,2275096,FA Women's Super League,2019/2020,0
24644304-132a-413e-8ed1-8765c9ed0599,2275096,FA Women's Super League,2019/2020,1
2e17418a-9db8-4498-88ba-52da24133936,2275096,FA Women's Super League,2019/2020,0
d041bdd8-efc2-4236-b704-4010cb373dc8,2275096,FA Women's Super League,2019/2020,0
ba400476-0c90-4be0-a022-6c71700d5be4,2275096,FA Women's Super League,2019/2020,0
bb9b02d0-5c54-4cc4-b0ea-fed08ba26320,2275033,FA Women's Super League,2019/2020,0
75c36b9f-d6e7-4201-bd9c-4dad2cf3c58d,2275033,FA Women's Super League,2019/2020,0
2212d7ea-3a55-4360-b3d3-702f5caf66da,2275033,FA Women's Super League,2019/2020,0
73ca2e4b-3534-4ee4-bb1a-68ced2be9176,2275033,FA Women's Super League,2019/2020,0
25cda138-34bf-4024-b5db-7eeba5795bee,2275033,FA Women's Super League,2019/2020,0
cade53f2-dcbb-42b2-a31c-94d6efe3165a,2275033,FA Women's Super League,2019/2020,0
8ab07b6e-ad16-4e02-8b6a-263d22f47cd0,2275033,FA Women's Super League,2019/2020,0
57009c0b-ac29-4959-963d-8e5c7ee35c4c,2275033,FA Women's Super League,2019/2020,0
a973a97c-caf2-41b7-bf6f-feb189cd068a,2275033,FA Women's Super League,2019/2020,0
5151ef74-1e6b-4f9a-a7e3-2003d46401a8,2275033,FA Women's Super League,2019/2020,0
b8d462be-5bcf-44b7-a271-5c0436d6dc17,2275033,FA Women's Super League,2019/2020,0
6ae8d1db-69e2-4807-9144-fe6615372649,2275033,FA Women's Super League,2019/2020,0
466a6897-da28-49b2-a790-1d4a797dc275,2275033,FA Women's Super League,2019/2020,0
5977091f-abcf-43e8-82ab-3175e0638e0d,2275033,FA Women's Super League,2019/2020,0
117a8f63-f19f-4013-b32c-df6cb64ff2a2,2275033,FA Women's Super League,2019/2020,0
c25bb3f3-b0b5-46f9-9d4c-646a6b8537a5,2275033,FA Women's Super League,2019/2020,1
39a188b9-019b-4975-b14a-38b089c2b823,2275033,FA Women's Super League,2019/2020,0
a3046570-d2da-451a-b5aa-c782282005fb,2275033,FA Women's Super League,2019/2020,0
91563919-12d7-4ae9-8a6f-c5a566846d03,2275033,FA Women's Super League,2019/2020,0
f6a65fec-183c-41c5-b475-9d0282fab5f9,2275033,FA Women's Super League,2019/2020,0
c18463a7-72fc-4dbe-b61e-2643ee6f00ab,2275033,FA Women's Super League,2019/2020,0
e9466466-dd82-4be1-8bf1-f38f7aa85bef,2275033,FA Women's Super League,2019/2020,0
2e8bfa49-15af-4ee2-abdd-c73170e81353,2275033,FA Women's Super League,2019/2020,1
56f8da74-583a-4476-b27f-3d0c6264ecdf,2275033,FA Women's Super League,2019/2020,1
e3be1758-a379-4635-9db3-906c4f1a0091,2275033,FA Women's Super League,2019/2020,0
c332faba-25b0-4d16-9158-7d3bc75eed07,2275033,FA Women's Super League,2019/2020,0
4a548ad6-0c2c-4ccc-90e0-7d5ec7b432ef,2275033,FA Women's Super League,2019/2020,0
3f2e6f71-3d4d-40e7-af13-2b1fcb2a5e94,2275033,FA Women's Super League,2019/2020,0
0006c5eb-7d26-460d-b073-341302cac818,2275033,FA Women's Super League,2019/2020,0
f390368e-7f19-4f99-8825-71fac1db6820,2275033,FA Women's Super League,2019/2020,0
ef6aba3f-4510-4bd7-8dc0-5ae4e086da09,2275033,FA Women's Super League,2019/2020,0
1cd5d1a1-7aee-4b56-8b00-a6a2bb581fc0,2275107,FA Women's Super League,2019/2020,0
46e92cb2-725c-4c69-9c12-a1242f42c04d,2275107,FA Women's Super League,2019/2020,0
7c4a8800-6434-4620-879e-417b53ad40d5,2275107,FA Women's Super League,2019/2020,0
d1e07f34-2090-412a-a7ad-8bc8bce4efae,2275107,FA Women's Super League,2019/2020,0
3479cb42-8d4b-4cd9-b2c7-813af30dc989,2275107,FA Women's Super League,2019/2020,0
f4312abe-9a91-4563-9cad-5989388eb8d1,2275107,FA Women's Super League,2019/2020,0
164099bb-2883-4efb-aba7-31de44330195,2275107,FA Women's Super League,2019/2020,1
161f1d5b-17a6-4531-b236-8872041ba17d,2275107,FA Women's Super League,2019/2020,0
07755dab-d6dc-4e41-96ca-7d9814cf64b3,2275107,FA Women's Super League,2019/2020,0
03028810-bce3-4cce-b82f-29cccd8cd402,2275107,FA Women's Super League,2019/2020,0
e8d3f51e-e872-4a45-8e3f-1ab6f756f815,2275107,FA Women's Super League,2019/2020,0
7d5d987b-5228-4fa8-a638-6e5880d63298,2275107,FA Women's Super League,2019/2020,0
48504c90-dbfc-4612-bd02-e177c6564950,2275107,FA Women's Super League,2019/2020,1
f97ca47c-e894-4af4-8cfa-d7184dd135c0,2275107,FA Women's Super League,2019/2020,0
4b751658-3dd1-4d41-8b4e-f060bd0c990a,2275107,FA Women's Super League,2019/2020,0
3f5e6748-f227-4e0f-a27b-c8eb9eacdafa,2275107,FA Women's Super League,2019/2020,0
7704e96c-432d-4fde-b052-cf5d1e538766,2275107,FA Women's Super League,2019/2020,0
f94b8585-eb48-43cb-b174-a91e2fd6592e,2275107,FA Women's Super League,2019/2020,0
90e3ce7c-9349-4ffd-90bb-4a3b2b870bb3,2275107,FA Women's Super League,2019/2020,0
819f8ad9-3b91-4fed-ae4e-a0bd1dc2c024,2275130,FA Women's Super League,2019/2020,0
e99842d8-cdad-4b71-9915-1eeb4c6c351f,2275130,FA Women's Super League,2019/2020,0
c2ed41b8-7aeb-4fcd-b70f-7a78c20d454f,2275130,FA Women's Super League,2019/2020,0
b325fc34-a794-4494-b478-be14b0a9c2bb,2275130,FA Women's Super League,2019/2020,0
c46b1c26-5699-4a97-afe9-3ba3b0e5dd90,2275130,FA Women's Super League,2019/2020,0
acf1f31c-5e7f-4b43-aa60-737d4c83ac6c,2275130,FA Women's Super League,2019/2020,0
2d533a32-8b08-454b-9f38-bc1e5a566de7,2275130,FA Women's Super League,2019/2020,0
99d0d1a3-550b-42f5-857a-12c1f61916bc,2275130,FA Women's Super League,2019/2020,0
9c20efc7-b6ad-4f81-8145-ee64193e7d15,2275130,FA Women's Super League,2019/2020,0
3a4bc4cc-d247-47e1-b684-deaaa8713313,2275130,FA Women's Super League,2019/2020,0
8a95bdae-c1a8-47ba-93d5-64ccef1dcec6,2275130,FA Women's Super League,2019/2020,0
91ccf39b-4fc5-49b8-ae7c-94e2ab3cb82a,2275130,FA Women's Super League,2019/2020,0
2617549a-c5dc-447c-9299-fa06142de76b,2275130,FA Women's Super League,2019/2020,0
4905139d-a711-4a0f-a136-dd71ddb0d264,2275130,FA Women's Super League,2019/2020,0
29b2ada4-5b13-41c5-8b77-17d9c13a133a,2275130,FA Women's Super League,2019/2020,0
b17a0ad7-7038-4e17-91c2-65060e7e4c0a,2275130,FA Women's Super League,2019/2020,0
1c4cc3e9-b26f-49b7-9e62-3859c3782e7d,2275130,FA Women's Super League,2019/2020,0
70dc3d32-9d70-4966-837d-0d104e1ad916,2275130,FA Women's Super League,2019/2020,1
ff188cf1-ddaa-4428-944e-5601fb00a5f7,2275130,FA Women's Super League,2019/2020,0
645c14f7-0797-42d3-9b64-61fa8d854e90,2275130,FA Women's Super League,2019/2020,0
96bf351e-7320-4ebf-9980-e1d052a6392f,2275130,FA Women's Super League,2019/2020,0
37db8f1b-ba21-4a77-8c5d-b835f3cded1e,2275130,FA Women's Super League,2019/2020,0
44486776-6837-4ce5-bbb3-8d7849ba7c3a,2275130,FA Women's Super League,2019/2020,0
84c9bc02-0e92-40e5-9db9-4273cae15d04,2275130,FA Women's Super League,2019/2020,0
f31bdcfe-3048-4e0c-ad65-490c0ba2fe3e,2275130,FA Women's Super League,2019/2020,0
4ac4e6bd-9d6c-4486-91dd-a9da3f388754,2275130,FA Women's Super League,2019/2020,0
30b697ac-a904-4303-81e5-79b8689fe45b,2275130,FA Women's Super League,2019/2020,0
8193bc58-6a82-4972-b463-8e9af879ddcc,2275130,FA Women's Super League,2019/2020,0
b0e385d9-e165-4c4c-9bce-c229b5cbff41,2275130,FA Women's Super League,2019/2020,0
88434dab-9442-47a6-86db-a1ee71257363,2275130,FA Women's Super League,2019/2020,0
da272dc1-6351-49ce-ad4c-607c61cb82bf,2275130,FA Women's Super League,2019/2020,1
818e5d19-c84d-4c3f-9ad4-b7e31c73f17b,2275130,FA Women's Super League,2019/2020,0
a74f2ae1-254b-44b2-bac0-69835f8e791e,2275130,FA Women's Super League,2019/2020,1
d5cff9c7-5da2-4b49-964e-62f83fe04544,2275130,FA Women's Super League,2019/2020,0
728537c9-28bf-4966-a382-fc3ccdb626cc,2275130,FA Women's Super League,2019/2020,0
62969950-e117-405c-baca-84bb3b0b882b,2275130,FA Women's Super League,2019/2020,0
082db63a-f4c4-440e-87b5-2593971a208f,2275130,FA Women's Super League,2019/2020,0
59c18c88-de3b-43f7-a9c7-fb1a8f882bd0,2275130,FA Women's Super League,2019/2020,0
6c38087a-a598-4ed7-886e-25c97ba5808b,2275034,FA Women's Super League,2019/2020,0
756652cd-b836-4834-87e8-1b4d34d5a831,2275034,FA Women's Super League,2019/2020,0
015b4953-7a49-48ff-bf21-c8bd8f0a1229,2275034,FA Women's Super League,2019/2020,0
9771311e-7910-4ce3-a7a7-d50eb3accbf1,2275034,FA Women's Super League,2019/2020,0
2b98a47c-346d-455d-9e0b-8b5a63bd1197,2275034,FA Women's Super League,2019/2020,0
0ba70f2d-2cac-48fd-8e3c-cd648dbfee57,2275034,FA Women's Super League,2019/2020,0
6948974b-479e-4928-a7ca-9c83f648f733,2275034,FA Women's Super League,2019/2020,0
921664d5-38c8-4dfa-9edf-101dd0728366,2275034,FA Women's Super League,2019/2020,0
0828d2b1-0178-40a8-b22c-f70a5c06cd9d,2275034,FA Women's Super League,2019/2020,0
7639fced-8664-4ce5-b963-40b501974a9d,2275034,FA Women's Super League,2019/2020,0
a4fd3778-4f36-492e-8b62-6f4d5d05e8c1,2275034,FA Women's Super League,2019/2020,0
b095c32b-439d-453d-8155-951fb7fdf3cf,2275034,FA Women's Super League,2019/2020,0
c15d4019-fbc7-43c1-b759-290d0c6021e4,2275034,FA Women's Super League,2019/2020,0
4adf1c4c-de5d-42ea-8a7e-ff43967e769b,2275034,FA Women's Super League,2019/2020,0
a5894d53-ee45-4a8a-80a4-997bd72f05ef,2275034,FA Women's Super League,2019/2020,0
36c97054-4923-4c1b-a0ca-cf9c770e2c3c,2275034,FA Women's Super League,2019/2020,0
45f40cc3-bf20-4aea-b3a7-503295655273,2275034,FA Women's Super League,2019/2020,0
2cda004b-4dba-4911-8565-03d45b0b4a77,2275034,FA Women's Super League,2019/2020,0
da217294-3c1d-46e6-96b1-02c9183a5054,2275034,FA Women's Super League,2019/2020,0
7103cb87-e41e-4863-9726-320904e32ac9,2275034,FA Women's Super League,2019/2020,0
97c6b065-e41b-470f-b571-44ec82f64b40,2275034,FA Women's Super League,2019/2020,0
531ec630-222a-413b-9d44-0131e678bfe6,2275034,FA Women's Super League,2019/2020,0
9886ae81-824a-4e7a-90e0-6f708bfd581a,2275034,FA Women's Super League,2019/2020,0
94147f3f-5e46-45b7-8bb5-25b78ec0f28a,2275034,FA Women's Super League,2019/2020,0
832089c4-b708-4adc-baad-566ca183ffc4,2275034,FA Women's Super League,2019/2020,0
c261356c-a2c7-4173-8fec-ce53b996d3fe,2275026,FA Women's Super League,2019/2020,0
e2cc2df6-aaaa-4e84-9195-a48e4064b0c8,2275026,FA Women's Super League,2019/2020,0
a7164e28-f20d-447e-be4c-869567bc8c08,2275026,FA Women's Super League,2019/2020,0
9d502754-d7db-4262-9a8e-e9745cb67f11,2275026,FA Women's Super League,2019/2020,1
e7375270-4b9f-42db-81b1-06d74a0be19f,2275026,FA Women's Super League,2019/2020,0
c0d3a0db-f370-4311-9ee4-780aab4f5c37,2275026,FA Women's Super League,2019/2020,0
c1f23a8c-1848-48f1-97c8-191254fe623b,2275026,FA Women's Super League,2019/2020,0
f9bd0e81-fc01-4339-8e83-44b3ecafeee6,2275026,FA Women's Super League,2019/2020,0
cf7307b1-84eb-4f8d-a920-a6d8d1e385e6,2275026,FA Women's Super League,2019/2020,0
40665ba2-f60c-4ba5-8daa-c20552e5126b,2275026,FA Women's Super League,2019/2020,0
ea739414-ad74-4f01-8777-3cc187d5995a,2275026,FA Women's Super League,2019/2020,0
ee6bca11-f8b3-4b5f-ab89-92da552eb4b3,2275026,FA Women's Super League,2019/2020,0
9292f4a1-9b89-411c-9757-dceff92b58ec,2275026,FA Women's Super League,2019/2020,0
acd85e14-2993-460f-a26a-f55a2b3218aa,2275026,FA Women's Super League,2019/2020,0
ad244903-28de-427f-af65-f1c806360af9,2275026,FA Women's Super League,2019/2020,1
81cec894-cbc8-4dca-a0bb-1a158301f4cc,2275026,FA Women's Super League,2019/2020,0
c7c82a0a-28a2-4ecc-8c46-4a2c3b24be45,2275026,FA Women's Super League,2019/2020,0
3538481f-d1ea-473b-a913-81e378922a1f,2275026,FA Women's Super League,2019/2020,0
dd6a48aa-edb4-4f9c-9c41-adf73f2f6449,2275026,FA Women's Super League,2019/2020,0
4c0d1d56-4516-43ce-b24b-f9c839f4d9fd,2275026,FA Women's Super League,2019/2020,0
96cd0974-82a6-4378-ae98-95c46a8cdb2b,2275026,FA Women's Super League,2019/2020,1
e7bb567b-8750-4d58-801f-8e9004edcdf3,2275026,FA Women's Super League,2019/2020,1
d6255c04-b986-422f-b419-45cbee1e78a5,2275026,FA Women's Super League,2019/2020,1
1f58caff-5b6f-4d47-b3be-1bb74a6d9912,2275026,FA Women's Super League,2019/2020,0
120b8a21-f6e4-4d79-9502-df5cba30e183,2275041,FA Women's Super League,2019/2020,0
14c3314f-8b2f-46f2-a49c-146ffde6be32,2275041,FA Women's Super League,2019/2020,0
7c27769d-a042-4813-a030-ef08028925fb,2275041,FA Women's Super League,2019/2020,0
b46d63b3-2d5b-4600-98bf-554c1eba3164,2275041,FA Women's Super League,2019/2020,0
411db795-bbd9-43a9-bdae-4f450fe4f909,2275041,FA Women's Super League,2019/2020,0
aa7723c4-0e97-4f82-b182-06af2fb08cb3,2275041,FA Women's Super League,2019/2020,0
ba0b47f0-662e-4a55-992f-228142640732,2275041,FA Women's Super League,2019/2020,0
4c2d9e29-c9aa-4993-b52b-7611e5d24657,2275041,FA Women's Super League,2019/2020,0
bbc2cb50-d898-42e5-b608-77af45e49d10,2275041,FA Women's Super League,2019/2020,0
da7aca92-aee0-4897-ad1a-4ac027903776,2275041,FA Women's Super League,2019/2020,0
da032462-c89d-4c7a-9085-fbbdc2407f20,2275041,FA Women's Super League,2019/2020,0
9fd7cb20-c704-4d88-83cb-ca7636074f9a,2275041,FA Women's Super League,2019/2020,0
92b2d3bb-e8db-4769-a975-125efe608b28,2275041,FA Women's Super League,2019/2020,1
6b68fa12-1437-477b-9d7f-619537068bdc,2275041,FA Women's Super League,2019/2020,0
80824e35-a27f-49a8-bbd7-6fb1cabb53f8,2275041,FA Women's Super League,2019/2020,1
e3207876-36ca-4da7-92dc-6882234315c6,2275041,FA Women's Super League,2019/2020,0
9797807f-3faf-47fd-b454-8c7275f885de,2275041,FA Women's Super League,2019/2020,0
4c9b74ab-c1e7-4b1b-9e4f-f76735c691ad,2275041,FA Women's Super League,2019/2020,0
8b8b9ef9-7f88-4ef3-aeaf-27d00cb3284e,2275041,FA Women's Super League,2019/2020,0
04df1e6e-4be9-4357-b9bb-22b3ba37ce8e,2275041,FA Women's Super League,2019/2020,0
6c5dd7b6-3d9e-4a26-b46b-9a107e16613f,2275041,FA Women's Super League,2019/2020,0
448c3148-d2ff-4552-9ba7-26944e889d06,2275041,FA Women's Super League,2019/2020,0
c01e415a-7191-4f4b-b83c-01073d44f91c,2275041,FA Women's Super League,2019/2020,0
4ad36164-1132-4ccd-b7bf-6275752b7173,2275041,FA Women's Super League,2019/2020,0
f132526e-1130-45af-bd4a-98f102381940,2275041,FA Women's Super League,2019/2020,0
40148f68-eb79-46e5-bbdd-1eeb8ccc9737,2275041,FA Women's Super League,2019/2020,0
cad7fa77-ad26-4ebe-a4fe-516c14efd4a6,2275041,FA Women's Super League,2019/2020,0
e67f464b-1360-45db-bee5-990e18ae5c28,2275041,FA Women's Super League,2019/2020,0
5bda2eab-7c9c-4f97-9bfe-e7d4421e52d2,2275041,FA Women's Super League,2019/2020,0
45442aaa-f3ee-463a-b2bd-7027b82a499c,2275041,FA Women's Super League,2019/2020,0
b2d7b58d-d35f-4b19-94fe-3b1c2d082bf9,2275041,FA Women's Super League,2019/2020,0
dce75d11-b4bf-4204-8493-5f4c9d828a7d,2275094,FA Women's Super League,2019/2020,0
56ddc3eb-0f65-42e6-9e38-56fde99c76e8,2275094,FA Women's Super League,2019/2020,0
ae584b7f-b8d2-4867-ac28-4d29a82d1a17,2275094,FA Women's Super League,2019/2020,0
8c6c4da3-db6c-4599-9019-5a5f71977d93,2275094,FA Women's Super League,2019/2020,0
055957b1-db8d-41ca-a861-31281ed1ee2f,2275094,FA Women's Super League,2019/2020,0
6ae5b8c1-45b1-4166-9b06-df970845fd68,2275094,FA Women's Super League,2019/2020,0
ee6dfb11-4835-479b-89d7-7b3d8373f087,2275094,FA Women's Super League,2019/2020,0
2ca1504a-85b2-43b8-ad84-925f156bc158,2275094,FA Women's Super League,2019/2020,0
30b89bbc-d788-4aa0-8082-7c236ab2199d,2275094,FA Women's Super League,2019/2020,1
7e6c5dc4-24b5-4086-9459-e2c81d944ddd,2275094,FA Women's Super League,2019/2020,0
4058b165-a746-42b6-852e-d536b6a27a3c,2275094,FA Women's Super League,2019/2020,0
d96da627-6b3f-4289-a408-e6c2f5f91715,2275094,FA Women's Super League,2019/2020,0
4dc97c30-6f88-4b75-be84-10bd600b430a,2275094,FA Women's Super League,2019/2020,0
55ffe3f7-4b60-4c5d-8726-8c0476f15926,2275094,FA Women's Super League,2019/2020,0
73f125be-b24b-49ef-a722-07f91d6b9a8c,2275094,FA Women's Super League,2019/2020,0
11c92eec-23a7-44a5-b9af-8d82fb0d4b48,2275094,FA Women's Super League,2019/2020,0
48bd145e-cf79-4d13-8f31-d0bb1cc9cbb8,2275094,FA Women's Super League,2019/2020,0
d2f9deb6-e381-42aa-8d24-5f0240fbcc0b,2275094,FA Women's Super League,2019/2020,0
7c39ec64-b595-40d9-8976-81271c26d9a3,2275094,FA Women's Super League,2019/2020,0
a38a2968-7b68-4589-bcbf-15ed53249e16,2275094,FA Women's Super League,2019/2020,0
79bacec1-43ae-4470-b7af-76b2c6a70f25,2275094,FA Women's Super League,2019/2020,0
0a7e11ff-ecc9-4933-8e22-d6a3828768e3,2275094,FA Women's Super League,2019/2020,0
f7261435-2c0b-4e74-9370-7f6bac70cc66,2275094,FA Women's Super League,2019/2020,0
8a90f162-a973-454b-adf7-e5b799c9986b,2275094,FA Women's Super League,2019/2020,0
b0827215-a4ba-4dfb-a220-c6167916c424,2275094,FA Women's Super League,2019/2020,0
19adb9f2-750a-4d1e-b364-974d0f5adeaa,2275094,FA Women's Super League,2019/2020,0
a057ba1d-15f1-443b-bc96-4e49ceafb599,2275106,FA Women's Super League,2019/2020,1
b23973ed-df79-4c7f-8422-4d39a4fea91d,2275106,FA Women's Super League,2019/2020,0
d48448ce-2887-4bc5-a7f0-79d47af0322e,2275106,FA Women's Super League,2019/2020,0
6f685ee1-7269-48fd-9502-54a6cc70e771,2275106,FA Women's Super League,2019/2020,0
a1d6494f-d4cc-4493-95fa-b67cfc9f693a,2275106,FA Women's Super League,2019/2020,0
e6bc86c7-d4b8-4c54-9dae-c74ed3068ea0,2275106,FA Women's Super League,2019/2020,0
6a171405-8253-401c-9662-75808bc984e7,2275106,FA Women's Super League,2019/2020,0
cec9c91b-878b-4985-9715-37bc4ea26d88,2275106,FA Women's Super League,2019/2020,0
bbb11e61-26cb-4bd7-9056-0aafd377765b,2275106,FA Women's Super League,2019/2020,0
d8432267-a674-4eb8-941f-3ce5d271d438,2275106,FA Women's Super League,2019/2020,0
aeb105eb-c8c0-49a4-8d68-cf5cef4f6188,2275106,FA Women's Super League,2019/2020,0
b64bc69b-ccdc-4fdc-ac6a-b0d66fec1ca7,2275106,FA Women's Super League,2019/2020,0
ed7be4be-6af0-4d9e-9383-9c1b104b2720,2275106,FA Women's Super League,2019/2020,0
2333e7bf-9db8-4609-ba18-19884f1802fc,2275106,FA Women's Super League,2019/2020,0
dec3ada8-e033-4ac7-a7a0-f740dcbb0609,2275106,FA Women's Super League,2019/2020,0
0b71c2a1-bfe6-40d1-b55b-22fd54855aab,2275106,FA Women's Super League,2019/2020,0
9499715d-686f-44a8-8252-ba9597debfd4,2275106,FA Women's Super League,2019/2020,0
efb99160-2ee1-450c-be4f-db029dd517b6,2275106,FA Women's Super League,2019/2020,0
3d64f975-715e-4140-84b4-a671aa02449c,2275106,FA Women's Super League,2019/2020,0
236ee28d-9620-4c05-a0ce-85511f074c18,2275106,FA Women's Super League,2019/2020,0
fdad7f71-c1ce-487c-abcf-c572f8a63b7b,2275073,FA Women's Super League,2019/2020,0
ba077cac-0a08-4366-adaa-c3b1ef5bc772,2275073,FA Women's Super League,2019/2020,0
297c4e95-30f6-42ea-b73e-2fb7897d176c,2275073,FA Women's Super League,2019/2020,0
ee332463-5ac3-47ed-8c6f-cb89b82bed3a,2275073,FA Women's Super League,2019/2020,0
21f1aea6-7b39-4c84-b72d-e1054a08ff5a,2275073,FA Women's Super League,2019/2020,0
dc89c4ec-22bc-4f2b-b1ae-c177d17fa2ca,2275073,FA Women's Super League,2019/2020,0
ac6d57e8-5748-4912-a245-4691eb99e46d,2275073,FA Women's Super League,2019/2020,0
1f4e384e-8be3-4487-9338-fec45ce06a43,2275073,FA Women's Super League,2019/2020,0
2f267dff-4e52-46f0-8d28-fd74fa001540,2275073,FA Women's Super League,2019/2020,0
f476b754-1dea-4984-ae7c-de7bbdf78510,2275073,FA Women's Super League,2019/2020,0
2d6dfdea-5ffd-48d5-90c9-043ee9972ce8,2275073,FA Women's Super League,2019/2020,0
83f0577c-7e29-4bdb-b76f-5c317b74309a,2275073,FA Women's Super League,2019/2020,0
b32f1043-4092-4daa-9743-6ec5a5bb3316,2275073,FA Women's Super League,2019/2020,0
d9fd62f7-6447-4b91-9433-e8f4f4e7b9a6,2275073,FA Women's Super League,2019/2020,1
1192a978-7333-458e-9729-b2e10c128d81,2275073,FA Women's Super League,2019/2020,0
cd2f48b7-4d01-4b75-a21a-d618a5ba61db,2275073,FA Women's Super League,2019/2020,0
edec279c-1050-42ab-b5e6-8b36e9671196,2275073,FA Women's Super League,2019/2020,0
0b9dbfcd-36ae-44c5-9b46-22a78ed80127,2275073,FA Women's Super League,2019/2020,0
6b9db602-9ec8-4a9b-b0f6-1d68cd363142,2275073,FA Women's Super League,2019/2020,0
005c75d2-08cc-40fd-a832-806cc070f028,2275073,FA Women's Super League,2019/2020,0
545c397d-6c61-47c1-a957-edc8193c3357,2275073,FA Women's Super League,2019/2020,1
fa7dbde8-3a70-41ef-9e68-091229933457,2275073,FA Women's Super League,2019/2020,1
e62514c9-afa9-458b-946e-651d5578e4e5,2275073,FA Women's Super League,2019/2020,0
d8018dff-8609-4349-af5b-e48844a8ba6d,2275073,FA Women's Super League,2019/2020,0
6f50db85-8dcb-4cc0-9dca-4f53a4eae203,2275073,FA Women's Super League,2019/2020,0
40be7ac3-5023-4eb1-a43d-61c67904a148,2275073,FA Women's Super League,2019/2020,0
5008ccff-cb9f-49b1-ba3a-060bf09a273f,2275038,FA Women's Super League,2019/2020,0
e5237af2-40dd-4b74-b660-4d9dc59b90be,2275038,FA Women's Super League,2019/2020,0
ca16236f-6385-4374-aa33-ef07641763b7,2275038,FA Women's Super League,2019/2020,0
89331e32-4e4a-40a6-9d29-0a6c5b80af58,2275038,FA Women's Super League,2019/2020,0
7b816d15-7581-42a6-a215-0404da846dac,2275038,FA Women's Super League,2019/2020,1
c9437f12-d971-451a-afff-daced3bf7c97,2275038,FA Women's Super League,2019/2020,0
8ddebdd3-6421-433f-aa4d-62857babf464,2275038,FA Women's Super League,2019/2020,0
a1a2e281-e51b-40a8-b650-7638709a868a,2275038,FA Women's Super League,2019/2020,0
11a79585-7966-4686-8989-3bbcafe434bc,2275038,FA Women's Super League,2019/2020,0
36ba6b7f-4061-4ec3-898d-e409ee020033,2275038,FA Women's Super League,2019/2020,0
cef766fd-b924-415a-a62c-350475890cef,2275038,FA Women's Super League,2019/2020,1
d0c3b806-1b19-49cb-8e06-35a077c3b5e3,2275038,FA Women's Super League,2019/2020,0
56956383-44f9-4ea7-9037-8cdc7008b5cb,2275038,FA Women's Super League,2019/2020,0
081b4101-e205-48f9-b2e5-a1329b59d8e2,2275131,FA Women's Super League,2019/2020,0
19183292-4555-498b-94f4-5733317b6f33,2275131,FA Women's Super League,2019/2020,0
b739b1b4-7d9c-45c8-9a21-52be888b1453,2275131,FA Women's Super League,2019/2020,0
4c158952-6a2b-4787-952a-b8d14bb3d222,2275131,FA Women's Super League,2019/2020,0
bb364df3-a8df-4965-9f7a-db394f5947e1,2275131,FA Women's Super League,2019/2020,0
1fda7c10-5f38-4457-ac70-f0333fb2775b,2275131,FA Women's Super League,2019/2020,0
5a78ef8b-3b15-492f-9405-302b58dbbc75,2275131,FA Women's Super League,2019/2020,0
6c3fc7a5-8ada-4617-9f69-f53929bf4c3e,2275131,FA Women's Super League,2019/2020,0
d479290f-3f2f-488d-9b12-2840270c6bc2,2275131,FA Women's Super League,2019/2020,0
c1de8e50-5f82-40ee-ac06-59ea9f917488,2275131,FA Women's Super League,2019/2020,0
ce7072f7-3037-4863-bf09-e70e5baff2b4,2275131,FA Women's Super League,2019/2020,0
7afe8a43-8356-42ef-b3e5-1f061998e53b,2275131,FA Women's Super League,2019/2020,0
a02f3fc5-cc43-4761-8b9a-00a1d8e7d7f5,2275131,FA Women's Super League,2019/2020,0
35309b43-b9dc-4c7d-87a6-40b056370c80,2275131,FA Women's Super League,2019/2020,0
cfe077a9-4a0f-439a-b805-e615e68adb92,2275131,FA Women's Super League,2019/2020,0
a98e32a2-44db-4f71-b8a5-df593fcefd6e,2275131,FA Women's Super League,2019/2020,0
c9a5c503-0b04-4654-96f1-e8e91f534199,2275131,FA Women's Super League,2019/2020,0
2b0c1c01-7430-40e4-9206-47b812fc182f,2275131,FA Women's Super League,2019/2020,0
4258cc0f-dca0-460a-9c88-13560d3f742e,2275131,FA Women's Super League,2019/2020,0
a7d19a0b-a79e-4531-b1cd-4ab3a3b14cfc,2275131,FA Women's Super League,2019/2020,0
fed10031-df08-4a21-b83a-a5530b96aa24,2275131,FA Women's Super League,2019/2020,0
eeee6c7b-16c7-4af3-b7a7-7d3af8f671f1,2275131,FA Women's Super League,2019/2020,0
88dea950-39f9-4a6d-b2bf-c6d4bca416c3,2275131,FA Women's Super League,2019/2020,0
7ea9278b-d438-4d72-a339-7692b259a5bd,2275131,FA Women's Super League,2019/2020,0
b72b2240-382f-42d9-aef2-43ee8c24d33c,2275131,FA Women's Super League,2019/2020,0
7c94c1f1-a1c3-4b38-87a5-9f58ce189fdd,2275131,FA Women's Super League,2019/2020,0
9d8ca197-83ec-48d4-8b58-4a5408f9890d,2275131,FA Women's Super League,2019/2020,0
4e13acdd-3f12-4a6e-98d0-0aea12974195,2275131,FA Women's Super League,2019/2020,0
a5c91cad-4e90-4f55-a371-0e24b83c9b19,2275131,FA Women's Super League,2019/2020,0
2d0cb61a-e5ea-441f-b4d8-2d4357ba20f0,2275131,FA Women's Super League,2019/2020,0
4e0c4efa-710a-4801-9429-0ea932c55921,2275131,FA Women's Super League,2019/2020,0
bf307555-815e-4907-8183-4ea02fe4f6c9,2275062,FA Women's Super League,2019/2020,0
dbebfa1a-3f70-4853-a181-777353dd43d5,2275062,FA Women's Super League,2019/2020,0
a87cd16c-183c-4bd4-a2fd-24c7e0f164cc,2275062,FA Women's Super League,2019/2020,1
cdb0dbf6-03c5-4f3f-ace4-7118f3830a38,2275062,FA Women's Super League,2019/2020,0
a72db966-6886-429c-a09f-3a92c782fa8b,2275062,FA Women's Super League,2019/2020,1
5741abb9-f1ad-44fe-b439-1717c5d909d0,2275062,FA Women's Super League,2019/2020,1
65a3931d-53d8-4ab0-98fe-85392b5d2feb,2275062,FA Women's Super League,2019/2020,0
3b214eaf-12ee-44d1-ab2d-6f22c528a0e8,2275062,FA Women's Super League,2019/2020,0
db78b990-4d9b-4c6d-8f25-e0220e227266,2275062,FA Women's Super League,2019/2020,1
34118e5b-0de2-4471-bc97-4c2e1fa479c9,2275062,FA Women's Super League,2019/2020,0
0f7c23fc-9a9c-4b21-bf9a-2746f7ba407f,2275062,FA Women's Super League,2019/2020,0
a7b33663-5820-4f43-979a-07c01cd1bdbd,2275062,FA Women's Super League,2019/2020,0
93f86be9-756b-4a38-8ea5-50695a4e9c11,2275062,FA Women's Super League,2019/2020,1
7955e425-d0fa-44c9-b6a9-a2bb2b1d3295,2275048,FA Women's Super League,2019/2020,0
a1ae130e-f4df-4a44-90df-27e265da6543,2275048,FA Women's Super League,2019/2020,0
72762e26-c2a8-47af-bd08-bc96fc0b09fa,2275048,FA Women's Super League,2019/2020,0
9f5b051a-cb5d-46bb-8797-933a879a5c7e,2275048,FA Women's Super League,2019/2020,0
85fbc8b5-78a3-4a04-acd4-5acb9ad32118,2275048,FA Women's Super League,2019/2020,0
4ed0c35e-9ce4-4a16-bd9b-cdc5d4b604c0,2275048,FA Women's Super League,2019/2020,1
966f29bc-c0ec-424f-a24b-bc5df2a4622f,2275048,FA Women's Super League,2019/2020,0
8dce8bf2-18c6-4379-b7b9-3fb58c18c385,2275048,FA Women's Super League,2019/2020,0
968ccc04-008f-4dcb-b04e-8c07f46f141f,2275048,FA Women's Super League,2019/2020,0
fcb50471-9b41-4219-8f07-a6409cf11781,2275048,FA Women's Super League,2019/2020,0
78490315-7e31-4c8c-819e-49b6dd4fd66a,2275048,FA Women's Super League,2019/2020,0
bbd18dc2-c532-4fcf-bfc2-68e2495586a5,2275048,FA Women's Super League,2019/2020,0
ab3e1a64-7f6a-436b-82e4-37005218c31a,2275048,FA Women's Super League,2019/2020,0
152cd9e4-7ecd-487a-bff8-322afc5feec1,2275048,FA Women's Super League,2019/2020,0
efd4fa32-964a-4f2f-9708-746602091385,2275048,FA Women's Super League,2019/2020,0
046452ed-719a-42f3-8088-aaf9c1872f7f,2275048,FA Women's Super League,2019/2020,0
165f8ead-b45a-446c-8616-8cf3616053b4,2275048,FA Women's Super League,2019/2020,0
d9ba4122-495e-40c9-98b1-a9f74b5b5339,2275048,FA Women's Super League,2019/2020,0
fef0c3e2-27a8-4664-af20-378ce4192405,2275048,FA Women's Super League,2019/2020,0
abfcc393-fba0-4b92-9983-527fbf1d3ef3,2275048,FA Women's Super League,2019/2020,0
5815465b-50d7-4270-aea8-1c280f0c4c7a,2275048,FA Women's Super League,2019/2020,0
67f1f1b0-0b6b-415a-bb1b-97175d248a7a,2275048,FA Women's Super League,2019/2020,0
30cd04d6-1130-438d-9e1f-127d798addc6,2275048,FA Women's Super League,2019/2020,0
ee00236b-c259-40af-8ad9-5bb1e43ecd6c,2275048,FA Women's Super League,2019/2020,1
0ae9707a-b532-4478-98d3-6a3f17ca6d2d,2275048,FA Women's Super League,2019/2020,0
3ca19ac6-f3d2-4c90-ac42-9afe0616dbb8,2275048,FA Women's Super League,2019/2020,0
09c3e828-8d48-45e1-8c5f-78b82e0ddc54,2275121,FA Women's Super League,2019/2020,1
e06a11e7-bf10-45c0-ab65-7ebd3a15d984,2275121,FA Women's Super League,2019/2020,0
0c9c9821-ebdf-47dd-8dc6-0e0f0bb081d5,2275121,FA Women's Super League,2019/2020,0
deec7f9e-cb89-4314-80c3-d93760963897,2275121,FA Women's Super League,2019/2020,0
bc69d2b6-d32d-4010-bc62-41f3f3b3913b,2275121,FA Women's Super League,2019/2020,1
26749582-267b-4d58-aae0-d5f7b188685d,2275121,FA Women's Super League,2019/2020,0
f229191f-9f14-4d04-b8b0-ce6032aef733,2275121,FA Women's Super League,2019/2020,0
2501d9ec-d5e1-49c8-81e3-3639a7c493eb,2275121,FA Women's Super League,2019/2020,1
6c3f6046-88d5-462d-abcb-74fad9655455,2275121,FA Women's Super League,2019/2020,0
9d7a7a76-99d0-4eaf-828d-501c7afc56fd,2275121,FA Women's Super League,2019/2020,1
bfb525d8-5410-4a8e-82d7-b161631bf194,2275121,FA Women's Super League,2019/2020,0
8a098e4c-e8f4-40f3-a83b-c153571d1105,2275121,FA Women's Super League,2019/2020,0
4af4984e-3f59-4152-9f02-66e07b8d0102,2275121,FA Women's Super League,2019/2020,0
25c6b7e0-b03f-4a83-8554-01c28e4d4fba,2275121,FA Women's Super League,2019/2020,0
ff878552-ce25-42bb-b4b1-0a6848dfb997,2275121,FA Women's Super League,2019/2020,0
1d81a536-b8d6-4cb4-bdd0-97a9d96a303d,2275065,FA Women's Super League,2019/2020,0
a108a71b-14d1-46a1-9bf0-d687e20de5ef,2275065,FA Women's Super League,2019/2020,0
753c0431-1d66-4b0d-b832-d9ca53e34a29,2275065,FA Women's Super League,2019/2020,0
b9a9c5f0-7612-4c9f-8369-0f9e89ac2461,2275065,FA Women's Super League,2019/2020,0
3cb3a61c-8eef-4a1b-b2c3-f39732be1abe,2275065,FA Women's Super League,2019/2020,0
3cf7323b-6ec8-428f-90c9-af952135f3c6,2275065,FA Women's Super League,2019/2020,0
2d5792be-35e2-437f-88cd-468b7dfbe8ab,2275065,FA Women's Super League,2019/2020,0
42315918-2c08-4dfd-9838-ecb2ac5494b4,2275065,FA Women's Super League,2019/2020,0
cb8912c2-ef68-48ff-8ece-92eae01e984f,2275065,FA Women's Super League,2019/2020,1
0fd7bb5e-016a-4c22-b6c2-ab4d0a6932be,2275065,FA Women's Super League,2019/2020,0
a4c39c68-164b-40b9-a4a2-dfc40c40d627,2275065,FA Women's Super League,2019/2020,0
67181158-cbf8-4bc4-bae5-529ae68f096e,2275065,FA Women's Super League,2019/2020,0
f6358fda-976f-421d-9c67-4b7612e1440b,2275065,FA Women's Super League,2019/2020,0
6c73ce78-bb26-4de6-be63-c8517ad668e0,2275065,FA Women's Super League,2019/2020,0
654af4c0-a2c8-4777-8b29-4eb545c985c4,2275065,FA Women's Super League,2019/2020,0
366b4be3-a1da-4fd7-9b4d-6debfdcedeca,2275065,FA Women's Super League,2019/2020,1
3f3ad986-91d0-4799-9caa-a77c2f85829f,2275065,FA Women's Super League,2019/2020,0
a631fe72-93e6-44d4-97cd-70561f103e6b,2275065,FA Women's Super League,2019/2020,0
011df429-3f23-44be-9777-081d6d0ee55d,2275065,FA Women's Super League,2019/2020,0
365723fc-8692-4fd3-a8ed-88b988014322,2275065,FA Women's Super League,2019/2020,0
c3d6fd70-6e58-4d17-8d96-b93d3dc525b8,2275079,FA Women's Super League,2019/2020,0
9593ec46-a2b1-4e27-8a76-76265eba86dc,2275079,FA Women's Super League,2019/2020,0
f9fe4125-895d-4322-9ce0-4726309a3925,2275079,FA Women's Super League,2019/2020,0
fee47913-f99d-4f10-9a8d-bcec21fc53e5,2275079,FA Women's Super League,2019/2020,0
332a53cd-4442-4f2b-a102-1fde6a90109d,2275079,FA Women's Super League,2019/2020,0
3480d2fd-b396-4c02-b4c9-3182606e4323,2275079,FA Women's Super League,2019/2020,1
e0cb02f5-fc28-4ab8-8a3e-4e690e2cfd2b,2275079,FA Women's Super League,2019/2020,0
bce59a2a-166a-426a-8bfb-2771d97194f1,2275079,FA Women's Super League,2019/2020,0
7ea542cd-4f49-46f4-8267-99284093eb40,2275079,FA Women's Super League,2019/2020,0
9b5f6233-fad3-4371-802a-b264d0b2ab07,2275079,FA Women's Super League,2019/2020,0
e55a949a-1a44-4a7f-ad50-257ca53c90bd,2275079,FA Women's Super League,2019/2020,0
33ffa2c0-47d2-443c-a31d-18139d4c38bc,2275079,FA Women's Super League,2019/2020,0
a31a51f4-ce78-4d60-868b-f56c0f0d13a9,2275079,FA Women's Super League,2019/2020,0
996b3098-4506-4133-b369-58ec64420b76,2275079,FA Women's Super League,2019/2020,0
cac06623-0998-477f-ac97-814f53cef173,2275079,FA Women's Super League,2019/2020,0
77f647e2-626c-4b01-8131-7223763192dc,2275079,FA Women's Super League,2019/2020,0
018f01cf-4242-46c2-a668-cf1d9d7d4926,2275079,FA Women's Super League,2019/2020,0
9842bd91-b935-486d-898b-04242158ee74,2275079,FA Women's Super League,2019/2020,0
fef95b1f-279d-47e4-8e28-845e21e50e5e,2275079,FA Women's Super League,2019/2020,0
872acf1d-977e-4aff-991f-1d3915a0848c,2275079,FA Women's Super League,2019/2020,0
4ebcdbd0-29fd-43f6-b9b3-886634a1ee89,2275079,FA Women's Super League,2019/2020,0
3281b26d-3d3d-4e71-9e9f-9066f2b1dc73,2275079,FA Women's Super League,2019/2020,0
255e962a-85e4-488f-9320-26cf61aaa63d,2275079,FA Women's Super League,2019/2020,0
5287dcd8-a1d9-4c42-894b-7602f0938ce7,2275103,FA Women's Super League,2019/2020,0
e845693d-2ac4-4261-8379-d60ae0249194,2275103,FA Women's Super League,2019/2020,0
37b594d7-35f1-4df8-8640-7a01833a6bc4,2275103,FA Women's Super League,2019/2020,1
f9561730-43d7-4430-80fa-53af357fabd6,2275103,FA Women's Super League,2019/2020,0
3f83a621-f156-4d14-9b69-47a27409f4ed,2275103,FA Women's Super League,2019/2020,0
2d680819-fe53-4593-8497-06df37d15e3b,2275103,FA Women's Super League,2019/2020,0
65d57ffb-71c8-44fb-b945-6bce2f1a2933,2275103,FA Women's Super League,2019/2020,0
2f5bee2d-3568-43cb-81dc-408f84774bec,2275103,FA Women's Super League,2019/2020,0
a56626a6-ba17-48b3-9e98-4dfb813d9a79,2275103,FA Women's Super League,2019/2020,0
788bd190-b344-41ca-b5c1-d2cb60f67e3d,2275103,FA Women's Super League,2019/2020,0
d3b9569c-ad77-4f22-9f62-84f72a127923,2275103,FA Women's Super League,2019/2020,0
7d59ab03-1bbe-4fcc-b1c4-8d40c3850bda,2275103,FA Women's Super League,2019/2020,0
16e95c61-1570-402b-b75e-1ac84ea49265,2275103,FA Women's Super League,2019/2020,0
4e912b2d-658c-480b-a444-c62474629d4d,2275103,FA Women's Super League,2019/2020,0
f26cc747-ba8d-49a6-9ce2-244b55522a0b,2275103,FA Women's Super League,2019/2020,0
8405ff8b-bbd5-4b6a-8400-774975c50852,2275103,FA Women's Super League,2019/2020,0
89ea0d2d-b83d-4a30-9325-d6ec3054af97,2275103,FA Women's Super League,2019/2020,0
072a6433-ebb6-4b19-b9d8-d1b55acf7ccb,2275103,FA Women's Super League,2019/2020,0
e5d6c81a-4ba7-4063-82c6-ea93d23a4dbc,2275103,FA Women's Super League,2019/2020,0
e336be89-f958-4ab0-ad45-4373350cea77,2275103,FA Women's Super League,2019/2020,0
4f13f7c3-f33c-477b-94b9-978a300f8a9b,2275103,FA Women's Super League,2019/2020,1
85951593-271b-4e14-98ea-7ff6b071b5f1,2275103,FA Women's Super League,2019/2020,0
2a8a13b3-ce94-4795-876b-e622c92070a1,2275103,FA Women's Super League,2019/2020,0
092face1-5017-47b4-beda-881d4a259023,2275103,FA Women's Super League,2019/2020,0
02a5e5f5-2141-4959-92a8-93ec73c6cbad,2275103,FA Women's Super League,2019/2020,0
91fc9d0d-84ec-46ef-9673-efd1c5636faa,2275103,FA Women's Super League,2019/2020,0
806da01f-8a79-482f-948c-56c18efb1b77,2275140,FA Women's Super League,2019/2020,0
8c629297-fcfd-4bba-ae10-09de4164e21f,2275140,FA Women's Super League,2019/2020,1
b978ea0f-97a1-42e9-9b6b-ab2e85a7be59,2275140,FA Women's Super League,2019/2020,0
86fe45b7-46f1-4dae-8e49-330e422c9fe8,2275140,FA Women's Super League,2019/2020,0
e94181fb-27e6-4c9c-9ec8-021a47eaad88,2275140,FA Women's Super League,2019/2020,0
c6b9ecbc-f6f1-48e8-8f54-17a5aa98f31d,2275140,FA Women's Super League,2019/2020,0
6acf54cd-2f80-4964-a6a6-797f1ece87c1,2275140,FA Women's Super League,2019/2020,1
643dcddc-bc29-456d-9ee1-8aaa14e1d80d,2275140,FA Women's Super League,2019/2020,0
9a81978b-b39d-4820-a932-654b070dd553,2275140,FA Women's Super League,2019/2020,0
a17798c5-7409-42f6-bd79-ac3ce95aac9b,2275140,FA Women's Super League,2019/2020,0
8205388f-d55a-45ab-bae7-e63cc817822a,2275140,FA Women's Super League,2019/2020,0
085d094a-1c44-435f-a95a-7612096b01fe,2275140,FA Women's Super League,2019/2020,0
1553313e-b5ca-4f6c-86dc-d0d628f68c9f,2275140,FA Women's Super League,2019/2020,0
1549e3d9-2e6d-4aa3-a0b8-7c637aa6a323,2275140,FA Women's Super League,2019/2020,0
1f7cef87-b624-4731-8115-486b3c2ef598,2275140,FA Women's Super League,2019/2020,0
208d6cc4-9432-43f2-abf9-dc0006921b15,2275140,FA Women's Super League,2019/2020,1
6c85d4ec-94a5-4efb-9e79-819cd1949c1f,2275140,FA Women's Super League,2019/2020,0
e76463df-98ff-48e7-8eb6-7a297ee36e24,2275140,FA Women's Super League,2019/2020,0
d420a246-02dc-47b4-8347-0f8d0f2e527f,2275140,FA Women's Super League,2019/2020,0
7b1bf24c-c560-4d67-878c-319d4d1d0577,2275126,FA Women's Super League,2019/2020,0
b324a181-a313-46cf-81ac-e26b8cf6590c,2275126,FA Women's Super League,2019/2020,0
8b3d9e44-68a0-4759-9490-c3712aa18d41,2275126,FA Women's Super League,2019/2020,0
7095086a-bf2f-49fb-a7f7-565cad8c4343,2275126,FA Women's Super League,2019/2020,1
d90ec574-44a3-46d5-9148-83c236cad085,2275126,FA Women's Super League,2019/2020,0
ea8af116-c670-493e-bdef-03d4ca862a1f,2275126,FA Women's Super League,2019/2020,0
422bca10-a165-425f-9621-402e7545fb7d,2275126,FA Women's Super League,2019/2020,1
091aeb74-21ff-4694-8852-c37f2bded936,2275126,FA Women's Super League,2019/2020,0
9ba09074-650e-4049-9076-6142d3c66092,2275126,FA Women's Super League,2019/2020,0
9a251496-ef12-4a8d-9b24-8eed4424753c,2275126,FA Women's Super League,2019/2020,0
bf448da9-9ecd-4440-99e0-90e949dfb7b4,2275126,FA Women's Super League,2019/2020,0
0a756fc9-64db-4410-a0ee-dac416397565,2275126,FA Women's Super League,2019/2020,0
5a2401f6-d8d0-4176-b2c1-73602edd0966,2275126,FA Women's Super League,2019/2020,0
f9ba2464-679a-48ce-8389-86b9c12b82d9,2275126,FA Women's Super League,2019/2020,0
0a2f9e9b-b860-4e44-ba0e-e99729e031dd,2275126,FA Women's Super League,2019/2020,0
7329a40e-3139-4f5f-a478-3fdb2a2dbc14,2275126,FA Women's Super League,2019/2020,1
d6c90e66-faa4-429e-b83d-f1e5acd9e0aa,2275126,FA Women's Super League,2019/2020,0
06c1782d-7ce5-4c29-a48e-e9d3e85f5c67,2275126,FA Women's Super League,2019/2020,0
f8e380eb-84a1-44d2-903e-ee92af5adaac,2275126,FA Women's Super League,2019/2020,0
deea5c3c-c75d-41f7-8cd7-e8b73d4ac2a6,2275126,FA Women's Super League,2019/2020,0
f6840df4-fb62-4178-9232-f4babba14095,2275126,FA Women's Super League,2019/2020,0
61d7024e-e3c2-4369-8587-b233d51082f8,2275126,FA Women's Super League,2019/2020,0
add9489a-c1f5-4ec1-829b-af169bbd327e,2275126,FA Women's Super League,2019/2020,0
fe7ea1ac-0dcb-4cd7-8b65-475594f2c5b0,2275126,FA Women's Super League,2019/2020,0
3b1e7898-4eac-4a07-aa53-70228847d77c,2275126,FA Women's Super League,2019/2020,0
f42bf3f3-46f4-4360-bbbb-6354cc34a2e2,2275126,FA Women's Super League,2019/2020,0
9335a52d-c8fc-43ae-9681-871411efa8f1,2275126,FA Women's Super League,2019/2020,0
a505f67c-d589-4b55-9a8f-a0acd9997549,2275126,FA Women's Super League,2019/2020,0
6a5c4165-8181-4a03-a335-07fb5d6b9e38,2275126,FA Women's Super League,2019/2020,0
2ac27a35-c80e-409b-ab91-fad14be4cc44,2275126,FA Women's Super League,2019/2020,0
a97a7bc9-b66c-42ce-8ac1-bd1c0c8133b1,2275102,FA Women's Super League,2019/2020,0
4eb771c8-ca86-47c8-917b-0ea77ee23550,2275102,FA Women's Super League,2019/2020,0
93c89ff8-77de-429b-9e73-8a5488c09a84,2275102,FA Women's Super League,2019/2020,0
bb727536-7ad8-4606-830c-b113c696fb73,2275102,FA Women's Super League,2019/2020,0
ef68ce65-98f1-4707-ad8f-c9a4b8a970e2,2275102,FA Women's Super League,2019/2020,0
7d117c3f-30b3-456b-8639-f61f3d4b6d06,2275102,FA Women's Super League,2019/2020,1
199c1eff-6bbb-4cb7-b51e-91c132ee59f4,2275102,FA Women's Super League,2019/2020,0
162bfb65-999e-4331-a07d-19fbc0c30a71,2275102,FA Women's Super League,2019/2020,0
6ad91e00-d7cb-441e-b879-0a67fdcbb01f,2275102,FA Women's Super League,2019/2020,1
004f4b0b-2cdc-4fd1-84e2-6cb2cacf1a81,2275102,FA Women's Super League,2019/2020,0
011f4840-f338-4a15-80ef-d12f9c4ce128,2275102,FA Women's Super League,2019/2020,0
c65c1e4c-fd30-45ac-9a7b-0855326dff42,2275102,FA Women's Super League,2019/2020,0
c28b0ef1-a553-41cf-a37c-17a7ad4a497e,2275102,FA Women's Super League,2019/2020,0
e15f3389-e043-416b-89f8-5d85ae3bab38,2275102,FA Women's Super League,2019/2020,0
e9bff427-f891-4537-829c-ea077a1c7ac5,2275102,FA Women's Super League,2019/2020,0
a7ba38ae-7f40-4324-a0fc-c0499274ed2b,2275102,FA Women's Super League,2019/2020,0
00549d0c-ee16-4931-a735-76599dbb4844,2275102,FA Women's Super League,2019/2020,0
8c7f8500-f376-4013-ae09-5a8cf632e14d,2275102,FA Women's Super League,2019/2020,0
d04ac241-3699-4590-b7b9-9aeed0d9d40f,2275102,FA Women's Super League,2019/2020,0
b1ac2784-2a37-482f-9775-65597b8a6e85,2275102,FA Women's Super League,2019/2020,0
5c6a70fc-8f27-42e7-944f-3920c5472052,2275102,FA Women's Super League,2019/2020,0
8421203b-c2fe-417c-b17d-8138e2871fe5,2275102,FA Women's Super League,2019/2020,0
7f8f8294-0ed0-44ce-a06d-a59ac9fbc3a4,2275102,FA Women's Super League,2019/2020,0
bcedaf9c-af8c-4c03-8f23-8773a352cf06,2275102,FA Women's Super League,2019/2020,0
8429ad6f-a628-4b14-a39b-246ad5b96632,2275102,FA Women's Super League,2019/2020,0
cec4b5b2-775b-428d-be4c-c7d9343075dd,2275102,FA Women's Super League,2019/2020,0
d410e3c7-eb49-43f8-a94c-f70a9e78b4b9,2275102,FA Women's Super League,2019/2020,0
c2617532-426c-402a-86ab-664925d27f05,2275102,FA Women's Super League,2019/2020,0
9e32b26a-fc46-4fdc-b391-555a1c34565b,2275102,FA Women's Super League,2019/2020,1
7ded04bb-1f3f-4919-9b4b-9d8611473df6,2275109,FA Women's Super League,2019/2020,0
951aba85-694c-4dd4-9d2b-a50bad91fa45,2275109,FA Women's Super League,2019/2020,0
305d4d37-736d-4bd0-b702-27d3b7d11acb,2275109,FA Women's Super League,2019/2020,0
34402984-de11-4ec1-96e1-bf33c903e545,2275109,FA Women's Super League,2019/2020,0
79d6e155-410c-4552-9021-851445ccf06f,2275109,FA Women's Super League,2019/2020,0
0c63ff0c-c7a0-4b02-ae3d-e983496e282e,2275109,FA Women's Super League,2019/2020,0
4837d34a-3418-433c-b026-553c52f2a29b,2275109,FA Women's Super League,2019/2020,0
56b27f6e-5c8f-44f2-98fd-298356ac868f,2275109,FA Women's Super League,2019/2020,0
1ee5a260-4c24-46c1-ad07-8b42c36032d6,2275109,FA Women's Super League,2019/2020,1
480f49e5-aeef-4f1e-9d03-015cade85b65,2275109,FA Women's Super League,2019/2020,0
7bcdb9d9-1f4e-4feb-b719-acc82a03639f,2275109,FA Women's Super League,2019/2020,0
79aa7060-2f53-42c3-881b-0a8326268fd8,2275109,FA Women's Super League,2019/2020,0
77b12d77-59f7-415d-9a7f-8143d1099dd3,2275109,FA Women's Super League,2019/2020,0
495c948d-cdae-4acb-b941-015841383326,2275109,FA Women's Super League,2019/2020,0
efc6bce3-3d3f-4b87-89e4-1fe70b09cea4,2275109,FA Women's Super League,2019/2020,0
6e5a1839-880f-47d6-b4ab-669a52e67d17,2275109,FA Women's Super League,2019/2020,0
9868d440-7914-4d78-a11b-3081f49fd237,2275109,FA Women's Super League,2019/2020,0
62860da3-590d-4303-be69-cd63d4ba389a,2275109,FA Women's Super League,2019/2020,0
e8f62a89-00b3-4f22-b597-159e92fa0bb3,2275109,FA Women's Super League,2019/2020,1
3e9db5e7-e67e-48d9-aafb-90a6e90e0cfa,2275109,FA Women's Super League,2019/2020,0
d6afaba7-aa0a-41ed-b80b-70a653727b8e,2275109,FA Women's Super League,2019/2020,0
2f24f1cb-eea9-419f-a75d-355a918d841c,2275109,FA Women's Super League,2019/2020,0
1a61e338-8dc2-4715-8d4d-02205663fade,2275109,FA Women's Super League,2019/2020,0
18a941fa-925c-4863-9e64-265a7373dde0,2275091,FA Women's Super League,2019/2020,0
8be3002f-ce6f-431c-ba35-d2eab3e5bd87,2275091,FA Women's Super League,2019/2020,0
271a20b5-1ab0-48dd-96cf-34a90c935c5f,2275091,FA Women's Super League,2019/2020,0
0b2cfa9d-86d2-4094-8ac1-9cf4ad9a7dc1,2275091,FA Women's Super League,2019/2020,0
2a3e88e1-cc82-405b-84fc-4169cf0d3e58,2275091,FA Women's Super League,2019/2020,0
55b38b04-d805-4e4b-8e64-3076fa1471f9,2275091,FA Women's Super League,2019/2020,0
fbd6a32b-4674-4d0f-86d9-e6b8389260d0,2275091,FA Women's Super League,2019/2020,0
12349424-e6af-49d9-bfc4-195d461a0024,2275091,FA Women's Super League,2019/2020,0
37d02cd0-abe5-43a6-864c-6f9dba32f461,2275091,FA Women's Super League,2019/2020,0
67f473bf-df13-4d42-a41d-738f070ff36a,2275091,FA Women's Super League,2019/2020,0
e839fb83-4ae1-428a-98f1-6ec076f3286c,2275091,FA Women's Super League,2019/2020,0
8a9637de-8a1e-4c52-ae3d-14ca2e8127ff,2275091,FA Women's Super League,2019/2020,0
fdb87427-13d4-4038-b6f5-6fa84dadacfa,2275091,FA Women's Super League,2019/2020,0
8b3c1677-f9cb-45ef-8bf5-acc273fd9ee7,2275091,FA Women's Super League,2019/2020,0
a1d2d1ed-2b05-4168-b0a4-a2786450a1eb,2275091,FA Women's Super League,2019/2020,0
b82d66eb-89f1-487c-ac35-2a9a3dcdb00b,2275091,FA Women's Super League,2019/2020,0
3edd0dae-2fc4-4fec-8d88-71b96af3e72f,2275091,FA Women's Super League,2019/2020,0
bbd2773b-39f3-46ac-9b6c-60d34459525d,2275091,FA Women's Super League,2019/2020,0
bf311728-4e99-4c4c-8593-159f2b12a3b0,2275091,FA Women's Super League,2019/2020,0
7bd1d4bb-fbca-4a0b-aa94-a2aadaa4824c,2275091,FA Women's Super League,2019/2020,0
c1a3a77f-6014-4d30-8ed6-8ba2a787aba5,2275091,FA Women's Super League,2019/2020,0
681cb4ca-487a-4c74-839f-3b79ad4a25fe,2275091,FA Women's Super League,2019/2020,0
53c62255-a5c8-475e-8011-15133f4d284f,2275091,FA Women's Super League,2019/2020,0
839b8216-3bfd-40a8-8dec-4dc4dfeb6a84,2275091,FA Women's Super League,2019/2020,0
0bd861f9-69b2-4cf2-b80f-04513b8343bc,2275091,FA Women's Super League,2019/2020,0
5901699d-84b5-4e43-9efa-2d821de43666,2275091,FA Women's Super League,2019/2020,0
c9c64bff-6cbe-48e8-93b7-5eeea0e3a533,2275091,FA Women's Super League,2019/2020,0
a2f79755-54cb-4563-a7e5-7da3abb13963,2275091,FA Women's Super League,2019/2020,0
0a90a9b1-1767-4593-8576-d70ad465481f,2275030,FA Women's Super League,2019/2020,0
a2f7eabf-8adf-43ad-bcb3-b001dec54acb,2275030,FA Women's Super League,2019/2020,0
f13659cd-0a85-4a94-95d3-84a7ffa6449e,2275030,FA Women's Super League,2019/2020,0
51a44b56-8558-462d-9caf-ae7724015a0d,2275030,FA Women's Super League,2019/2020,0
ba06007d-0371-45cb-b844-473f06f1013c,2275030,FA Women's Super League,2019/2020,0
e5674c13-6b4d-462a-b0cd-5d47ba1a01e9,2275030,FA Women's Super League,2019/2020,0
84f73e25-7256-478e-96ed-505f3f58887e,2275030,FA Women's Super League,2019/2020,0
cb21acf9-09ee-4419-952e-a49ad48435b8,2275030,FA Women's Super League,2019/2020,0
6dda1e07-c3ef-4e1d-b544-c62205f59142,2275030,FA Women's Super League,2019/2020,0
ebc1b339-0efa-4e95-9479-90b0b6a38810,2275030,FA Women's Super League,2019/2020,0
50ccacf9-c446-444f-8dcf-62f2a675fda1,2275030,FA Women's Super League,2019/2020,0
d1e265ee-ccc6-4a0d-98b0-004d1f63d84e,2275030,FA Women's Super League,2019/2020,0
045da4bb-f723-4172-a045-5a49da50689b,2275030,FA Women's Super League,2019/2020,0
8c9c7628-990e-4c5f-ab2e-bbd54da860da,2275030,FA Women's Super League,2019/2020,0
e08f425a-dcca-490b-8247-ad2f26696dfc,2275030,FA Women's Super League,2019/2020,0
2cb5ead5-ae26-4364-8c5c-0ea65dd2cb66,2275030,FA Women's Super League,2019/2020,0
4fc9ad15-9cc0-4a18-b236-3fd566d8601e,2275030,FA Women's Super League,2019/2020,0
c952e837-940f-43dd-970a-68caa78108c9,2275133,FA Women's Super League,2019/2020,0
a1b938b0-03bb-45fc-b2ab-8f3536b300f0,2275133,FA Women's Super League,2019/2020,1
8110af9e-39ab-40e9-8fa8-26dbfe37ddd8,2275133,FA Women's Super League,2019/2020,0
68e51fca-b7c1-4344-8a74-0fd0ad8d11b9,2275133,FA Women's Super League,2019/2020,1
6bce4c9a-f117-4c1a-bf8c-372a648a1cdc,2275133,FA Women's Super League,2019/2020,0
73401e59-22a2-4416-8862-a4f919f2b098,2275133,FA Women's Super League,2019/2020,0
4d02ea6f-0cac-4318-802c-7c25ecb678b2,2275133,FA Women's Super League,2019/2020,0
be3fa8c1-4da9-432e-8d73-84451f05c5b0,2275133,FA Women's Super League,2019/2020,0
c3230724-1721-4f08-bfbc-cb8f13fd48a4,2275133,FA Women's Super League,2019/2020,0
f1c3361b-b47d-4d49-976b-659f6df59615,2275133,FA Women's Super League,2019/2020,0
b1aff4d3-dc62-46b4-8ad8-44b401af7d89,2275133,FA Women's Super League,2019/2020,0
111c4197-0518-49c7-94cb-e0e304c48dfb,2275133,FA Women's Super League,2019/2020,1
89c5244d-6fa0-494f-8199-80ecc97e8581,2275133,FA Women's Super League,2019/2020,0
bd2f7ccc-ba07-4070-8bbc-b55439c54d06,2275133,FA Women's Super League,2019/2020,0
ddf18579-db97-4372-a397-e63a21384b4e,2275133,FA Women's Super League,2019/2020,1
7292c4dc-b678-49f4-942c-e43fb9ed57fd,2275133,FA Women's Super League,2019/2020,0
ec86f68d-c1a9-4a3a-8535-6a978eb6d3c0,2275133,FA Women's Super League,2019/2020,0
70ad3c69-3318-4083-bbbd-45fad3c8621b,2275133,FA Women's Super League,2019/2020,1
a3489dac-0821-4e28-b21a-dc2440610b9d,2275133,FA Women's Super League,2019/2020,0
a71918d4-426e-4764-9d24-186707b2d2fe,2275133,FA Women's Super League,2019/2020,0
57f85522-421a-4a6b-9316-a5b6e91994c7,2275133,FA Women's Super League,2019/2020,0
788ef0a4-e549-40b5-bf3b-083e16cd79ca,2275133,FA Women's Super League,2019/2020,0
cfe81725-c5bd-43ab-bd29-38130f07a5c6,2275133,FA Women's Super League,2019/2020,0
31001df7-86dc-4fff-aa28-4adcd64e8bc1,2275133,FA Women's Super League,2019/2020,0
9b1ca278-93bd-4f35-bbd4-5d185bc72c73,2275133,FA Women's Super League,2019/2020,1
1125080b-6fba-403f-9737-b8e27f968571,2275133,FA Women's Super League,2019/2020,0
d298b3be-1043-4c8a-93ef-0d2fa9f7443b,2275133,FA Women's Super League,2019/2020,0
b53d6a47-8b2a-4b5b-b47b-ca654640f07e,2275083,FA Women's Super League,2019/2020,0
d252a9c1-5b98-4423-b5c0-99ac6d0a2ba0,2275083,FA Women's Super League,2019/2020,0
915c6bf7-26c9-47c8-adb7-38114ac82f2f,2275083,FA Women's Super League,2019/2020,0
bf1c5851-20ef-4cce-8b12-0a6c47a4fc1a,2275083,FA Women's Super League,2019/2020,0
c29052d2-cdc0-4ac9-9c73-93c532a68dd7,2275083,FA Women's Super League,2019/2020,0
01ccd032-a542-4bb0-9cc2-3b5d039b1e4b,2275083,FA Women's Super League,2019/2020,0
3db39b22-8352-449a-a63e-7fd96bc32f6d,2275083,FA Women's Super League,2019/2020,0
565efe7f-7252-4f32-ba64-4c6c958e811f,2275083,FA Women's Super League,2019/2020,0
1f6638e8-ec5b-489b-999a-7d17d83d7179,2275083,FA Women's Super League,2019/2020,0
819c0019-3d42-432e-82d1-12179a0a09b6,2275083,FA Women's Super League,2019/2020,0
d3f92c86-7410-48bc-bd6d-9eda24c52f55,2275083,FA Women's Super League,2019/2020,1
c57f3d91-2d68-4ddb-8c48-3a50c277a814,2275083,FA Women's Super League,2019/2020,0
ae2703e9-c1cc-4722-b374-5967983d6967,2275120,FA Women's Super League,2019/2020,0
5bf0c196-677f-4df9-90ba-44df21f4f81d,2275120,FA Women's Super League,2019/2020,0
5b9dc019-08de-4500-afab-c4d5ed9443f0,2275120,FA Women's Super League,2019/2020,0
c908aa22-ed1a-48ec-8f37-53dfe240d12f,2275120,FA Women's Super League,2019/2020,0
9ad4d5b7-917c-434f-a099-d54260201864,2275120,FA Women's Super League,2019/2020,0
e5bb4208-e6f1-4c90-ba93-40f13153a984,2275120,FA Women's Super League,2019/2020,0
2b955af8-92f2-43fb-ad27-fad1ce80104b,2275120,FA Women's Super League,2019/2020,0
4c37469d-c5cb-4236-8192-00b8fbe1ab36,2275120,FA Women's Super League,2019/2020,0
82c8d32c-b90e-452f-9f4c-d1c011fb5914,2275120,FA Women's Super League,2019/2020,0
12792424-f916-4b5e-8913-9a125661ba09,2275120,FA Women's Super League,2019/2020,0
dfb17a21-9d2d-4285-b31d-f7a7a6ecb287,2275120,FA Women's Super League,2019/2020,0
1d8e264c-7fad-42c4-8dec-95b4e580a378,2275120,FA Women's Super League,2019/2020,0
2e5bf2db-24d1-45f5-96a2-c043952491d5,2275120,FA Women's Super League,2019/2020,0
913aa3a5-a059-4776-8e8d-79cfba0a060b,2275120,FA Women's Super League,2019/2020,0
2b67bf9e-95d4-4a00-ad2b-bc5617ecbe40,2275120,FA Women's Super League,2019/2020,0
1d011f6b-0e43-4cae-b61d-1d549eb771a4,2275120,FA Women's Super League,2019/2020,0
5d6ee422-ffaa-43f0-a330-57381db6750b,2275120,FA Women's Super League,2019/2020,0
e6a2c4e7-df3e-4d36-90bd-9225b811fe68,2275120,FA Women's Super League,2019/2020,0
5c759441-0427-46ee-8e64-46506dfd9524,2275120,FA Women's Super League,2019/2020,0
8a11a7fb-ce0d-46ab-968a-80429e86f99b,2275120,FA Women's Super League,2019/2020,0
7625fce2-e107-40d3-85bc-bea6be4df960,2275120,FA Women's Super League,2019/2020,0
faba94c3-aec8-4553-bcb9-7029db4ecad9,2275120,FA Women's Super League,2019/2020,0
bf796909-fc1d-408b-ab4f-f5671f2d5bd3,2275120,FA Women's Super League,2019/2020,0
1f1da868-1768-45e7-bce0-73549c7d3cfb,2275120,FA Women's Super League,2019/2020,0
026f5cd4-fce6-4340-9e18-efe27147c168,2275120,FA Women's Super League,2019/2020,0
cac681ab-3bc8-4f12-a5a9-7861b1983fde,2275120,FA Women's Super League,2019/2020,0
a4d55a02-54b3-4c20-8aa5-773a90bb7a85,2275028,FA Women's Super League,2019/2020,0
c3a313ed-6461-47bc-a19e-06e48b95e1d7,2275028,FA Women's Super League,2019/2020,0
dff27b49-b759-484f-af26-d16419882222,2275028,FA Women's Super League,2019/2020,0
62cea53a-9904-4225-9a32-cfff555de719,2275028,FA Women's Super League,2019/2020,0
e7a093a4-277e-4258-846f-a811a05def01,2275028,FA Women's Super League,2019/2020,1
8e22dadb-93d7-4747-adf5-376ee30eb24f,2275028,FA Women's Super League,2019/2020,0
ae01d350-c325-4cca-8e84-36d17fa40d10,2275028,FA Women's Super League,2019/2020,0
581bd623-dd06-4e0d-a94c-8160c2686ee1,2275028,FA Women's Super League,2019/2020,1
f1ed2cff-6003-4248-8395-46be648c7f55,2275028,FA Women's Super League,2019/2020,0
cf8644f2-7dce-41d4-9f47-cb812051dd58,2275028,FA Women's Super League,2019/2020,0
e81299e5-2cbe-4f61-ad0d-a8e86f38b2ff,2275028,FA Women's Super League,2019/2020,0
1ce58ba7-bc75-4363-8437-29ab1b3d15cf,2275028,FA Women's Super League,2019/2020,0
6f2cc523-fd01-42be-9deb-aaf4f0c461ca,2275028,FA Women's Super League,2019/2020,0
635fe2ea-24e5-43b2-873c-2292c21c9c54,2275028,FA Women's Super League,2019/2020,1
67e88009-f425-4ef0-aa05-e719b2576d1c,2275028,FA Women's Super League,2019/2020,0
4e2c6bad-76b4-49e0-bd0a-80619f8216ff,2275028,FA Women's Super League,2019/2020,0
be559071-7d87-456c-b557-ef300c7ccea5,2275086,FA Women's Super League,2019/2020,0
fef93dc8-f592-4a73-8a9f-28a31dbd7479,2275086,FA Women's Super League,2019/2020,0
d991dd14-72a2-4c94-ba87-c74e700c9157,2275086,FA Women's Super League,2019/2020,0
972bbab2-00d2-44e5-8ee3-c1c303a1e346,2275086,FA Women's Super League,2019/2020,0
7ea98f5d-c648-444b-af02-21fc36008d2f,2275086,FA Women's Super League,2019/2020,1
854809b1-7016-4f09-ad48-2becb2945faf,2275086,FA Women's Super League,2019/2020,0
dfbe87cd-7c66-4844-8cc4-52921b7cb244,2275086,FA Women's Super League,2019/2020,0
ce1961fa-0a73-4f8d-a30f-b6ec306046e5,2275086,FA Women's Super League,2019/2020,0
924aace2-caa6-4bcf-8b94-6ce817ac22ae,2275086,FA Women's Super League,2019/2020,1
1c8fbdbc-2aa6-48db-a029-949ff3459ec1,2275086,FA Women's Super League,2019/2020,0
f1f8e649-0e2d-420f-9ff2-ee8bc220f19c,2275086,FA Women's Super League,2019/2020,0
308089a4-7681-4e56-afe7-4ff305a26c45,2275086,FA Women's Super League,2019/2020,0
2fc9ea2c-15fa-47e2-a747-606b9f124b92,2275086,FA Women's Super League,2019/2020,0
d2a91f73-badf-4363-80af-f4e26e271434,2275086,FA Women's Super League,2019/2020,0
9cb66694-5b88-4fb7-800d-d9fd4c601a6e,2275086,FA Women's Super League,2019/2020,0
f4f54737-4ff0-4816-83f3-bc739dbe4aba,2275086,FA Women's Super League,2019/2020,0
d25050f5-83d6-4ea2-afc7-708ac5dfafd6,2275086,FA Women's Super League,2019/2020,0
cff40c6f-6b56-406a-81b8-aa0059b8d17e,2275086,FA Women's Super League,2019/2020,0
cde6ef53-fe8a-44d1-a35a-f78369634b06,2275086,FA Women's Super League,2019/2020,0
d7dc0b33-7501-4f6e-a5fd-d13bc1794571,2275086,FA Women's Super League,2019/2020,0
5b902cd3-8f2e-44f8-9810-30dff6a7d5ce,2275086,FA Women's Super League,2019/2020,0
2c47487a-4ffb-401b-a61e-b5c9edfafbad,2275086,FA Women's Super League,2019/2020,0
44007a69-3bee-4c1b-bc98-90959010dbc2,2275086,FA Women's Super League,2019/2020,0
b479535f-1bec-4fc3-a72e-6bf649e55a47,2275086,FA Women's Super League,2019/2020,0
b653e477-3688-48b6-becd-8e7631636b4a,2275086,FA Women's Super League,2019/2020,0
a3bd51ca-58a6-4d87-969f-d7cf39720abc,2275086,FA Women's Super League,2019/2020,0
d89643a9-f673-4add-a9b8-7f1ff5b79edd,2275086,FA Women's Super League,2019/2020,0
ee1ab014-bcc7-4e59-b9d0-abcbf7855cf3,2275086,FA Women's Super League,2019/2020,1
74691c7a-d1c2-4dd9-bcb8-8eea9f94eac0,2275086,FA Women's Super League,2019/2020,0
2c671ac6-c3de-4576-a286-fa81686a5366,2275056,FA Women's Super League,2019/2020,0
565fe018-0c9f-49aa-992b-9bb1d5c9e8f6,2275056,FA Women's Super League,2019/2020,0
ca7dea7c-2332-4558-adb2-38edf6127283,2275056,FA Women's Super League,2019/2020,0
1510f992-a4f5-4dba-b7b9-594099712f3e,2275056,FA Women's Super League,2019/2020,0
31a39027-64d2-4ef2-8d82-6c528491a5b1,2275056,FA Women's Super League,2019/2020,0
886d0c39-5951-4672-a4fb-77a2081d480d,2275056,FA Women's Super League,2019/2020,0
ce6937b7-ed52-40f7-8efc-5c0ef2f410bb,2275056,FA Women's Super League,2019/2020,0
4574033c-3485-408b-9487-d23906ade435,2275056,FA Women's Super League,2019/2020,0
a0d172fd-f481-43a3-af49-57276377b4af,2275056,FA Women's Super League,2019/2020,0
4e09b408-b329-4d1a-bbdb-7240ea493c26,2275056,FA Women's Super League,2019/2020,0
c828d880-ef38-4f2f-bb65-1acabb7db902,2275056,FA Women's Super League,2019/2020,0
0ad6fd4c-cd9b-4319-8caa-7e66273b9150,2275056,FA Women's Super League,2019/2020,1
32ed596b-c31c-4da8-a9e0-2914cabab22a,2275056,FA Women's Super League,2019/2020,0
d5ab551f-5d21-4a0a-bfba-308959133a69,2275056,FA Women's Super League,2019/2020,0
8d1d83e2-c150-4130-927d-88a7f3204745,2275056,FA Women's Super League,2019/2020,0
31155cd3-9d99-4b00-b190-fbb28abe75dc,2275056,FA Women's Super League,2019/2020,0
2c5d535a-c49e-4453-be2f-9c2d748749ff,2275056,FA Women's Super League,2019/2020,0
9035ddb8-ad5e-4d6d-a538-9caf3d409115,2275056,FA Women's Super League,2019/2020,0
12d69561-dd97-434e-b1fa-93182fd73776,2275056,FA Women's Super League,2019/2020,0
7240f3a4-3870-41ce-bad1-a1e31270f296,2275056,FA Women's Super League,2019/2020,0
417bec81-5e78-4756-917d-156b6e80896c,2275056,FA Women's Super League,2019/2020,0
facb979d-a8c4-4533-8827-dcdbeb885380,2275056,FA Women's Super League,2019/2020,0
d51ec2c7-a10a-4d95-945b-85ab6db8b317,2275056,FA Women's Super League,2019/2020,0
444964c5-eddf-45e4-bd01-c61fe6602f02,2275056,FA Women's Super League,2019/2020,0
0e0e16f4-8255-4e6e-8600-97f78b4448c0,2275056,FA Women's Super League,2019/2020,0
323b6278-cdc1-49e3-b227-6441853f6f3c,2275056,FA Women's Super League,2019/2020,0
33522fc4-81f2-4c45-afec-60aa608ad1c3,2275056,FA Women's Super League,2019/2020,0
87a4a2b2-8e11-4db2-8ddf-3e9b9f4cdfdd,2275056,FA Women's Super League,2019/2020,0
b2894fc6-2448-4fd9-906c-9479084d8c79,2275074,FA Women's Super League,2019/2020,0
40a5529c-d183-4f4a-9b7f-4ffefeb2e3f3,2275074,FA Women's Super League,2019/2020,0
1eb47f2b-cb02-47c1-bbdc-f9eb685bfafd,2275074,FA Women's Super League,2019/2020,0
6439a1dc-a4fd-4ad8-8720-fdcb6a3feea7,2275074,FA Women's Super League,2019/2020,0
787a9253-2c45-4818-8b2b-3215cc247904,2275074,FA Women's Super League,2019/2020,0
2173eb9d-2b04-4682-a93f-e93a6a35939c,2275074,FA Women's Super League,2019/2020,0
c89c25e6-f784-40e7-a704-91e044945feb,2275074,FA Women's Super League,2019/2020,1
e17b57a9-2c37-4be4-8592-5eb0bdc1375d,2275074,FA Women's Super League,2019/2020,0
2ec17d71-0f22-432c-9754-2158d733c3d3,2275074,FA Women's Super League,2019/2020,0
2c4fb63c-130e-4c7f-b8e8-408203c1c03a,2275074,FA Women's Super League,2019/2020,0
b4887e45-006e-4cac-b5e2-c200d1152fd8,2275074,FA Women's Super League,2019/2020,0
70730649-db49-4cf9-91a9-52b9d3b9e132,2275074,FA Women's Super League,2019/2020,0
a4ae68ce-db3b-4758-8c9b-8e94b0702c21,2275074,FA Women's Super League,2019/2020,1
bde33667-3ac4-4387-b450-435010f8da46,2275074,FA Women's Super League,2019/2020,0
96aff273-5268-484a-8bf3-9116fa27f6a5,2275074,FA Women's Super League,2019/2020,0
93037d4d-5a4d-46d1-bc7d-9cd07bce4840,2275074,FA Women's Super League,2019/2020,0
c652042c-4ecd-429c-869c-0a5e3e526706,2275074,FA Women's Super League,2019/2020,0
4edba264-6215-4a28-ad7a-c92ee80640b3,2275074,FA Women's Super League,2019/2020,0
65019543-578b-492c-8a76-42f9b3e2ca4d,2275074,FA Women's Super League,2019/2020,0
ee39959c-b9cf-4267-9338-08d01f23cfea,19770,FA Women's Super League,2018/2019,0
f18649c7-f7c4-4c7c-9423-cf8698b0d526,19770,FA Women's Super League,2018/2019,0
7bf7a330-2217-4fe2-8783-01f47fe77c2c,19770,FA Women's Super League,2018/2019,0
3c8100e8-de1a-4131-9612-d60d6379468b,19770,FA Women's Super League,2018/2019,1
08682de9-a1f3-44fd-9a79-93c86078915f,19770,FA Women's Super League,2018/2019,0
bf98f9a8-f8c6-49be-b690-a17c7e73387e,19770,FA Women's Super League,2018/2019,0
973ab7dc-8718-4a7a-a9be-c34b0f2b3ac1,19770,FA Women's Super League,2018/2019,0
0b2b94df-6c2d-4160-89cd-b5f86be6a290,19770,FA Women's Super League,2018/2019,0
47d0bc83-9aac-4a35-8f4e-ffca1acbdb80,19770,FA Women's Super League,2018/2019,0
2ee28dce-b471-492a-b51a-dba80bd87c19,19770,FA Women's Super League,2018/2019,0
fff16680-df1c-4a3d-ad8f-2bf54848ff5c,19770,FA Women's Super League,2018/2019,0
35dfc041-7042-455e-8667-8a9af64a3f82,19770,FA Women's Super League,2018/2019,0
e02933ed-2e10-46ab-bbbf-e8626c583c9c,19770,FA Women's Super League,2018/2019,0
efaa18c6-79d6-435c-a6e2-f5e44591c433,19770,FA Women's Super League,2018/2019,0
d5fb03c3-ac77-4e0d-b0d7-dbb815b37037,19770,FA Women's Super League,2018/2019,0
ec977c5f-af51-400f-80ba-bff78571478a,19770,FA Women's Super League,2018/2019,0
01a5bc85-8078-496b-a721-74d413588fc8,19770,FA Women's Super League,2018/2019,0
47f763a7-a20a-4afc-a8fd-28e6c4476655,19770,FA Women's Super League,2018/2019,0
673a9471-1585-445a-a3b9-42e09a21b89b,19770,FA Women's Super League,2018/2019,1
de350bc4-2e15-40be-bf86-9e741cfe61a4,19770,FA Women's Super League,2018/2019,0
cdd7907f-36f2-417a-91b7-6aac0fb1e247,19770,FA Women's Super League,2018/2019,0
721116f1-3782-4d2c-b465-db1fd47014a1,19770,FA Women's Super League,2018/2019,0
6ebcaf69-4c79-407a-8793-77ca5ea40591,19770,FA Women's Super League,2018/2019,0
d177bd1e-bdc3-4e49-ae0d-6d24662e0ea6,19770,FA Women's Super League,2018/2019,0
4041b0d1-f547-40fc-a9ac-f5db8c10a054,19770,FA Women's Super League,2018/2019,0
240d00ee-bb36-4991-8db8-d8a4e3d24401,19770,FA Women's Super League,2018/2019,0
0de4d4c0-de54-44d5-a957-eb727d8c4946,19820,FA Women's Super League,2018/2019,0
f8f4d89d-b647-4316-9d78-ca55d6453057,19820,FA Women's Super League,2018/2019,0
d0f98d05-4cd0-477c-a079-62c1d69471ad,19820,FA Women's Super League,2018/2019,0
847f0d85-c92c-4569-877c-9e4a56a97a2c,19820,FA Women's Super League,2018/2019,1
d7700e33-5971-436e-a4ad-5cb621f0cd22,19820,FA Women's Super League,2018/2019,0
df2a7d49-1fae-4d39-8f9c-ac8c018c1ab7,19820,FA Women's Super League,2018/2019,0
02baef36-be48-486d-82ea-13a0a8d6535e,19820,FA Women's Super League,2018/2019,0
f50e380a-2946-4334-b5d1-07b9e880ec8b,19820,FA Women's Super League,2018/2019,0
1cb2b26a-3cd3-443c-b8b2-cba274475a0b,19820,FA Women's Super League,2018/2019,0
572619e8-ce56-4252-bd37-bb3bcde7ce82,19820,FA Women's Super League,2018/2019,0
7dd2536f-54a9-4695-84b3-684f790b619f,19820,FA Women's Super League,2018/2019,0
f959811a-ac35-4b32-b42f-3d5650b742aa,19820,FA Women's Super League,2018/2019,0
763fa550-0889-4046-8e29-73ef61cdf501,19820,FA Women's Super League,2018/2019,0
44e8b967-f1b0-40b4-baf6-f9e294c7f0ee,19820,FA Women's Super League,2018/2019,0
62757bb9-604d-4c16-89ec-c29e386499d8,19820,FA Women's Super League,2018/2019,0
6f4c2439-b7d9-495a-95a5-44453935cbb3,19820,FA Women's Super League,2018/2019,1
514571ba-062a-4126-a79d-9f6eed909983,19820,FA Women's Super League,2018/2019,1
d8c66929-cc6f-4c33-9025-588e545c897a,19820,FA Women's Super League,2018/2019,0
53364196-301f-4449-b902-cd107fc3478a,19820,FA Women's Super League,2018/2019,1
720c0770-df93-4f92-b5d1-f1aa6ce84c81,19820,FA Women's Super League,2018/2019,0
648258b5-c9ad-4eac-bd07-592e24cbeb4b,19820,FA Women's Super League,2018/2019,0
af647c25-6d73-47e2-a2ac-28043b81bfd8,19820,FA Women's Super League,2018/2019,0
9ff99aaf-0bcf-4c20-9f60-6eee98f19152,19820,FA Women's Super League,2018/2019,0
f4f55a59-b1e3-47e1-a6c7-bbea925a1fb3,19820,FA Women's Super League,2018/2019,1
b314b67c-4d2e-406b-bcb7-9cc98525c17a,19820,FA Women's Super League,2018/2019,0
54a69322-5280-4ed6-9c12-bc758eb6d602,19820,FA Women's Super League,2018/2019,0
b7174db1-1ec7-4224-ab25-cb3420c4575f,19820,FA Women's Super League,2018/2019,0
07710571-a3b2-49e3-ad90-5bc60656cdaa,19820,FA Women's Super League,2018/2019,0
66528227-8f3a-45b0-9f01-6c85766e2478,19820,FA Women's Super League,2018/2019,0
607b9a0a-bdf7-46bf-a7bf-7a984b226a26,19820,FA Women's Super League,2018/2019,0
29425e3b-ea6c-439e-9f13-81ac11eb4f7c,19820,FA Women's Super League,2018/2019,0
dd3491a8-4310-48ec-917f-8852485cd0f0,19820,FA Women's Super League,2018/2019,0
adb3b7d9-0ab9-4bab-894f-6430b91589cc,19772,FA Women's Super League,2018/2019,0
e4ba8ae5-9cfd-44bb-bc20-738a1579730d,19772,FA Women's Super League,2018/2019,0
ccbff58e-828e-4d90-9b69-5b2b681b87ba,19772,FA Women's Super League,2018/2019,0
dbfcf2d7-6ac9-4c1e-afdc-e77136e47d54,19772,FA Women's Super League,2018/2019,0
313aaa03-c19a-411f-9577-021e0a65c422,19772,FA Women's Super League,2018/2019,0
995d3916-843e-48b0-848c-dd0ea3cfa94e,19772,FA Women's Super League,2018/2019,0
19cbfd3e-97e4-43dc-bb7d-4164b3597a34,19772,FA Women's Super League,2018/2019,0
b7e9ff2d-ed69-4af9-ba17-f853d060e8dc,19772,FA Women's Super League,2018/2019,0
3cc8be34-b718-4285-9086-c95c6be2f3b0,19772,FA Women's Super League,2018/2019,0
5a5e68c7-84e1-47d0-b83c-91e127f94302,19772,FA Women's Super League,2018/2019,0
11ece3e0-f7ee-48ad-acb0-398a2d23f587,19772,FA Women's Super League,2018/2019,0
7e8e4d98-469c-470d-99f3-995dce0e26ce,19772,FA Women's Super League,2018/2019,0
91850960-eb8c-4b48-be1f-8358c818666a,19772,FA Women's Super League,2018/2019,0
ec2dab15-0467-4753-8af0-5357fc756dad,19772,FA Women's Super League,2018/2019,0
449af508-adc2-4f1f-82f6-cc685dbad575,19772,FA Women's Super League,2018/2019,0
7a84cdc3-77eb-40f2-ba3a-027f80800b02,19772,FA Women's Super League,2018/2019,1
1079695b-d630-4b04-946c-faca921719b4,19772,FA Women's Super League,2018/2019,0
9a990d20-687f-4572-882b-50226d9e698c,19772,FA Women's Super League,2018/2019,0
fafea0fe-997e-48da-a688-f19ea2926cc3,19772,FA Women's Super League,2018/2019,0
a37879c6-fc00-4948-aaf9-78b197de7854,19772,FA Women's Super League,2018/2019,0
5baebd18-09a4-41ae-b3f6-531017c48ac4,19772,FA Women's Super League,2018/2019,0
df8b0541-89f0-40d0-a291-feeae96ab05c,19772,FA Women's Super League,2018/2019,0
0d6fd725-21c9-47f3-ab62-9f7c69f7a69c,19772,FA Women's Super League,2018/2019,0
bbdd04dc-faff-490e-a180-59d39c31f538,19772,FA Women's Super League,2018/2019,0
33ffbaeb-4242-4e92-ae92-e3e2faa36153,19769,FA Women's Super League,2018/2019,0
8847b01f-068c-40f5-b667-652f5576d9cc,19769,FA Women's Super League,2018/2019,0
bbe3208c-e187-4e30-a6aa-308477452016,19769,FA Women's Super League,2018/2019,0
1d26f1d7-126f-47fb-b6a7-7ba6683c2d81,19769,FA Women's Super League,2018/2019,0
c5cee29b-1543-4246-b3b9-02b16021d636,19769,FA Women's Super League,2018/2019,0
4135d55d-e890-4795-b994-79267eefc63a,19769,FA Women's Super League,2018/2019,0
88cafb35-4dfa-41eb-8da8-e1a5a74688a4,19769,FA Women's Super League,2018/2019,0
764a17ca-df8f-4ae5-a040-3bd49be65bdc,19769,FA Women's Super League,2018/2019,0
6e056f6f-16e6-48e6-aa43-9b23df5ac7c7,19769,FA Women's Super League,2018/2019,0
b104e7c3-b341-4a96-854b-c79bd53f38a1,19769,FA Women's Super League,2018/2019,0
90f0d054-2287-4822-b2aa-8e806938f61c,19769,FA Women's Super League,2018/2019,0
7a8ef3b3-f0dc-4e08-aaed-384fac537594,19769,FA Women's Super League,2018/2019,0
11cc2f7b-6082-4650-9798-61d16cf83c6f,19769,FA Women's Super League,2018/2019,0
136b5aab-838d-44bd-88b0-616adffd5de0,19769,FA Women's Super League,2018/2019,0
7eee9d96-ac90-44fc-bb43-f168154a41dd,19769,FA Women's Super League,2018/2019,0
b62f1c03-3699-474a-96b1-4671bd8cb224,19769,FA Women's Super League,2018/2019,0
0394e33d-e4ad-40ba-887f-8026885b486d,19769,FA Women's Super League,2018/2019,1
14b5d56f-c4d4-41d8-8238-f683e4f3a8c0,19769,FA Women's Super League,2018/2019,0
87c9cbdc-018e-4b68-a29f-1414b3d8663e,19769,FA Women's Super League,2018/2019,0
9cb08877-b63d-4593-832d-41e104d2c784,19769,FA Women's Super League,2018/2019,0
277b5b99-87e2-40b4-bd63-5a34291550c6,19769,FA Women's Super League,2018/2019,0
bd0a2b30-7188-445b-8277-6d3cef09703e,19769,FA Women's Super League,2018/2019,0
db9c1aad-379b-4ff7-aff4-3b16245fb171,19769,FA Women's Super League,2018/2019,0
0035c64b-0c37-41e6-84df-3136dad135af,19746,FA Women's Super League,2018/2019,0
1a5af1d4-c96e-4e08-a8c9-7ae1df3fe5c5,19746,FA Women's Super League,2018/2019,1
0d5eb1a5-6700-4be9-af74-9d84b0093467,19746,FA Women's Super League,2018/2019,0
b2fc55bb-8b5b-46fc-9bbb-09534ca48599,19746,FA Women's Super League,2018/2019,0
5cc1517d-5378-4a81-bb1a-d37b048502e5,19746,FA Women's Super League,2018/2019,0
e0c6bf22-3515-4773-be2d-831a3a9733dc,19746,FA Women's Super League,2018/2019,0
de0c117e-7ec7-4999-8413-64e49b7b2e9e,19746,FA Women's Super League,2018/2019,0
3a802be5-3885-4231-bb92-56f9adaa733f,19746,FA Women's Super League,2018/2019,0
7dceb1a3-55cb-4216-90cb-82b75963fd8b,19746,FA Women's Super League,2018/2019,1
4275da83-a749-4f82-b47b-cc06353c8ecd,19746,FA Women's Super League,2018/2019,0
4c823b3c-785f-411d-afc3-6fcc75b702ae,19746,FA Women's Super League,2018/2019,0
5d97274d-9ae5-4079-868f-313d71c6f0f0,19746,FA Women's Super League,2018/2019,0
b3cec32e-2e42-4472-a9e7-33c535bac3e5,19746,FA Women's Super League,2018/2019,0
3bef7c02-20a0-46e0-a107-8b75283b6f58,19746,FA Women's Super League,2018/2019,0
848ce7e5-a313-4a13-8633-192760ec7bca,19746,FA Women's Super League,2018/2019,1
0c9a8169-714d-49d9-9219-19ce7f891c8c,19746,FA Women's Super League,2018/2019,0
65d5a3d7-c4b5-4867-91a6-c665b82487d4,19746,FA Women's Super League,2018/2019,0
a65a4435-685c-4455-8ab6-90d5f9ce5640,19746,FA Women's Super League,2018/2019,0
bccd43f4-992f-4900-a0da-b7ae0b56c097,19746,FA Women's Super League,2018/2019,0
95b731ba-5c3d-459e-8ca3-58fc7551908e,19746,FA Women's Super League,2018/2019,0
84c9ac57-98fb-45f6-b056-64666d33b10f,19746,FA Women's Super League,2018/2019,0
3e86494b-e04b-4554-9ea2-0a612edcecb5,19746,FA Women's Super League,2018/2019,0
34cf2ae3-80b5-43f3-bb3d-ce6107742e8c,19746,FA Women's Super League,2018/2019,0
8ce6e935-e3e9-4ac5-b00e-b4767a0e51c6,19746,FA Women's Super League,2018/2019,0
5a3bba91-518e-425c-b739-926be2919601,19746,FA Women's Super League,2018/2019,0
9b82eaa3-2048-4157-aa9a-eabeb4fa0ebe,7298,FA Women's Super League,2018/2019,0
25dace9c-6bf8-4ada-8a4f-bad0485141c9,7298,FA Women's Super League,2018/2019,0
5e58cab7-75c2-47f8-903c-2874de6ed5b0,7298,FA Women's Super League,2018/2019,0
624a8c1d-b775-4a4f-85e8-a516aed3f3a5,7298,FA Women's Super League,2018/2019,0
3f0fc8e9-a09f-480a-9396-132e1ca05ec5,7298,FA Women's Super League,2018/2019,1
5ec8ad61-9926-4aeb-886d-bb08893dcb8b,7298,FA Women's Super League,2018/2019,0
557d6915-da01-41b9-bbbe-3be813687981,7298,FA Women's Super League,2018/2019,0
13933d30-56e3-4900-b942-0ee01af8ed1f,7298,FA Women's Super League,2018/2019,1
36501ef3-8282-4688-b02b-2a4b2afd7c52,7298,FA Women's Super League,2018/2019,0
ed775af4-0882-44af-95f7-4ebabbaba854,7298,FA Women's Super League,2018/2019,0
23d74ba8-6e5d-4855-8b3a-81b310e9d35a,7298,FA Women's Super League,2018/2019,0
d054fa39-f8ca-4ad6-a67f-efc043fee907,7298,FA Women's Super League,2018/2019,0
ea3833bf-1f02-4fba-9b27-8a1ebc28d732,7298,FA Women's Super League,2018/2019,0
63832316-d642-49f7-b916-5dc798dddf5b,7298,FA Women's Super League,2018/2019,0
66621464-d935-45f5-93ff-08ff58d59695,7298,FA Women's Super League,2018/2019,0
c734bfe5-2180-4672-9c5f-b0eddb616bdc,7298,FA Women's Super League,2018/2019,0
7f753ce7-7844-4c3a-88ef-aea46bba3b30,7298,FA Women's Super League,2018/2019,0
62a616ea-6791-422c-af80-1683d22bb9f5,7298,FA Women's Super League,2018/2019,0
3279e6e0-c796-4871-aaaa-75344dc903b8,7298,FA Women's Super League,2018/2019,1
28c07afb-53b7-497f-9bb0-1c586c27e2de,7298,FA Women's Super League,2018/2019,0
f146cf33-7b53-433d-b8e5-febb0b76ceae,7298,FA Women's Super League,2018/2019,0
911822bd-a8de-484c-a50d-7e195234e02c,7298,FA Women's Super League,2018/2019,0
9908e8df-78de-4d0c-893e-2b63fbb74cb7,7298,FA Women's Super League,2018/2019,0
3694f1e9-a8f7-458a-b5ae-8c41290c4a61,7298,FA Women's Super League,2018/2019,0
67fe94ed-4bfb-4e04-8917-69a7309fad63,7298,FA Women's Super League,2018/2019,0
e5010659-cc4d-4e2c-b4f5-f80a6ebd1b01,7298,FA Women's Super League,2018/2019,0
35365588-1c8c-4684-a689-009baaa213eb,7298,FA Women's Super League,2018/2019,0
d72c23e0-18f0-45d5-803f-e965701661f2,7298,FA Women's Super League,2018/2019,0
12092a46-bc36-4f00-91f6-767ef8601ae1,7298,FA Women's Super League,2018/2019,1
aa61a970-412b-4047-9e83-7555142ca1c9,7298,FA Women's Super League,2018/2019,0
c712083a-caaa-4647-a000-90462b9c42a0,7298,FA Women's Super League,2018/2019,0
8f8e72de-35ea-4b3a-afbc-b481eb8a6dfd,7298,FA Women's Super League,2018/2019,0
6bb71b25-4cb6-4b85-ba5c-34421324df56,7298,FA Women's Super League,2018/2019,0
003b0566-1e1d-4acc-9808-8b9b88bab0fa,19778,FA Women's Super League,2018/2019,0
d78b5024-c498-48f3-8979-b72e575ac84b,19778,FA Women's Super League,2018/2019,1
c1513ed8-1176-418c-9757-6054ba01a51e,19778,FA Women's Super League,2018/2019,0
b1dd41e5-1bb7-4df8-b76d-5518106321d3,19778,FA Women's Super League,2018/2019,0
fddcb759-7704-45c0-b6c1-5b2cd167e0c3,19778,FA Women's Super League,2018/2019,0
28c02b0d-d157-4d2e-895a-d37fdd675be6,19778,FA Women's Super League,2018/2019,0
97f9c539-8f2a-42c2-ac8c-7aa1698fb152,19778,FA Women's Super League,2018/2019,0
a447fe38-1c3d-4bc0-a4a9-bf4dbc350071,19778,FA Women's Super League,2018/2019,0
33917cce-4488-4c5e-bfed-9ebadd96a85d,19778,FA Women's Super League,2018/2019,0
04c54be2-76a4-4f04-a835-79335e32295e,19778,FA Women's Super League,2018/2019,0
86bdf611-dac8-4c99-8370-395988ccf1d1,19778,FA Women's Super League,2018/2019,0
90b26446-8628-4d7c-87c5-b00ffe7b1c94,19778,FA Women's Super League,2018/2019,0
9746e9bd-9da4-4292-b5a2-7604d1fb618f,19778,FA Women's Super League,2018/2019,0
36ead1f3-2e1e-4006-bf24-aa3982a5d0af,19778,FA Women's Super League,2018/2019,0
ab7d5ef8-49bd-4f68-ad9e-2bf37846df6a,19778,FA Women's Super League,2018/2019,0
c0abeb85-84c5-44e4-99be-9317d077fd7f,19778,FA Women's Super League,2018/2019,0
e084a628-c061-4d0b-b5c1-c40868e2997b,19778,FA Women's Super League,2018/2019,0
cbc27b67-9029-4282-9bdf-85d18bef6bcf,19778,FA Women's Super League,2018/2019,0
b25d5c29-e458-4b15-916a-183682fcf700,19778,FA Women's Super League,2018/2019,0
6f27c885-3985-4982-a3da-2ab517f8de7e,19778,FA Women's Super League,2018/2019,0
5663e28c-296b-4e9a-9b06-acb32caf953b,19771,FA Women's Super League,2018/2019,0
aba3f91b-03df-49da-a055-18b1a62a1b9c,19771,FA Women's Super League,2018/2019,0
b25aa3aa-8aa3-4f1b-9464-4777e4f6fa1a,19771,FA Women's Super League,2018/2019,0
1f59cd9e-9723-498f-a497-b1aff0bc22a2,19771,FA Women's Super League,2018/2019,0
e7dbda2e-4389-46b4-958e-71f560ea3f93,19771,FA Women's Super League,2018/2019,0
e2f97644-7db2-492f-aa0f-52965f23b45a,19771,FA Women's Super League,2018/2019,0
3a75d386-3e10-420d-8ff1-631705b5dde3,19771,FA Women's Super League,2018/2019,0
f6d8d533-9000-492a-8064-94387936f8a7,19771,FA Women's Super League,2018/2019,0
2ccfc627-b0f1-4e4a-a291-f93e2fb8803d,19771,FA Women's Super League,2018/2019,0
1532193f-da5c-4b24-b391-1db8dfa5baa1,19771,FA Women's Super League,2018/2019,0
3b102f77-8b3c-4081-83ff-20bccd9602dd,19771,FA Women's Super League,2018/2019,0
f4d2311a-c176-4761-8e13-5cc626fb490f,19771,FA Women's Super League,2018/2019,1
39b94a7a-1273-4c5c-9042-e24d534fa3f0,19771,FA Women's Super League,2018/2019,0
f6ac9401-99d9-4213-8fe2-fd209213b7ca,19771,FA Women's Super League,2018/2019,0
649b213d-e933-46d4-be8b-91506b9cea20,19771,FA Women's Super League,2018/2019,0
a7a5cb35-725e-4ea4-971f-cad90838bb29,19771,FA Women's Super League,2018/2019,0
15273550-7c02-4894-827f-43e50896c574,19771,FA Women's Super League,2018/2019,0
61138ed6-7e66-448c-8403-b0e8eb213886,19771,FA Women's Super League,2018/2019,0
08a0d361-bcce-464c-ad93-7e736e092446,19771,FA Women's Super League,2018/2019,0
c468f39c-bb9b-4e96-a5d2-e8c5d31ec209,19771,FA Women's Super League,2018/2019,0
804e3a4b-b9a3-46c3-a03a-2312b98296b5,19771,FA Women's Super League,2018/2019,0
2853c5cd-6686-4218-832f-a3bc2d5550db,19771,FA Women's Super League,2018/2019,0
43065423-9df1-4fbd-b785-24a4e245274b,19771,FA Women's Super League,2018/2019,0
efa573c6-1cca-4c51-8e46-f848fa1b5c72,19771,FA Women's Super League,2018/2019,1
2204e139-0c3b-4299-b6e3-56f5684bc2a2,19771,FA Women's Super League,2018/2019,0
2cd5cb40-6bf2-45c7-9756-78c5ebf1cc8c,19771,FA Women's Super League,2018/2019,0
bc94387b-5f54-4af0-9a51-9aec280a3182,19736,FA Women's Super League,2018/2019,0
9055b461-5dda-4ff9-adeb-34141da8a9f1,19736,FA Women's Super League,2018/2019,0
b1c36fa4-fc8e-4512-9dac-2b0a9744c151,19736,FA Women's Super League,2018/2019,0
7849ab4c-7fb0-47c3-b98f-1cc6ae8ff7e3,19736,FA Women's Super League,2018/2019,0
c18b5622-d8f3-4fc1-9ba9-5f59ef486111,19736,FA Women's Super League,2018/2019,0
6a803bca-b750-4ae2-b838-030b339c4354,19736,FA Women's Super League,2018/2019,0
c23501a7-0635-43b7-841f-a759ccf6fe28,19736,FA Women's Super League,2018/2019,0
76d3ad84-6c2d-4922-8537-24de848e7676,19736,FA Women's Super League,2018/2019,0
82a7210d-973d-4fd8-883a-a31662fc4921,19736,FA Women's Super League,2018/2019,1
12509fe9-bc82-444f-a5a5-9865b4922e45,19736,FA Women's Super League,2018/2019,0
21d0588d-4d68-4359-82a5-cd329db5e346,19736,FA Women's Super League,2018/2019,0
2c271824-dcd1-4b69-9c0a-3e427cc71068,19736,FA Women's Super League,2018/2019,0
36b71b22-0075-43d2-b2e9-398586f56411,19736,FA Women's Super League,2018/2019,0
51e6958f-4553-4abf-b788-006a8e772e17,19736,FA Women's Super League,2018/2019,0
890706e6-a3a1-45c1-a0fd-77ec9c494114,19736,FA Women's Super League,2018/2019,1
e69f4763-c3d3-4274-94c0-bbc76566a6fc,19736,FA Women's Super League,2018/2019,0
3af17cd9-2834-4f7a-845a-72ad2df05092,19736,FA Women's Super League,2018/2019,0
3e3d6d5b-3d6a-4436-a421-9db623c73874,19736,FA Women's Super League,2018/2019,1
2f688f6b-7edc-496a-91ae-60cb6da093bb,19736,FA Women's Super League,2018/2019,0
905c142a-bc5f-427a-b76d-63886e9519c1,19736,FA Women's Super League,2018/2019,1
784b3535-7181-4da9-922b-8a6afce0e777,19736,FA Women's Super League,2018/2019,0
4815d619-ec21-419e-92f0-4110d40b654a,19736,FA Women's Super League,2018/2019,0
197a63a9-50f8-4400-b4af-ffae106ef037,19736,FA Women's Super League,2018/2019,0
543d729d-e036-4073-811b-772444ef0201,19745,FA Women's Super League,2018/2019,0
5e5bf81e-4237-4d41-bbb8-ec90fc27ed39,19745,FA Women's Super League,2018/2019,0
601437c3-49a7-4b5a-839e-6f7fe4614090,19745,FA Women's Super League,2018/2019,0
1bd04d7b-a2dd-4b96-96c0-3deca79cb1e6,19745,FA Women's Super League,2018/2019,0
423c5273-a39f-41f1-b9d8-eb2069e7d23e,19745,FA Women's Super League,2018/2019,1
1407f0bc-ce1e-4df3-a76b-49754656e2ed,19745,FA Women's Super League,2018/2019,0
bc36e545-0f3b-4023-ad75-e377ebf78316,19745,FA Women's Super League,2018/2019,1
53f772c2-cf07-4f6d-97bc-714d64064e6f,19745,FA Women's Super League,2018/2019,0
43fc3879-2aa5-4053-a9e4-058570060172,19745,FA Women's Super League,2018/2019,0
7da9febb-7cee-4c73-9d3f-9c5e36d40f3a,19745,FA Women's Super League,2018/2019,0
a1090f6b-7fbc-4da6-857c-99f64bcb46a5,19745,FA Women's Super League,2018/2019,0
bd31af84-d0da-4695-99df-e6a3e25cb8dd,19745,FA Women's Super League,2018/2019,0
c0b3235b-f4e2-4973-a0d8-5d47a0717fd0,19745,FA Women's Super League,2018/2019,0
56581845-430f-47d6-b9f8-e91218fb9f2c,19745,FA Women's Super League,2018/2019,0
ea838497-cc65-4d3e-bd2a-50c532fdede7,19745,FA Women's Super League,2018/2019,1
0813e2d2-bfcf-4647-81d5-12c0fd151306,19745,FA Women's Super League,2018/2019,0
2f06739f-7547-4040-a4b9-0f51a7520c5e,19745,FA Women's Super League,2018/2019,0
36502199-1857-436c-9c99-5b6e2eb76339,19745,FA Women's Super League,2018/2019,0
b16fcbaa-b81c-409f-9272-855ffa21f0d4,19745,FA Women's Super League,2018/2019,0
ed26e588-2eb2-4d36-9500-2c3cded5c481,19745,FA Women's Super League,2018/2019,0
9613aead-ea23-40e5-a811-da59c3c82b08,19745,FA Women's Super League,2018/2019,0
1aa6c126-95cd-480b-bb32-241127e86ff0,19745,FA Women's Super League,2018/2019,0
187f57ba-4770-4a47-ab8e-4db36631379f,19730,FA Women's Super League,2018/2019,0
1e984397-653e-4e4f-8d34-9bd86a9bd9e7,19730,FA Women's Super League,2018/2019,0
767b4e9c-55d6-4298-8b6e-dc9eb8274697,19730,FA Women's Super League,2018/2019,0
86c6f2b5-05db-4c91-868f-73e6f51c8db3,19730,FA Women's Super League,2018/2019,0
8c90618c-81ff-4c05-8657-bfdce672f65d,19730,FA Women's Super League,2018/2019,0
e8d8a727-80b5-4a5d-b1dc-99d91cb8ead3,19730,FA Women's Super League,2018/2019,0
ce00d1bc-0a06-4466-8a14-3b562c9c1431,19730,FA Women's Super League,2018/2019,0
2812c339-b322-4f38-8e9b-4ba844a1ce49,19730,FA Women's Super League,2018/2019,0
7f7adea8-354b-408a-9703-dbbe13e9748e,19730,FA Women's Super League,2018/2019,0
276db8e5-ff4d-4f97-bccf-578318f60b0d,19730,FA Women's Super League,2018/2019,0
198aaced-4903-4b70-8c92-2bc952f6cdd2,19730,FA Women's Super League,2018/2019,0
99a20aac-f981-47a5-9f9e-1e1a877361b6,19730,FA Women's Super League,2018/2019,1
36c7be8b-80f3-4591-9cb8-7068ef8228ce,19730,FA Women's Super League,2018/2019,1
6f40f799-2b90-4e1b-b6f4-b32f9caeb68b,19730,FA Women's Super League,2018/2019,0
61826ed8-d697-4974-a92c-34c0d0b5295c,19730,FA Women's Super League,2018/2019,0
8fc60b81-4b56-4574-8fdf-901dc5742cb7,19730,FA Women's Super League,2018/2019,0
a692ac43-7e71-4c72-9d86-729dfe82dfca,19730,FA Women's Super League,2018/2019,0
ccc8d851-b75b-488a-bda3-c715db0f2b28,19730,FA Women's Super League,2018/2019,0
69af0306-7b42-4194-b766-7865f75e6d5c,19730,FA Women's Super League,2018/2019,0
470cb1e1-6d58-4492-b259-30a60ab5fab8,19730,FA Women's Super League,2018/2019,0
6373ae1f-85fc-4add-a837-5e2d28a0992d,19730,FA Women's Super League,2018/2019,0
2592d9cb-0b21-4672-9669-10f3358c3dcb,19730,FA Women's Super League,2018/2019,0
80bb9f93-7078-4576-8fc2-d14ec9094fa0,19730,FA Women's Super League,2018/2019,0
bd8a516b-7cdc-468a-87b1-2b07b1984b04,19730,FA Women's Super League,2018/2019,0
37641af1-7348-4302-9521-610d4a7fdd9f,19730,FA Women's Super League,2018/2019,0
84e7a475-98d8-4872-9899-b99e1e5c018b,19730,FA Women's Super League,2018/2019,0
4a77638d-7897-4b9a-b185-e058b7b9e4a3,19730,FA Women's Super League,2018/2019,0
bed1963c-7be0-4010-9b3f-21a6b37b460f,19730,FA Women's Super League,2018/2019,0
c4cc8854-edca-429c-805a-5e99587fb9d8,19730,FA Women's Super League,2018/2019,0
5ad595a5-5898-443c-98f2-7e02ae0c50a1,19730,FA Women's Super League,2018/2019,0
ed01fd81-6046-4ddb-8b4f-477d978b560c,19730,FA Women's Super League,2018/2019,0
cb6254d1-3506-4ba6-a28e-066faf04a3cf,19730,FA Women's Super League,2018/2019,0
c1fb3901-dbf7-4c49-a225-7e7cd988d681,19730,FA Women's Super League,2018/2019,0
a468660c-59fe-46dc-bd68-de27e35eedd0,19730,FA Women's Super League,2018/2019,0
f3c51fc7-0cc6-4152-ad34-877f687c0bd1,19730,FA Women's Super League,2018/2019,0
c218fbef-f458-4daf-8862-8ffc7a20008d,19730,FA Women's Super League,2018/2019,0
d351ae09-2204-4ae8-8993-dd9d3f23345f,19730,FA Women's Super League,2018/2019,0
b4fee1ed-e31c-46b7-8c30-67d9d84f02a5,19730,FA Women's Super League,2018/2019,0
54bfd169-6ff8-4399-9864-645c0b4c5b47,19794,FA Women's Super League,2018/2019,0
04ce2789-a722-48a9-b20d-16ba6778bc52,19794,FA Women's Super League,2018/2019,1
db40b606-63ab-4e1e-a013-1f43905ddb57,19794,FA Women's Super League,2018/2019,1
fbcbd5ce-ed9d-4fd0-9396-179b1f351a16,19794,FA Women's Super League,2018/2019,0
99b93a6e-3df4-48c0-a4af-398adf41b1cd,19794,FA Women's Super League,2018/2019,0
1027fcb7-3396-4634-83f3-429d567c317b,19794,FA Women's Super League,2018/2019,0
a2b642b9-07b7-4481-a795-1517f974f082,19794,FA Women's Super League,2018/2019,0
cc2e28c2-49f6-4f54-bb1d-7e6cda340fa0,19794,FA Women's Super League,2018/2019,1
8075499f-0e66-409f-91f7-add63d016176,19794,FA Women's Super League,2018/2019,0
09967bf3-fa1a-4ec4-8611-68621043e05c,19794,FA Women's Super League,2018/2019,0
8b9fdf76-6747-4b83-9822-88ad55a4693d,19794,FA Women's Super League,2018/2019,0
7348975e-89e7-4537-9a83-ab9ef78316bb,19794,FA Women's Super League,2018/2019,0
8ec65f17-5e01-4e1d-8d9c-917c462535d7,19794,FA Women's Super League,2018/2019,0
ddb838be-a7d4-41fa-bd7f-92ecd5e75ffb,19794,FA Women's Super League,2018/2019,0
7bd9b91b-d6bb-401b-b720-0151441f537e,19794,FA Women's Super League,2018/2019,1
83407391-6ec6-48ef-b1e4-9272ba6cf74f,19794,FA Women's Super League,2018/2019,0
b6be01d7-bd25-4a12-a842-7ca3d279874e,19794,FA Women's Super League,2018/2019,0
c6a3b1b2-956b-4e50-9710-c422817b879a,19794,FA Women's Super League,2018/2019,0
c3db0ca4-40f9-466d-b218-128a1f2e459b,19794,FA Women's Super League,2018/2019,0
f1f9909b-3db0-4592-8443-28feb52c9484,19794,FA Women's Super League,2018/2019,0
ceaabb6c-b082-46f6-aee7-b99176d4fb85,19794,FA Women's Super League,2018/2019,1
1e56c758-b739-4550-bb84-20c3dbb108dd,19766,FA Women's Super League,2018/2019,0
526956c9-9744-498d-bf20-32c0978db2bb,19766,FA Women's Super League,2018/2019,0
a143ac6b-173b-4955-a011-f9cf67286bf8,19766,FA Women's Super League,2018/2019,0
528dd53b-d668-4608-b8ee-009e562336ad,19766,FA Women's Super League,2018/2019,0
5a5aba88-6f66-4f26-8b4f-0bad5f5e4655,19766,FA Women's Super League,2018/2019,0
a0d19855-7bd7-4e8e-83d4-9e857a23ecf4,19766,FA Women's Super League,2018/2019,1
c900615a-073d-470e-916e-dad32a027570,19766,FA Women's Super League,2018/2019,0
6696d388-1977-4b04-b8a3-0acd0fa85d0d,19766,FA Women's Super League,2018/2019,0
3bb01381-951a-4fe8-86b6-477b5676fc9a,19766,FA Women's Super League,2018/2019,0
6df29959-872d-4192-a859-50ec6987c8ba,19766,FA Women's Super League,2018/2019,0
d421c6c6-f2d5-44ad-8d4e-115c8a09cce0,19766,FA Women's Super League,2018/2019,0
9b1e084b-0298-41cf-955a-6d1f8bacd62c,19766,FA Women's Super League,2018/2019,0
c6d5fb51-a31f-44c5-b748-f7d42941c63e,19766,FA Women's Super League,2018/2019,1
5e4f32ae-9e78-493d-ba01-6d8ba59b6c33,19766,FA Women's Super League,2018/2019,0
8c8afd8b-0223-4249-84b1-b21b76f539e0,19766,FA Women's Super League,2018/2019,0
ed3b6dac-a20b-45cf-b81f-c07874f3118c,19766,FA Women's Super League,2018/2019,0
e9c28cad-265b-468b-891f-52463ca3fc82,19766,FA Women's Super League,2018/2019,0
cb2ccfc2-63dc-4d67-be50-2fe05b1d775b,19766,FA Women's Super League,2018/2019,0
077734ab-e312-413a-ab98-ce358749944b,19766,FA Women's Super League,2018/2019,1
a5c906cb-23cd-4e7f-95f6-3f49ac6fbcd8,19766,FA Women's Super League,2018/2019,0
7b64e15f-b0be-431a-9b6f-daeea638215e,19766,FA Women's Super League,2018/2019,0
ad42f7f2-90f0-4fe4-91cb-24d59c419225,19766,FA Women's Super League,2018/2019,1
618378f9-7b3a-46b8-9f05-426ee86228b9,19766,FA Women's Super League,2018/2019,0
c271d86c-6f99-47a8-ab2c-fb689ad417de,19766,FA Women's Super League,2018/2019,0
341dcc06-325b-4aff-9223-b7095fa00878,19766,FA Women's Super League,2018/2019,0
33754475-ed1e-451b-aaeb-62083f53a870,19766,FA Women's Super League,2018/2019,0
253b6d2e-856a-4f91-a1a2-7151caee5198,19766,FA Women's Super League,2018/2019,0
3d4a8158-208e-4c3a-a2a7-439d03412632,19766,FA Women's Super League,2018/2019,0
ddaed2ed-e646-4b8e-90fd-cc563861ef2f,19766,FA Women's Super League,2018/2019,0
9221dc7f-f3f5-47f9-8828-4ea523563481,19766,FA Women's Super League,2018/2019,0
f765a4c5-167e-4345-a297-6f31590a677f,19766,FA Women's Super League,2018/2019,1
1c55c1e6-50c9-430f-bd95-0252329b6d04,19766,FA Women's Super League,2018/2019,0
ed641dd2-2a83-4201-b067-e3392bec7637,19734,FA Women's Super League,2018/2019,0
bf134f5a-4b64-4c1f-8f0b-1ae07e607657,19734,FA Women's Super League,2018/2019,1
ef409c2c-e1cc-40f6-a14d-273ec7f71a72,19734,FA Women's Super League,2018/2019,0
cc08fc47-c19a-4b56-8ad9-ee138230208c,19734,FA Women's Super League,2018/2019,0
284a0e40-5348-4678-9b96-7c23d4270bc9,19734,FA Women's Super League,2018/2019,1
0b00ed93-c477-48ca-923c-3e7f15ad61ea,19734,FA Women's Super League,2018/2019,0
623a0b2c-c469-43a8-91c6-41b0e9a2cce1,19734,FA Women's Super League,2018/2019,0
0cd7073d-e779-46ee-b537-20eb8c9ab592,19734,FA Women's Super League,2018/2019,0
3ff7f98c-bc36-4006-8e9f-54dee4317739,19734,FA Women's Super League,2018/2019,0
55ebaf68-691d-4409-a556-8e8622b94b09,19734,FA Women's Super League,2018/2019,1
f4f6d3f6-676d-47bf-ad73-c22ddf0166bf,19734,FA Women's Super League,2018/2019,0
76b62890-58a9-43ea-b7f0-a0ff7c355298,19734,FA Women's Super League,2018/2019,0
778dfc1a-6faf-4d4d-a0c2-71042e4afdc1,19734,FA Women's Super League,2018/2019,0
b5e51a52-2764-43bb-b546-0edb7010f008,19734,FA Women's Super League,2018/2019,0
b9a0ede0-2f9b-46f6-b574-0da3d800f43f,19734,FA Women's Super League,2018/2019,1
934a0436-f60e-4d79-a009-6bc55682757a,19734,FA Women's Super League,2018/2019,0
e6829386-c66c-44ca-b15b-59c1521f6ac1,19734,FA Women's Super League,2018/2019,1
24147fa5-30fe-4bf1-9bac-6eaff379d763,19734,FA Women's Super League,2018/2019,1
1035df42-f145-4d2c-89fe-aa79fbd723ef,19734,FA Women's Super League,2018/2019,0
68887f02-74e5-4d30-9e2d-8176741e362d,19734,FA Women's Super League,2018/2019,0
674eec9f-aaab-4298-8ee3-540c45805e81,19734,FA Women's Super League,2018/2019,0
03616b72-d19f-4678-a491-f09b14badc3c,19734,FA Women's Super League,2018/2019,0
706f74a6-b092-400e-b99c-e9b7c87da7ff,19734,FA Women's Super League,2018/2019,0
32a1c1a7-6214-485f-bfaf-33a849f709a7,19717,FA Women's Super League,2018/2019,0
389c5e24-ce07-466b-a90f-d1d98423eaba,19717,FA Women's Super League,2018/2019,1
5f0310d8-557a-47b9-939e-472df3b0798b,19717,FA Women's Super League,2018/2019,1
19a6684c-9eb6-480a-9828-cf59e543ca1c,19717,FA Women's Super League,2018/2019,0
3c81bda4-fd22-480b-adb5-6c59826fd063,19717,FA Women's Super League,2018/2019,0
8e27527a-6f4f-407e-93ab-80ceb32a1d9c,19717,FA Women's Super League,2018/2019,0
63acd1c0-aaeb-4b6d-839d-693d5ed276ac,19717,FA Women's Super League,2018/2019,0
bcd2c8d9-1ed0-4bc7-8180-aeae1d05a989,19717,FA Women's Super League,2018/2019,0
5b74dce0-c8aa-4ba9-828c-1df57d4bf324,19717,FA Women's Super League,2018/2019,0
c98c1f81-e0e1-4701-8f41-767a00b32874,19717,FA Women's Super League,2018/2019,0
6af5d38c-07a6-4bb7-aca9-80b13f9b3fa8,19717,FA Women's Super League,2018/2019,0
2c236a2a-7627-4939-8c8c-3b61459295da,19717,FA Women's Super League,2018/2019,1
fe589adf-ac73-4aee-861b-cdd601d2c230,19717,FA Women's Super League,2018/2019,0
8f00148b-ca00-437d-9bc4-f820feeaf0d1,19717,FA Women's Super League,2018/2019,0
bfc77b19-7a37-441e-b502-3d247743be11,19717,FA Women's Super League,2018/2019,0
b15a0be8-165c-46d3-890b-223515fe8d4c,19717,FA Women's Super League,2018/2019,0
e34464d6-1226-40a7-9bad-cfb895a49ba5,19717,FA Women's Super League,2018/2019,0
bc4d1be8-3bd2-4c3a-a610-d412a914a35b,19717,FA Women's Super League,2018/2019,0
b919be27-d92c-4f1c-8363-17531cc0e17e,19717,FA Women's Super League,2018/2019,0
1bf3a796-7d47-4dde-8c49-8c7c7ccdea5d,19717,FA Women's Super League,2018/2019,0
183e5f9e-d66e-422a-8d57-c8c8767e5f13,19717,FA Women's Super League,2018/2019,0
fc9140d5-91c1-4995-a141-fd9603c503f1,19717,FA Women's Super League,2018/2019,0
31df9bd6-762d-4b18-a42f-819347ac412a,19717,FA Women's Super League,2018/2019,0
7021b64d-8e90-48c1-9548-7078ff470071,19717,FA Women's Super League,2018/2019,0
98bf5021-6d7d-49ce-a717-25ec1bbbe074,19717,FA Women's Super League,2018/2019,0
ac36e596-21a7-4df6-a613-d8db0950be1b,19717,FA Women's Super League,2018/2019,0
97ae72a0-3967-4b5f-b3a4-737c0634e1fc,19717,FA Women's Super League,2018/2019,0
eafdcc5c-767b-4aa8-bef6-2af57915e5ee,19717,FA Women's Super League,2018/2019,0
13e0872b-7af0-45fc-9327-7ce4ce04d99a,19717,FA Women's Super League,2018/2019,1
78e41798-7a59-4f49-b366-22d6bc25d6cd,19717,FA Women's Super League,2018/2019,0
eefd45c6-395e-4524-a3b2-cbaa1625bee7,19718,FA Women's Super League,2018/2019,1
886b4731-2383-42d1-a255-3351ba139483,19718,FA Women's Super League,2018/2019,0
fb9a12c2-e2b2-40ba-808f-bfae2f09d3ad,19718,FA Women's Super League,2018/2019,0
d5662e7d-5cf6-4247-bf2e-56154f3ba0e8,19718,FA Women's Super League,2018/2019,0
d1224234-6528-4fe0-99d9-43abce07f486,19718,FA Women's Super League,2018/2019,0
ee179743-0ca1-4a69-9993-3a060edb4f8c,19718,FA Women's Super League,2018/2019,0
6aba8ac9-d488-4646-99e7-5e737dd07d2f,19718,FA Women's Super League,2018/2019,0
66632726-94a2-4c6c-9c2f-4e90f872133e,19718,FA Women's Super League,2018/2019,0
cf9d3d66-f1e9-4642-9752-1d6fe11de948,19718,FA Women's Super League,2018/2019,0
532ab47f-6a1b-4d56-94fe-42d2c341cc64,19718,FA Women's Super League,2018/2019,0
e472d8ad-2627-40f6-b720-67cfd2581c08,19718,FA Women's Super League,2018/2019,0
c0a6b4f8-bfd9-4283-a3cc-066cc87ab75a,19718,FA Women's Super League,2018/2019,0
5745a267-5b97-485b-8b8b-1c2ce2cc70d2,19718,FA Women's Super League,2018/2019,0
52f388b5-77dc-49a2-ae14-2959b1c9daa1,19718,FA Women's Super League,2018/2019,0
b07ed975-0c76-48a0-8af6-9abdd31be8c7,19718,FA Women's Super League,2018/2019,0
ffa9074d-0e9a-4e39-990a-ef9a42013561,19718,FA Women's Super League,2018/2019,0
767e5394-de70-4c56-b67c-f7478cc71d59,19718,FA Women's Super League,2018/2019,0
e2145b7d-fb3a-4915-abf2-f1e9dd77d26a,19718,FA Women's Super League,2018/2019,0
95eafbd4-afb9-4f55-a5aa-7e8c06681cb9,19718,FA Women's Super League,2018/2019,0
5e57166c-39f3-4b79-8404-99f9d684b87d,19810,FA Women's Super League,2018/2019,0
e192296d-3cb3-440c-b44d-ce3310b24899,19810,FA Women's Super League,2018/2019,1
c7fb54ba-83c6-459a-bdcf-ae929a7fb8ae,19810,FA Women's Super League,2018/2019,0
a48c292c-eaaf-45d9-83f9-f6be3b012da0,19810,FA Women's Super League,2018/2019,0
d3396a1e-0587-4bdf-ae15-15f5e80713d4,19810,FA Women's Super League,2018/2019,0
23d414b2-3d1c-4ffd-886c-6bd8cbbe1f66,19810,FA Women's Super League,2018/2019,0
95c4ef81-266f-4383-a81b-553fe9509260,19810,FA Women's Super League,2018/2019,1
cfd794d4-e33d-4fb9-9c65-5eb5d1f20e3a,19810,FA Women's Super League,2018/2019,1
6395ec4f-dda1-464a-a043-a0d778f2ec90,19810,FA Women's Super League,2018/2019,0
6de30d7d-452d-443f-a630-fe9fcfa32e2e,19810,FA Women's Super League,2018/2019,0
ec2ceba6-1f28-491f-a329-232fab8d6bc0,19810,FA Women's Super League,2018/2019,0
9af15b32-610d-4151-8daa-6d4ccb5d7aae,19810,FA Women's Super League,2018/2019,0
a14ea304-fb80-4768-805b-55fb3a50f3f9,19810,FA Women's Super League,2018/2019,0
77d92671-395b-475e-b538-ea7a1b5f2870,19810,FA Women's Super League,2018/2019,0
b93dfd4a-c1c4-4cbb-9cdc-19fdac6f0ecf,19810,FA Women's Super League,2018/2019,0
5324ac8a-fed7-4335-aea2-3b1d6b489a25,19810,FA Women's Super League,2018/2019,1
164ffb77-efba-4216-b99d-fb773d495aa9,19810,FA Women's Super League,2018/2019,0
e7985dba-e0e4-423b-8fba-3b23861e0d86,19810,FA Women's Super League,2018/2019,0
5af1e6f9-7f04-424f-92f8-b2c1157e22fc,19810,FA Women's Super League,2018/2019,0
c3fb6b9e-f6e3-420b-adae-35a77bb6b018,19810,FA Women's Super League,2018/2019,0
b426656b-ef8a-4450-8107-9a06194222a6,19810,FA Women's Super League,2018/2019,0
5de5df71-d6d5-4f48-ba66-172979eb766a,19810,FA Women's Super League,2018/2019,0
6318c950-b574-4af2-bcbc-c64ecbfe1c08,19810,FA Women's Super League,2018/2019,0
bf8af4d4-0e82-43d9-b0e0-c3a08b4b299f,19810,FA Women's Super League,2018/2019,0
23200662-8a1f-49f2-b5aa-e93d6669d044,19810,FA Women's Super League,2018/2019,1
8f5a3b7c-db0b-42ec-bac0-adc0bedca2ea,19743,FA Women's Super League,2018/2019,0
60ead7a6-4aa2-41ab-85a1-21357f50e4e0,19743,FA Women's Super League,2018/2019,0
f68deb6f-0711-4b9d-8081-122dc3722c55,19743,FA Women's Super League,2018/2019,0
f301190f-cc0a-4f16-8278-27e5279ea24e,19743,FA Women's Super League,2018/2019,0
8558535e-b1ee-4f53-b003-1b5fba2712bd,19743,FA Women's Super League,2018/2019,0
778d2866-c229-4804-a487-fe1d2daeebd8,19743,FA Women's Super League,2018/2019,0
5d920f33-8d77-456d-b3e5-90831c809f16,19743,FA Women's Super League,2018/2019,0
36ee368a-a34a-4b61-8993-45fe6c15bcf9,19743,FA Women's Super League,2018/2019,0
e6be28bd-509d-441e-8d19-c784716b6183,19743,FA Women's Super League,2018/2019,0
c6c56142-b0ea-4883-819d-a0defa3cd68c,19743,FA Women's Super League,2018/2019,0
513f1d89-6153-4592-ba17-5d2c97457cc3,19743,FA Women's Super League,2018/2019,0
fda4ced5-0bb6-44f6-8bbe-6de48e1a5bb5,19743,FA Women's Super League,2018/2019,0
627ed789-ec90-47f4-8248-0b4c98b0515b,19743,FA Women's Super League,2018/2019,0
6170afa5-68f3-42a0-8a88-529f811a12d4,19743,FA Women's Super League,2018/2019,0
e8239fa3-47e9-446a-9543-56400ede4707,19743,FA Women's Super League,2018/2019,0
c90dca53-6b6c-48cd-9c3b-3ce4d9ef979a,19743,FA Women's Super League,2018/2019,0
3307eb35-1fd1-4cb6-8083-0c36888d4295,19743,FA Women's Super League,2018/2019,0
595fd4d7-134f-4f02-8ccd-3681f4d8272d,19743,FA Women's Super League,2018/2019,0
c4dac5d4-5e78-4591-8722-9a9f8081109e,19743,FA Women's Super League,2018/2019,0
4c29209a-98f8-4e2f-b6b3-6da275610f1d,19743,FA Women's Super League,2018/2019,0
0ab7e223-aca7-4dbb-9f25-f9dfe272d255,19743,FA Women's Super League,2018/2019,0
dd34069a-8f31-4e8b-b874-d0e5123214f6,19743,FA Women's Super League,2018/2019,0
6c5afb2e-cb1e-4feb-972b-16355a7116c1,19743,FA Women's Super League,2018/2019,0
ea82a38d-e9b3-477b-9290-f372a1d17eb1,19740,FA Women's Super League,2018/2019,0
728c1bd4-1502-41b4-bbfe-566598cf894f,19740,FA Women's Super League,2018/2019,0
3927c3c9-bff1-42ec-b9f1-5cae204a1844,19740,FA Women's Super League,2018/2019,0
40e703ef-15fb-44f4-baf9-410284180475,19740,FA Women's Super League,2018/2019,1
66e52a99-d50a-4f50-8e2b-141426d5767e,19740,FA Women's Super League,2018/2019,0
be227b41-021f-4cfc-984b-828fd1642049,19740,FA Women's Super League,2018/2019,0
d9ebcc4c-6151-4c94-b604-9d7d5257f4be,19740,FA Women's Super League,2018/2019,0
189716bf-72cc-46c3-8b7a-f79cc1eca967,19740,FA Women's Super League,2018/2019,0
6cb67d6e-ac55-4e07-b8c8-1b009238e91f,19740,FA Women's Super League,2018/2019,0
036956ee-5ec6-4d6b-bf42-5892ed9eb7f2,19740,FA Women's Super League,2018/2019,0
85ab52be-02f3-4b18-9e33-6351b3a1c636,19740,FA Women's Super League,2018/2019,0
df6cdc2b-8777-4c57-b3d2-da204854f7b0,19740,FA Women's Super League,2018/2019,0
9053cfee-7765-4038-8b52-25b0de1cd19d,19740,FA Women's Super League,2018/2019,0
fcd25605-647a-4ae8-ba7b-039493c5ce82,19740,FA Women's Super League,2018/2019,0
498c35c5-4f3b-4dca-86ac-aab573c7247e,19740,FA Women's Super League,2018/2019,0
907f3806-758a-4c48-aa5d-ca0f056ac666,19740,FA Women's Super League,2018/2019,0
48b0bd48-c3fd-4324-8a58-4710625c4abb,19740,FA Women's Super League,2018/2019,0
dddf3cc7-ca36-440f-85f6-b645bc552dd6,19740,FA Women's Super League,2018/2019,0
22584ad4-7b0c-460d-b4f9-d3ab1adfe089,19716,FA Women's Super League,2018/2019,0
0691fafd-b124-49c8-bf4a-69efd8b15608,19716,FA Women's Super League,2018/2019,1
fa750f35-c965-48ea-8a99-d7dddf9d1591,19716,FA Women's Super League,2018/2019,0
dceef479-c224-4b01-b4f6-66ec6b1eedb5,19716,FA Women's Super League,2018/2019,0
321ddde0-695d-4793-9e07-b31910d1d683,19716,FA Women's Super League,2018/2019,1
f35ecb23-224d-4f23-a4ee-6f4a947f21a3,19716,FA Women's Super League,2018/2019,0
08cdcea5-81be-4fa8-bdcf-ea356e1c49a6,19716,FA Women's Super League,2018/2019,0
3c8b95c5-ad0b-47ce-ad51-2c8336fd6a0d,19716,FA Women's Super League,2018/2019,0
20e9fa62-e360-4bef-bcb6-98f80662bded,19716,FA Women's Super League,2018/2019,0
ef967ed9-a8dc-47f7-a4b3-a16475ba4d69,19716,FA Women's Super League,2018/2019,0
a430964e-c996-4aa6-a88a-cbfb57c072d1,19716,FA Women's Super League,2018/2019,0
e7848bc3-4398-468b-af68-2d36bf6c0382,19716,FA Women's Super League,2018/2019,0
6f46d74a-66e3-4d5a-bc37-d7902170284e,19716,FA Women's Super League,2018/2019,0
5496fa07-fbb9-43aa-9eab-259d0794688e,19716,FA Women's Super League,2018/2019,0
aa46894c-0afd-487c-9c28-0b5842f419a8,19716,FA Women's Super League,2018/2019,0
e496cd27-11d4-4da1-a445-87d74e79e84a,19716,FA Women's Super League,2018/2019,0
86a108a1-1ff5-4ad2-8fc4-b3ece71b62b7,19716,FA Women's Super League,2018/2019,0
8b74a495-1334-4958-880e-c10115278453,19716,FA Women's Super League,2018/2019,0
15f538ce-3bce-42fd-92b6-b207f2280772,19716,FA Women's Super League,2018/2019,0
70c7e2ee-2566-4607-bfa8-5dae15e553ae,19716,FA Women's Super League,2018/2019,1
5f0041cc-0317-4c3d-8c6b-f57928b8411b,19716,FA Women's Super League,2018/2019,0
2f4ee095-c99e-40cb-a07c-8bd706e74eb8,19716,FA Women's Super League,2018/2019,0
07bc5262-071c-41f8-9d59-ec4794217a3a,19716,FA Women's Super League,2018/2019,0
c2071b33-b884-4c03-a513-3422dbe622b2,19716,FA Women's Super League,2018/2019,0
59592675-ea0d-49a6-8c0f-a89564e55981,19716,FA Women's Super League,2018/2019,0
ac100b68-3bee-42f5-8370-7f7c4d1a5b18,19716,FA Women's Super League,2018/2019,0
c3de1711-4dd3-4016-821f-f91993216ccd,19716,FA Women's Super League,2018/2019,0
9109c749-2614-4455-a481-65299e97cc2e,19716,FA Women's Super League,2018/2019,0
c8d22a17-ee69-4493-8cfe-888dba7394c6,19716,FA Women's Super League,2018/2019,0
8982cb5c-19ae-497e-90aa-7a54642137b7,19716,FA Women's Super League,2018/2019,0
86f5cb3a-870c-4c51-a079-86b31a491770,19716,FA Women's Super League,2018/2019,0
c1af1d9d-a116-479f-bee8-277fdf00462b,19716,FA Women's Super League,2018/2019,0
f95ad5aa-ddcb-4472-a90f-b7abef84f18d,19716,FA Women's Super League,2018/2019,0
5cf08690-1ebe-45a6-ad67-701a5ecb2ad9,19716,FA Women's Super League,2018/2019,0
8b24086d-115f-4623-985f-8575b8a256e9,19800,FA Women's Super League,2018/2019,0
4888e6ae-cc73-4cbb-a9d8-96d9d635a4d7,19800,FA Women's Super League,2018/2019,0
21d0422a-5be6-44b2-bfa3-9884f5e13001,19800,FA Women's Super League,2018/2019,0
49ea918f-6a28-42b6-a736-7d8dae4b9df8,19800,FA Women's Super League,2018/2019,1
d1571654-ff83-4433-bd67-e768bd4964d2,19800,FA Women's Super League,2018/2019,0
e707c693-81a8-445a-bc25-101d804a0a3c,19800,FA Women's Super League,2018/2019,0
95ee4961-7f1f-4f29-82c9-d7355c037a90,19800,FA Women's Super League,2018/2019,0
00772dae-2c12-485b-ac94-a99f75e47aa0,19800,FA Women's Super League,2018/2019,0
e48dda65-df0e-48d4-bf14-a7b204e9cf8a,19800,FA Women's Super League,2018/2019,0
f1bc5912-6cf9-4d0f-a9ca-acad078112a9,19800,FA Women's Super League,2018/2019,1
794dacc5-15b2-4109-9f64-52ebaadd3e8e,19800,FA Women's Super League,2018/2019,0
333025c5-8d58-469c-92e7-20b079c433d1,19800,FA Women's Super League,2018/2019,0
2f9417f8-6f8e-47f7-be68-59821ab633aa,19800,FA Women's Super League,2018/2019,0
5e85de16-24fe-46e0-ba8c-6b601d151abc,19800,FA Women's Super League,2018/2019,1
154576d1-e765-40d0-a303-d448ba09f735,19800,FA Women's Super League,2018/2019,1
0ce01c8d-4a62-49d4-9e89-b7256cea98be,19800,FA Women's Super League,2018/2019,0
2e3e46c7-04d8-4b47-b51a-3452bf12effb,19800,FA Women's Super League,2018/2019,0
29580034-262e-419c-bb0c-807b8764c7c0,19800,FA Women's Super League,2018/2019,0
04e4ec47-a6a6-4b88-a7c1-25a8a3454a66,19800,FA Women's Super League,2018/2019,0
9c361a19-8982-4697-ac20-639bfa1f1a2c,19800,FA Women's Super League,2018/2019,0
78a69b53-2803-4e54-8499-c3cd617c3a8a,19739,FA Women's Super League,2018/2019,0
f474c848-5f1d-4167-b64b-48aa82d46ca1,19739,FA Women's Super League,2018/2019,0
a36e1e20-6bf3-4d50-a9b0-e7769c7f7990,19739,FA Women's Super League,2018/2019,0
c06b4c85-ec1a-45ef-b7d7-915315349269,19739,FA Women's Super League,2018/2019,0
04f3669a-bbc6-4895-8224-f49e47b09d8e,19739,FA Women's Super League,2018/2019,0
dbdd523f-0e5c-4e67-981d-557c1e811d6a,19739,FA Women's Super League,2018/2019,0
037ee977-fa2f-4215-b13d-89bd367a25f3,19739,FA Women's Super League,2018/2019,0
e340b06b-e485-49ed-bb7a-1eb4b7b70e40,19739,FA Women's Super League,2018/2019,1
4af7886e-c797-4b47-a0e0-bfa4fcff259a,19739,FA Women's Super League,2018/2019,0
67d1e79a-e771-41bb-8348-bb85e0705438,19739,FA Women's Super League,2018/2019,0
9b8d5860-b562-42d5-b73e-f776b1d3a8f6,19739,FA Women's Super League,2018/2019,0
d8d920f3-be13-4d33-a747-d29d21d021e5,19739,FA Women's Super League,2018/2019,0
3ca88dc5-f108-4d73-ade3-7ab192b8e864,19739,FA Women's Super League,2018/2019,0
60a1748e-79b4-4452-9a61-408408b1ad82,19739,FA Women's Super League,2018/2019,1
214c2c2a-33c3-484f-a84b-21632114244a,19739,FA Women's Super League,2018/2019,0
a51417f6-74c4-48fb-80be-7f45e337c810,19739,FA Women's Super League,2018/2019,0
6f911f6e-7eff-460a-9bc8-2b93621d9545,19739,FA Women's Super League,2018/2019,0
bce02891-ad79-4557-82c2-7d10bb8e1fc0,19739,FA Women's Super League,2018/2019,0
2e7c2a65-6471-4ad2-8bad-4085439098db,19739,FA Women's Super League,2018/2019,0
bf7887d7-d08a-445d-b2af-2b353b34edf4,19739,FA Women's Super League,2018/2019,1
53fde572-3387-4785-866a-054e13a43302,19739,FA Women's Super League,2018/2019,1
e1b0207b-8058-47c4-b2c5-7d1ccfaa396e,19739,FA Women's Super League,2018/2019,0
085c7394-2d2c-4174-9f7a-72999d554de0,19739,FA Women's Super League,2018/2019,0
3c855828-4d45-41bb-bf18-3922ad88ed06,19739,FA Women's Super League,2018/2019,0
d53cdc8c-00ac-4603-84d6-6cbfd75e4256,19739,FA Women's Super League,2018/2019,0
a8f03852-c820-4aac-982d-da9940811577,19739,FA Women's Super League,2018/2019,0
20669be5-9335-4217-8b40-f8b92d8a164b,19739,FA Women's Super League,2018/2019,0
e01ebd30-f3c1-4514-bb80-59c599efea15,19739,FA Women's Super League,2018/2019,0
1b3b8295-8cd8-4a38-9a38-ecff7a748711,19739,FA Women's Super League,2018/2019,0
27d92feb-1047-4629-a087-0c473b3d371d,19739,FA Women's Super League,2018/2019,0
0a058ba7-1f64-44f2-952a-bfcf23f727c9,19739,FA Women's Super League,2018/2019,0
162b5f62-8620-4188-b657-501c8e7dd06d,19739,FA Women's Super League,2018/2019,0
a84c9579-3d39-497a-93ab-c1fba4bb1d20,19739,FA Women's Super League,2018/2019,1
89b7b698-8f62-489d-a5a4-1d053044e5ea,19739,FA Women's Super League,2018/2019,1
b365d2c6-3366-473e-8916-9db338e23cf9,19748,FA Women's Super League,2018/2019,0
735b0903-9edc-48b7-8576-89468479f0a9,19748,FA Women's Super League,2018/2019,0
a246c2ec-afa6-4262-8105-7e1400461948,19748,FA Women's Super League,2018/2019,0
fbd8ccd7-4454-412e-aa10-d7bc6e14c458,19748,FA Women's Super League,2018/2019,0
ec879650-917d-4966-8b9a-a7e7f11695de,19748,FA Women's Super League,2018/2019,0
bb564264-d5b7-404e-9478-b97c96e2eaeb,19748,FA Women's Super League,2018/2019,0
e07fe510-16d3-4186-ab2e-31e7089a0d03,19748,FA Women's Super League,2018/2019,0
99155d36-a119-4e92-ae27-4382fdfd52a1,19748,FA Women's Super League,2018/2019,0
a39f1a7b-ec73-43ab-af50-862c6a24c474,19748,FA Women's Super League,2018/2019,0
8c059e77-f6f8-4b82-b21d-a8c64bb694a4,19748,FA Women's Super League,2018/2019,0
ace46a54-0c01-4dde-a78e-8a4bf2644afe,19748,FA Women's Super League,2018/2019,1
f7f20821-1dbb-405c-a477-2346914bcccc,19748,FA Women's Super League,2018/2019,0
4de4a039-0196-4705-b744-00cb9836576e,19748,FA Women's Super League,2018/2019,0
9818473a-f4fa-49c0-bf16-4661581e1214,19748,FA Women's Super League,2018/2019,0
1eb017ac-c933-4f65-b2be-c256b3eb31b7,19748,FA Women's Super League,2018/2019,0
16cc5c50-c426-4e60-9b42-58f51ec6189b,19748,FA Women's Super League,2018/2019,0
6b40191e-faa2-48d1-956b-274a85dca07d,19748,FA Women's Super League,2018/2019,0
1863025c-774c-4115-8df3-1dd8e94cd6f4,19748,FA Women's Super League,2018/2019,0
ed7a8fa0-9bf1-4a51-86be-a1b3cdc58a32,19748,FA Women's Super League,2018/2019,0
983f43f7-2d80-41d4-949c-8345d23f5a81,19748,FA Women's Super League,2018/2019,0
a1fca2af-978b-419c-8e0f-0bde3cd992eb,19748,FA Women's Super League,2018/2019,0
a3a38639-f005-4884-80a6-fa5f0a87acfe,19748,FA Women's Super League,2018/2019,0
29477446-f732-4dbe-b677-2727a8516306,19748,FA Women's Super League,2018/2019,0
a37bdbf6-a3ce-4bc5-81b3-20c9bc3d1fb7,19748,FA Women's Super League,2018/2019,0
abb0ff2a-f915-4414-a03e-df0ce41f967b,19748,FA Women's Super League,2018/2019,0
3b302e1d-05d1-4c5a-9942-e1ce1b0d618a,19748,FA Women's Super League,2018/2019,0
93a594d7-9dec-4b64-99ff-71e367700b2e,19748,FA Women's Super League,2018/2019,0
78d04298-b985-4bf6-a71e-8d2a0bed16ef,19748,FA Women's Super League,2018/2019,0
222c45fa-96e5-4778-9628-ad8f1d5432ff,19748,FA Women's Super League,2018/2019,0
073b2a4c-7a17-4456-8164-87fddb686351,19822,FA Women's Super League,2018/2019,0
7ec7815b-17e5-4a81-94de-4bb14bd7fe66,19822,FA Women's Super League,2018/2019,0
f291c1ab-14b8-44fa-9531-68efa07acd4a,19822,FA Women's Super League,2018/2019,0
827bb3dc-be12-4be1-8538-5acd71edab13,19822,FA Women's Super League,2018/2019,0
4220f858-0ed9-4c86-9027-cadddc0c985d,19822,FA Women's Super League,2018/2019,0
c0889149-b10d-43e9-977b-0af202018e0a,19822,FA Women's Super League,2018/2019,0
fa8e4ecc-bed1-49f2-87e7-eaec2303bde1,19822,FA Women's Super League,2018/2019,0
db0c9ab2-0a80-4aff-abfc-e06998ad87ab,19822,FA Women's Super League,2018/2019,0
bc201561-d294-46de-b826-36cf2d9dddc8,19822,FA Women's Super League,2018/2019,0
cbaf27c7-1e29-47f2-afee-335adf8cf7cb,19822,FA Women's Super League,2018/2019,0
c2b4cc0a-6fc0-4e9e-a889-279da5920d72,19822,FA Women's Super League,2018/2019,0
f1d438f9-e2f8-4329-bf34-9b0d259b60b8,19822,FA Women's Super League,2018/2019,0
6a6da3fb-465c-478b-96ab-baaf7fc7292f,19822,FA Women's Super League,2018/2019,1
fac6944a-c48b-4fc2-811a-91e0a1cea56f,19822,FA Women's Super League,2018/2019,0
7ba12ce9-a5b0-4b3f-974e-00d000f5d558,19822,FA Women's Super League,2018/2019,0
e67dee4a-8cf1-4c55-bdb0-1da8b80ed80c,19822,FA Women's Super League,2018/2019,0
1370706b-8c6a-4496-927d-f6c44ed7ba6c,19822,FA Women's Super League,2018/2019,0
43ed9b70-a461-44e0-b4af-2040097640aa,19822,FA Women's Super League,2018/2019,0
f59e8fdd-5c96-4aa7-ad36-519f55a778d8,19822,FA Women's Super League,2018/2019,0
a42b9ce2-f07e-4573-9812-f2bb0d22679d,19822,FA Women's Super League,2018/2019,0
06dc59cd-bc9e-4ade-8c39-06d141532b31,19822,FA Women's Super League,2018/2019,0
66c83037-2341-44c5-8537-18739d1222a0,19822,FA Women's Super League,2018/2019,0
8a59f800-19ab-4dc4-b0f1-4fbba16dad54,19822,FA Women's Super League,2018/2019,0
61778764-2502-42cf-b714-b0ab3429874a,19822,FA Women's Super League,2018/2019,0
0fbeeb56-6f6c-413e-a91d-c4c9a101effe,19785,FA Women's Super League,2018/2019,0
0ed1ce7d-2809-4685-acb6-dcd15332881a,19785,FA Women's Super League,2018/2019,0
a89d8800-4df8-438f-bae8-d952e642aea9,19785,FA Women's Super League,2018/2019,0
ec4eb20b-91e2-4b7e-a3ca-167ed647c2f9,19785,FA Women's Super League,2018/2019,0
0386b718-40dc-4aad-97c0-96876f1784a9,19785,FA Women's Super League,2018/2019,0
67cfcbea-134e-494d-8e14-e04802971ec7,19785,FA Women's Super League,2018/2019,1
45023a4b-0564-4e4e-a95f-2a1cd1d2ed14,19785,FA Women's Super League,2018/2019,0
848d275a-ed67-4503-bce4-321929fa1a50,19785,FA Women's Super League,2018/2019,0
14209209-5733-4e47-a8ca-a3ba0478e29c,19785,FA Women's Super League,2018/2019,0
87e7d355-cc24-4ad4-b6ee-174b180cdcbc,19785,FA Women's Super League,2018/2019,1
3c4f38e3-121c-4820-b0cc-88c191267904,19785,FA Women's Super League,2018/2019,0
a0004c23-16ce-474b-ad45-b0ff3c3e8eb7,19785,FA Women's Super League,2018/2019,0
d66db310-e8d2-4945-8885-4abb7f8d0e96,19785,FA Women's Super League,2018/2019,0
116b26cb-6d5b-42a4-bbe3-4744d6027ce3,19785,FA Women's Super League,2018/2019,1
97641c49-1b9d-4a4c-aef8-ce974ef9394a,19785,FA Women's Super League,2018/2019,0
e8d758c8-a621-4ec2-a1bb-c1eb972df45f,19785,FA Women's Super League,2018/2019,0
fb677544-6ffe-43e4-92b8-5d2ae281d23f,19785,FA Women's Super League,2018/2019,0
d44a8c3d-7041-4e07-9434-cf707f7a9cea,19749,FA Women's Super League,2018/2019,0
fbdea34d-354f-4ff4-ae12-d3131a9ec1f4,19749,FA Women's Super League,2018/2019,0
4ce700ba-f52d-401c-b0dc-af26f361ab40,19749,FA Women's Super League,2018/2019,0
c6b2d4a6-c5d7-4fb0-9b12-4435bfee3e7a,19749,FA Women's Super League,2018/2019,0
3ffc4c64-40d7-4384-a718-4d95190b21d2,19749,FA Women's Super League,2018/2019,0
68f6826c-6a02-42b9-a898-01893dd3ce37,19749,FA Women's Super League,2018/2019,0
19ecdcfb-585e-4acb-b643-90911b86e344,19749,FA Women's Super League,2018/2019,0
ecf98325-b10b-4f6e-81c6-31b069adb70b,19749,FA Women's Super League,2018/2019,0
aa9197b9-bfdd-4d92-af89-dce64f2854b5,19749,FA Women's Super League,2018/2019,0
62cff411-f00d-4c6c-8ab8-a7b70196fdc7,19749,FA Women's Super League,2018/2019,0
6cde8a10-6c72-44d4-8741-97d685d73c43,19749,FA Women's Super League,2018/2019,0
e0655332-3bbc-41e1-b1c0-ba9442f74b14,19749,FA Women's Super League,2018/2019,0
b62239f2-1eb3-4864-a3e6-fc84af5c0111,19749,FA Women's Super League,2018/2019,0
f6f15739-c14a-489b-96c6-f7102252c42f,19749,FA Women's Super League,2018/2019,1
83bf638f-8c10-4cb2-8d91-ec311329a3f2,19749,FA Women's Super League,2018/2019,1
bbb1ffaa-8a31-4174-9794-5695fa277a7c,19749,FA Women's Super League,2018/2019,0
8eac1725-86e7-4dc1-ac1c-6393271a4436,19749,FA Women's Super League,2018/2019,0
51b7135a-7262-4501-a60a-be92d8f5c092,19749,FA Women's Super League,2018/2019,0
83744310-d30c-4b77-a08d-28721a5d1d87,19749,FA Women's Super League,2018/2019,1
c1a2a965-72c0-4245-b46c-86f30079bc5c,19751,FA Women's Super League,2018/2019,0
35797cd0-3cdc-4b2c-800d-29a386b1c666,19751,FA Women's Super League,2018/2019,0
d4dcbaf9-a9e2-4b65-80bd-e32c96ef2e5c,19751,FA Women's Super League,2018/2019,0
a8d653e6-fbe6-45dd-a4ec-76e4fff1c64a,19751,FA Women's Super League,2018/2019,0
fbea06ea-f285-4190-8d17-06284eb28f31,19751,FA Women's Super League,2018/2019,0
4cc79331-0fe7-415d-82e0-e253fa1bb4c4,19751,FA Women's Super League,2018/2019,0
48107ff2-2651-4ecb-8f15-e48c8830082f,19751,FA Women's Super League,2018/2019,0
69f03518-ac2a-41c2-ac2b-03b101ec7175,19751,FA Women's Super League,2018/2019,0
05d544f9-fe19-43f3-bcc0-d7ad98b58194,19751,FA Women's Super League,2018/2019,0
84f8902e-f63c-468f-8607-0c58e4a90544,19751,FA Women's Super League,2018/2019,0
dc1687c3-bb7a-492a-86f5-3e3a101577a2,19751,FA Women's Super League,2018/2019,0
2ff6c3e2-3791-447e-aa98-4d57db93c528,19751,FA Women's Super League,2018/2019,0
12620bfe-6916-4de6-8609-9c81a17438da,19751,FA Women's Super League,2018/2019,0
385dba15-bb30-4f8a-b288-da7fe4667125,19751,FA Women's Super League,2018/2019,0
035610ef-180a-44f6-b7d9-48e0f45029b7,19751,FA Women's Super League,2018/2019,0
8d757285-0ba2-4619-afef-15643ac2a688,19751,FA Women's Super League,2018/2019,1
a55dfa17-8614-453d-a5b7-199e11764256,19751,FA Women's Super League,2018/2019,0
e8baeb8c-e6cc-46a5-ae0f-750605b33f2c,19751,FA Women's Super League,2018/2019,1
5f9fd3b8-3f16-489e-b985-421df8a63ab2,19751,FA Women's Super League,2018/2019,0
f0fd354b-d1de-4b4d-9746-a6a6c05c0f4c,19764,FA Women's Super League,2018/2019,0
ba9a3cae-9180-4eeb-a980-7608af147844,19764,FA Women's Super League,2018/2019,0
49d849c2-5e4b-4d84-8499-bf3fec13407b,19764,FA Women's Super League,2018/2019,0
fb8e9143-6679-4129-890a-c9338a3483cf,19764,FA Women's Super League,2018/2019,0
aabefca1-257e-418a-aaf3-c813b316d83d,19764,FA Women's Super League,2018/2019,0
80c62220-fc63-4c55-bc6d-8fd4d88bfdc8,19764,FA Women's Super League,2018/2019,1
b57bc4d0-f4e1-4d56-b1e5-9cd8c36ab602,19764,FA Women's Super League,2018/2019,0
8b74cd12-c17d-4f32-8f30-705d8323f797,19764,FA Women's Super League,2018/2019,0
72d59445-fd8a-4657-a747-fcead133bb90,19764,FA Women's Super League,2018/2019,0
e93a0d61-3d07-44f1-84b0-ffdbec087dfc,19764,FA Women's Super League,2018/2019,0
c9d434ec-e619-4d31-8b9f-ed0237ba10a6,19764,FA Women's Super League,2018/2019,0
0233a087-a632-431f-8761-1b509229f812,19764,FA Women's Super League,2018/2019,0
cd45edaa-38ea-4c9c-b927-4bcf156af0d9,19764,FA Women's Super League,2018/2019,0
8556af79-492b-4b14-8449-904a5eff7b6a,19764,FA Women's Super League,2018/2019,0
7c81eb79-b477-46aa-99ea-5898e79e2aad,19764,FA Women's Super League,2018/2019,1
f91db78c-6511-46b0-adee-b904ce39e7b1,19764,FA Women's Super League,2018/2019,0
4faa1842-514c-4640-9fd6-be86c780b9a0,19764,FA Women's Super League,2018/2019,0
5c14abdd-fa14-4099-937e-47658e4164f0,19764,FA Women's Super League,2018/2019,0
c3397e54-90e4-48d3-b3a4-a099665ff8ef,19764,FA Women's Super League,2018/2019,0
ead20a67-a9f3-4faa-b330-50a33fcf745c,19764,FA Women's Super League,2018/2019,0
e47dda11-374c-489b-aaad-4838afa6ff90,19764,FA Women's Super League,2018/2019,0
f6a52a79-6995-4c74-b56d-ca91558e509f,19764,FA Women's Super League,2018/2019,0
74b2beec-a9df-443d-b89c-cd9c215c401f,19764,FA Women's Super League,2018/2019,0
a7401445-f8ad-451e-a006-42e0f79436d6,19764,FA Women's Super League,2018/2019,0
29d6e133-0a7d-45a7-8377-f00a885e4874,19764,FA Women's Super League,2018/2019,0
5a5d21d6-e345-4b44-9809-8a80c69fd10d,19764,FA Women's Super League,2018/2019,0
bfca624f-e9c3-40e8-86cc-47c994677c9a,19764,FA Women's Super League,2018/2019,0
85c1f843-c55f-4089-bc47-41ac2137daf1,19764,FA Women's Super League,2018/2019,0
c1d92309-036c-46a2-b80c-23ac550a494a,19764,FA Women's Super League,2018/2019,0
b4788c6c-0b63-4b6e-a8c1-f4a7861ab8de,19764,FA Women's Super League,2018/2019,0
cd5e6446-385e-466b-b9d3-47bd959faedd,19764,FA Women's Super League,2018/2019,0
bc451b5e-20fc-4be6-b0ed-8d501937a93e,19764,FA Women's Super League,2018/2019,0
82bb3b60-96d1-42ab-8bce-b3c5fd2473a1,19764,FA Women's Super League,2018/2019,0
58eea12d-39fe-4f3e-bbc1-c027cf3ae7a1,19764,FA Women's Super League,2018/2019,0
28653bf7-a695-462f-9b25-619f89aaa31f,19764,FA Women's Super League,2018/2019,0
fc962c10-b066-4fec-958c-a9e81ccc1709,19764,FA Women's Super League,2018/2019,1
9ed95c11-251f-422c-9cac-44575108a958,19764,FA Women's Super League,2018/2019,0
f8b363c5-72ac-4e39-942c-cb92babd83a9,19764,FA Women's Super League,2018/2019,0
951c9f77-5cb5-4af1-800d-38bd9f7301d3,19764,FA Women's Super League,2018/2019,0
f491aeea-606e-4ad6-ba0d-02af9ba6418b,19764,FA Women's Super League,2018/2019,0
51174772-25e2-441f-93c4-6b301617f059,19764,FA Women's Super League,2018/2019,0
c3e32f79-c629-4d1a-a0df-349e77b354ec,19764,FA Women's Super League,2018/2019,0
425efef9-c5aa-4c63-8237-0f3e87ae8c22,19764,FA Women's Super League,2018/2019,0
925b1fcc-f9aa-4a4c-a8e6-a19e3e2d7508,19764,FA Women's Super League,2018/2019,0
6121d4b7-6888-4362-9ee9-4e71f6de9c9f,19773,FA Women's Super League,2018/2019,0
f9fbce06-caec-41a1-9287-0e65efecda17,19773,FA Women's Super League,2018/2019,1
aca97829-9abb-46cf-b7da-945e01cde869,19773,FA Women's Super League,2018/2019,0
4d7401b7-cde2-4f8e-851b-9c4ee7c9be2c,19773,FA Women's Super League,2018/2019,0
6cd44607-2702-4340-bf33-043761cd0391,19773,FA Women's Super League,2018/2019,1
79568198-3c77-441a-8ecd-c53f2d8c9384,19773,FA Women's Super League,2018/2019,0
eddfe749-06a4-4ef4-bd99-926d4b81c80b,19773,FA Women's Super League,2018/2019,0
0ca71c4b-7b7b-4e18-89e6-855d2577ff1c,19773,FA Women's Super League,2018/2019,0
3e4a02fc-76a3-41cf-9a3c-e8f31c001861,19773,FA Women's Super League,2018/2019,0
1f224840-71d3-49d6-b77f-1334838db17a,19773,FA Women's Super League,2018/2019,0
ff62293c-da0f-423f-a3e2-1eff13a1f484,19773,FA Women's Super League,2018/2019,1
94822878-c5d2-4730-9951-c36888c42040,19773,FA Women's Super League,2018/2019,0
5422be7a-dab2-40fe-9a6c-5523f638b510,19773,FA Women's Super League,2018/2019,0
e72596bd-753b-4315-bc51-c189522ed29d,19773,FA Women's Super League,2018/2019,0
ae61a14a-b4d5-4c3a-a6e7-433aa97c5f8b,19773,FA Women's Super League,2018/2019,0
78fe2b79-cf21-4f8c-af8e-d666234fadef,19773,FA Women's Super League,2018/2019,0
b0e27e5f-c4fe-42d4-88f1-d21b4011f463,19773,FA Women's Super League,2018/2019,0
ab7e362d-e49a-463e-8d43-0a474ea134ff,19773,FA Women's Super League,2018/2019,0
4e76c226-e52c-4a84-ad35-ec3f8cc45ba7,19773,FA Women's Super League,2018/2019,0
f5d9af5a-2189-49ae-8912-ab99fb84410e,19773,FA Women's Super League,2018/2019,0
dc957fb4-8d23-4a50-8cb9-5a070dbeb8a2,19773,FA Women's Super League,2018/2019,0
8a2244b0-3223-453a-9089-abc7f70b6f24,19773,FA Women's Super League,2018/2019,0
8ff89ad6-1325-44be-97d0-3949a8a081d7,19773,FA Women's Super League,2018/2019,0
15e427fe-02e6-421f-95ba-09bb76d749cc,19773,FA Women's Super League,2018/2019,0
a9d8da8f-2d4e-4235-9b30-699c762189ab,19773,FA Women's Super League,2018/2019,0
41cc614b-2dc3-4433-9c79-a83570f7124a,19773,FA Women's Super League,2018/2019,0
f22b0bd2-b80a-40e5-9bdb-7011c29b2677,19773,FA Women's Super League,2018/2019,0
24a36dc2-bf04-4a3c-8448-ef8f40d38732,19783,FA Women's Super League,2018/2019,0
57b70c04-8888-4e92-967f-d4823efe65fb,19783,FA Women's Super League,2018/2019,0
bcaa8ad5-0d82-4831-a3c7-dff0b05e7b44,19783,FA Women's Super League,2018/2019,1
3e8c11b4-f311-4255-9ecd-d59bb78709a9,19783,FA Women's Super League,2018/2019,0
f20165a7-cc2e-452b-b6e0-26db8d36d1b2,19783,FA Women's Super League,2018/2019,0
546d0736-3790-4472-8088-f0a88c1af6c2,19783,FA Women's Super League,2018/2019,0
d78f62af-c087-44cd-988a-719411b0923c,19783,FA Women's Super League,2018/2019,0
a71f73ba-c92c-4a29-88de-b1b408aba533,19783,FA Women's Super League,2018/2019,0
95ba82a6-086e-47b2-acaf-229384968cbd,19783,FA Women's Super League,2018/2019,0
7d557a77-da72-40e0-9aac-353eaf709198,19783,FA Women's Super League,2018/2019,0
8997129b-e59b-4173-9413-00c38817776f,19783,FA Women's Super League,2018/2019,0
bf9d4728-c080-42c5-a1d7-7744e0c7660b,19783,FA Women's Super League,2018/2019,0
fa47b105-b64b-41f2-a148-6fe09a6ebacb,19783,FA Women's Super League,2018/2019,0
5e9eed88-a9d5-4bf2-ae49-1d51d8a2859f,19783,FA Women's Super League,2018/2019,0
316129b5-1cac-4205-aabd-a6b059059442,19783,FA Women's Super League,2018/2019,0
1640ad5a-ed6f-4945-8c06-134c36860fec,19783,FA Women's Super League,2018/2019,0
5244f92c-5d08-4c20-a3e0-53b131977ad2,19783,FA Women's Super League,2018/2019,0
a603fbfd-ca42-444e-afa5-2d33615c38fe,19783,FA Women's Super League,2018/2019,0
37cc873d-539a-4415-a97e-a2f75717acd3,19783,FA Women's Super League,2018/2019,0
b06eaf37-f0f0-43d5-9da7-2d8a80d70522,19783,FA Women's Super League,2018/2019,0
c6c271aa-9edb-4b2c-9b7e-4cb6e6391728,19783,FA Women's Super League,2018/2019,0
950689da-5b95-4ac2-9cc9-1b6dda7a6a59,19783,FA Women's Super League,2018/2019,0
a9326283-e5c9-42e5-a012-8d94b4098753,19783,FA Women's Super League,2018/2019,0
57cbba02-0e81-4af6-a6f5-5f0dee6b3ac9,19783,FA Women's Super League,2018/2019,1
83394b3c-d30b-453a-88c9-c07d2eca8c1e,19783,FA Women's Super League,2018/2019,0
174b81a7-6602-4537-a37b-fcd8c8096960,19783,FA Women's Super League,2018/2019,0
90d49055-c156-4701-a930-d3b69bf5c4e1,19783,FA Women's Super League,2018/2019,1
ce524fdf-bf4a-463a-aeae-552759129129,19783,FA Women's Super League,2018/2019,0
dc142438-2ca5-4dcb-b0bb-d3855966e21a,19783,FA Women's Super League,2018/2019,0
3d239431-601f-499a-9302-1fa0ba22c1ac,19783,FA Women's Super League,2018/2019,0
02c5d9fc-bf89-43ae-8303-2c3495fd7e00,19783,FA Women's Super League,2018/2019,0
114aaafc-fcbc-4511-a9ca-552016ddc92d,19783,FA Women's Super League,2018/2019,0
4d52769b-3017-4340-9c1c-f99e046a0331,19747,FA Women's Super League,2018/2019,0
63e5558f-c82a-4bc6-931c-43ec5b90965c,19747,FA Women's Super League,2018/2019,0
1b897746-9da6-490d-a621-7c53d875f1c4,19747,FA Women's Super League,2018/2019,0
b29c26e6-9186-47d7-9707-4c31af34084f,19747,FA Women's Super League,2018/2019,0
5c90409f-bbb0-45b3-8fa0-631c96725b23,19747,FA Women's Super League,2018/2019,0
0fd2149b-f159-4a0e-b2d3-7b89514ed135,19747,FA Women's Super League,2018/2019,0
7b0e6618-e7e9-4e93-9ded-d2515a9799c3,19747,FA Women's Super League,2018/2019,0
726d7fda-0300-4f01-831e-d414d3beb823,19747,FA Women's Super League,2018/2019,0
7ab6ee22-fb25-4998-83fb-f5351397776e,19747,FA Women's Super League,2018/2019,0
41c2837c-ae69-410b-bac7-211d521f0719,19747,FA Women's Super League,2018/2019,0
5992f796-638a-4147-98a5-fd0703308b7a,19747,FA Women's Super League,2018/2019,0
4cb79c08-a5f3-41d7-86a9-9f212ae1df2b,19747,FA Women's Super League,2018/2019,0
0a3b49ad-c949-4723-89c9-63eb17a692f5,19747,FA Women's Super League,2018/2019,1
c1654f7f-4874-42ae-ac4c-8fad4c293396,19747,FA Women's Super League,2018/2019,0
51c9f367-e2b0-47af-877a-e7d5ceea9705,19747,FA Women's Super League,2018/2019,0
c7cdc52e-3c46-4d5e-8483-e2fa4e2dd317,19747,FA Women's Super League,2018/2019,0
1cd7d24e-819d-4725-9262-bd98fb6aa6fb,19747,FA Women's Super League,2018/2019,0
b07dd4aa-8c6d-4b14-a30b-0f434d094eba,19747,FA Women's Super League,2018/2019,0
447bb9ac-ecaa-4554-970c-8e3093d1b131,19747,FA Women's Super League,2018/2019,0
4b9936dd-4bc3-4d31-869b-3c13a280486c,19747,FA Women's Super League,2018/2019,1
dae82b6c-c436-49a7-aaeb-399881ee1c6d,19747,FA Women's Super League,2018/2019,0
cc31bc71-5838-4057-a056-379db4490a4d,19747,FA Women's Super League,2018/2019,0
7ef5d6f6-096f-4b53-a4b5-dd84ca0a7f1f,19747,FA Women's Super League,2018/2019,0
8212d831-53d3-4677-96c9-2bb4d0658b41,19747,FA Women's Super League,2018/2019,0
f6e0d8f2-f212-438f-a22b-d4ab1be52465,19747,FA Women's Super League,2018/2019,0
63b90d37-d8a5-4327-8f84-732878a3f799,19747,FA Women's Super League,2018/2019,0
8fa75698-8682-485d-812e-4ec708616fed,19747,FA Women's Super League,2018/2019,0
490fa227-de81-4224-a2fb-43446062da80,19747,FA Women's Super League,2018/2019,0
b7889ed3-d747-4209-8e21-4138bc0f88d2,19747,FA Women's Super League,2018/2019,0
ac623424-a1df-4469-99d4-696113d4f5af,19747,FA Women's Super League,2018/2019,0
a7d35ad2-5bf5-4ffe-a602-b803c1f92f38,19747,FA Women's Super League,2018/2019,0
6ea00ac4-0e6e-44fb-a345-4086c9327b7e,19747,FA Women's Super League,2018/2019,0
c662a9fb-b317-4237-9389-a4adb43d6987,19747,FA Women's Super League,2018/2019,0
5e5acb22-6611-4c7e-882e-33224bb305c9,19747,FA Women's Super League,2018/2019,0
99439dbd-bde3-4cd9-9df5-6ae017b74175,19747,FA Women's Super League,2018/2019,0
caa8d468-1528-4586-a1b0-8f8aa4599aab,19747,FA Women's Super League,2018/2019,0
39b2e817-a042-480d-8635-223526d7fa6e,19747,FA Women's Super League,2018/2019,0
3598b071-40d1-48fd-9b27-b31e20340504,19747,FA Women's Super League,2018/2019,0
f67c211f-96cd-41a1-b6f0-25c125f66d8d,19747,FA Women's Super League,2018/2019,0
94d76c02-f696-4279-bbb6-43482e20294c,19747,FA Women's Super League,2018/2019,0
ef5e6820-086c-4309-93eb-f2f8c5e33db8,19747,FA Women's Super League,2018/2019,0
53a9f7cc-ad5e-4ab4-a6cd-5a4bd4a0a21d,19747,FA Women's Super League,2018/2019,0
d69e5c59-eb7d-4381-b5ad-9a6933dfc0ec,19757,FA Women's Super League,2018/2019,0
88e869f5-60d0-41f8-bbb0-17dcb118e16e,19757,FA Women's Super League,2018/2019,0
44c1028c-5e17-48c8-b6ef-44d3142c91a4,19757,FA Women's Super League,2018/2019,0
53d4d130-eaa5-4839-9856-0e444b0c6bc1,19757,FA Women's Super League,2018/2019,0
9f7b3a83-b82d-438b-80b1-9cfa6866066d,19757,FA Women's Super League,2018/2019,0
9c9d9467-2f7b-4c9d-bd44-d8c7d0b48760,19757,FA Women's Super League,2018/2019,0
5b5661fa-0096-4a4f-be81-238a9385375d,19757,FA Women's Super League,2018/2019,0
2067bea3-5ec3-48d0-b193-a041d7a091fd,19757,FA Women's Super League,2018/2019,0
822188a5-7599-4b26-bec5-739727b74742,19757,FA Women's Super League,2018/2019,0
6062dee9-f3b7-413c-b321-c5be84b88a6d,19757,FA Women's Super League,2018/2019,0
63e61305-4b64-4a47-97f8-e8661b8a4fd2,19757,FA Women's Super League,2018/2019,0
9df3128f-86f0-40cd-9add-1807614445c5,19757,FA Women's Super League,2018/2019,0
6077e21a-7b4a-4e39-a5f3-7adace4bda20,19757,FA Women's Super League,2018/2019,0
adb161c7-d1bc-4b0d-b3ad-6d00ed28d4d6,19757,FA Women's Super League,2018/2019,0
dfc6aa79-834d-4735-bc7f-3855cbf174bc,19757,FA Women's Super League,2018/2019,0
4251f312-bf81-4513-bf34-0d87ab5fee4e,19757,FA Women's Super League,2018/2019,0
32271405-3309-437f-b2c9-3b41f6521117,19757,FA Women's Super League,2018/2019,0
17887b10-b1a1-42b7-8595-eac4f98fdc25,19757,FA Women's Super League,2018/2019,0
01719a8c-5d4a-4d13-a5ef-fc64b38fd833,19742,FA Women's Super League,2018/2019,0
d9f128e9-70a1-45a2-a7aa-7f9c04daa010,19742,FA Women's Super League,2018/2019,0
254f0b3f-68f4-42ef-8953-894dc8d00967,19742,FA Women's Super League,2018/2019,0
e958b601-2225-46f3-a89b-14f16514f8ad,19742,FA Women's Super League,2018/2019,0
f106b93b-0559-4acf-9f2c-9e5ebc6e084b,19742,FA Women's Super League,2018/2019,1
8f2f3340-ca4a-4f42-917a-d61420cca655,19742,FA Women's Super League,2018/2019,1
e04d9d22-4bb1-4cd1-9fbe-53c4f1750bba,19742,FA Women's Super League,2018/2019,0
4fa6e7fb-2d39-436f-bd4a-a21a8c32557b,19742,FA Women's Super League,2018/2019,0
bb2d8bfb-3689-459d-bed0-fb78d3069690,19742,FA Women's Super League,2018/2019,0
e1ea59b0-0964-487d-9dd5-654c0ac79976,19742,FA Women's Super League,2018/2019,0
55266876-f3a7-4823-b5a0-34b9b6e32fab,19742,FA Women's Super League,2018/2019,0
9d9485b9-17e6-4f87-82c9-ebe4893db147,19742,FA Women's Super League,2018/2019,0
485169bc-db5f-432c-9874-522b3aca1d83,19742,FA Women's Super League,2018/2019,0
ff1a5c65-f56e-41fe-966e-170e4bb60ff0,19742,FA Women's Super League,2018/2019,0
df5db5fc-c55b-4658-9e6c-7bc4144d7d30,19742,FA Women's Super League,2018/2019,0
f5dad88d-a99a-481b-b361-c6c841703807,19742,FA Women's Super League,2018/2019,1
8a345ed2-82fa-49dd-bfb7-47f1da9ab0b1,19742,FA Women's Super League,2018/2019,0
85ecbc8f-03ee-46d4-81f2-60ec8ad742db,19742,FA Women's Super League,2018/2019,0
cee8c68b-8907-496f-a853-9d3680987845,19742,FA Women's Super League,2018/2019,0
9550dae9-3ec5-41e4-ba96-7370cfa1bbd7,19742,FA Women's Super League,2018/2019,0
ba6b6ee5-ee98-4503-b3c4-d08751bc91a6,19742,FA Women's Super League,2018/2019,0
47a080f1-76bb-4f7a-a65b-b5b14da8a43b,19777,FA Women's Super League,2018/2019,0
3f0ea3a2-9bdd-4d3f-bfa3-9b8d8736c33e,19777,FA Women's Super League,2018/2019,0
cba0da39-8c57-4fc1-a99d-fa77e869385d,19777,FA Women's Super League,2018/2019,0
2902a079-4b37-4592-92bc-6565fc22057e,19777,FA Women's Super League,2018/2019,0
b861b82e-9c4c-40d1-b827-0ad155fdbe9c,19777,FA Women's Super League,2018/2019,0
238a1433-d441-4b46-b852-e2da083cd1d8,19777,FA Women's Super League,2018/2019,0
f111baf3-086e-4d67-87c3-fff796a1d4c3,19777,FA Women's Super League,2018/2019,0
cd5e9f48-fd2e-4b80-a8b0-28407aac4625,19777,FA Women's Super League,2018/2019,1
4b7d6b8b-fa50-4b1f-b3f4-43b47b98ea5d,19777,FA Women's Super League,2018/2019,0
57b9fa92-47cd-406d-afa1-3bd5a5a19a00,19777,FA Women's Super League,2018/2019,0
58cc89d3-4c73-4ec3-88dd-ec47595ebe3d,19777,FA Women's Super League,2018/2019,1
86c0bf9c-a7a3-4154-82b4-5a051ad8e798,19777,FA Women's Super League,2018/2019,1
fdf91c1e-fc13-4847-b29f-7d8543cbe93d,19777,FA Women's Super League,2018/2019,0
12a58bcd-832e-4a71-a76f-860bd7bee88e,19777,FA Women's Super League,2018/2019,0
f4065cfc-78ce-4ad0-9e37-4bb0d21cf1a5,19777,FA Women's Super League,2018/2019,0
0330a052-f257-418d-aaaa-37c91a6f85b3,19777,FA Women's Super League,2018/2019,0
dffc8ba8-9778-4d66-a417-73a0fab984d1,19777,FA Women's Super League,2018/2019,1
9290e5bc-d7a5-4e31-8a11-ae732c25cf2b,19777,FA Women's Super League,2018/2019,0
70cf793e-2a07-4c3b-bf43-154684d4eade,19777,FA Women's Super League,2018/2019,1
8ae7ab7e-3ba4-4028-b90c-fdfaaf7c5c2d,19777,FA Women's Super League,2018/2019,0
8be11997-1362-49d4-b05f-0490428642c6,19777,FA Women's Super League,2018/2019,0
faa1f643-8c62-4352-a2c2-8e8367e03ea9,19777,FA Women's Super League,2018/2019,0
2d3f1899-ef93-447f-b9ee-167c6fd14c70,19777,FA Women's Super League,2018/2019,0
37ca576d-f7b2-4d18-8ac9-afa50ed880d9,19777,FA Women's Super League,2018/2019,0
7ea3e14c-d5c3-4861-b3d3-0c292baec51e,19777,FA Women's Super League,2018/2019,0
d2c48862-99d8-4431-bbb4-b9635aa4a258,19777,FA Women's Super League,2018/2019,0
91b6d550-06da-4b9e-9958-16a485309084,19777,FA Women's Super League,2018/2019,0
6be20f37-f28f-484a-9d79-d1b97aa95edc,19777,FA Women's Super League,2018/2019,0
4ada60a3-cabd-4624-b79d-e99d9ed7bb9f,19777,FA Women's Super League,2018/2019,0
a1022686-7f1d-466e-b0d0-5d24296e12c1,19777,FA Women's Super League,2018/2019,0
16678084-2764-4e12-a741-4ab183922ed5,19758,FA Women's Super League,2018/2019,0
1c7a92ac-0743-4115-98ee-a54cf9986187,19758,FA Women's Super League,2018/2019,0
32ad69cb-4957-4637-9ba8-8780307917b9,19758,FA Women's Super League,2018/2019,0
b35d7819-ae7d-4200-a20d-491411412723,19758,FA Women's Super League,2018/2019,0
3d209d58-c3b4-40cc-81f7-528378978de4,19758,FA Women's Super League,2018/2019,0
9e655f5e-d119-4745-9579-7ef363692e64,19758,FA Women's Super League,2018/2019,0
17536d0c-6894-4484-b80a-052d25ce5adc,19758,FA Women's Super League,2018/2019,0
5a4ee2f2-9286-4477-8c8f-ac6b5b3e5622,19758,FA Women's Super League,2018/2019,0
464ba1b6-ab1b-4338-bc2c-e8320e1b0658,19758,FA Women's Super League,2018/2019,0
91202970-46ee-4e71-88c8-96eb3b0f4ce0,19758,FA Women's Super League,2018/2019,1
20db88af-80a1-4ef1-8f1d-1ba5995f8b5c,19758,FA Women's Super League,2018/2019,0
1c31c6b7-219c-4397-af73-d8c0ede896a8,19758,FA Women's Super League,2018/2019,0
1d7ab7d6-e9ad-4435-9abe-23f3e14908a9,19758,FA Women's Super League,2018/2019,0
897d7c0f-c264-4b52-9302-9617619b37c2,19758,FA Women's Super League,2018/2019,0
eb396940-c3d7-48fb-8819-87a407d80046,19758,FA Women's Super League,2018/2019,0
2c718253-8302-488f-9fc2-7186cf08de09,19758,FA Women's Super League,2018/2019,0
080688bf-742c-4696-9c3b-1a6011725b62,19758,FA Women's Super League,2018/2019,0
c22f3575-310f-48a0-aa78-52b611f61439,19758,FA Women's Super League,2018/2019,0
a6d4ba93-cea4-4152-b0ca-0a845fa506ef,19758,FA Women's Super League,2018/2019,0
3385e3a2-1f47-41d7-84f5-91e9ccc3f9de,19758,FA Women's Super League,2018/2019,1
711df79e-4947-49ff-8354-7049bba2e2f4,19758,FA Women's Super League,2018/2019,1
2f2fc760-0f46-40c9-a91c-5b0ac347217f,19758,FA Women's Super League,2018/2019,0
1c2a9713-9753-40e3-9ac6-e3cf269a457d,19758,FA Women's Super League,2018/2019,0
6df22bab-026a-44a3-88fb-c30cfc067cc3,19758,FA Women's Super League,2018/2019,0
50eff248-c71a-4195-9c08-1f2a365400bd,19758,FA Women's Super League,2018/2019,0
f156ffa7-1ae9-4543-aca2-bf0adedf3540,19758,FA Women's Super League,2018/2019,0
a1a8e528-2e34-49e6-99b1-701c7b2f3436,19758,FA Women's Super League,2018/2019,1
50b7883c-a44d-4fd9-a12a-4526bb07f21d,19802,FA Women's Super League,2018/2019,0
7080bd22-fb3c-4819-925b-f2cdcd5f244f,19802,FA Women's Super League,2018/2019,0
f3c158e7-9c0c-41c3-a983-6c45c5355a8e,19802,FA Women's Super League,2018/2019,0
75a2705d-1bbf-404c-bc4e-d7309e3da98a,19802,FA Women's Super League,2018/2019,0
b33487bd-5704-4007-941e-002f6a3ee032,19802,FA Women's Super League,2018/2019,0
9638ada1-df94-4900-b500-649390c025d8,19802,FA Women's Super League,2018/2019,0
862e4109-a946-41bc-a48f-4acb6599dfcb,19802,FA Women's Super League,2018/2019,1
e9e236e7-dffa-4f6a-b1ae-62be95271bdf,19802,FA Women's Super League,2018/2019,0
d0d108cb-0e4a-4062-b58e-160a62fa38ad,19802,FA Women's Super League,2018/2019,0
558a04d3-2427-4e91-8df6-eb1a0d3a752a,19802,FA Women's Super League,2018/2019,0
f2a1397b-9916-4326-b6e7-8d58bf5fa1a7,19802,FA Women's Super League,2018/2019,0
3d95a1e0-3962-4ce6-a868-7ad663ccdc92,19802,FA Women's Super League,2018/2019,0
0f2e969f-c261-42f8-875e-8ed332b565c6,19802,FA Women's Super League,2018/2019,0
15f3b877-cbf1-4fd7-bbe0-613b427fa6f0,19802,FA Women's Super League,2018/2019,0
efd837f6-410d-4d73-a7ac-3f9f6f1d531e,19802,FA Women's Super League,2018/2019,0
143efdb4-070c-4af1-a30a-7dc08dded70c,19802,FA Women's Super League,2018/2019,0
da02b8c6-3bb3-4103-aa49-9a24956c1871,19802,FA Women's Super League,2018/2019,0
1df48bc0-24a3-4c91-bc07-6eb9f7c9f61f,19802,FA Women's Super League,2018/2019,0
c7b0dfcf-892e-40b6-b912-29610cd5da8d,19802,FA Women's Super League,2018/2019,0
efc125b6-686f-4c63-98f0-4114059e3e6d,19802,FA Women's Super League,2018/2019,1
d957c9b9-4c34-4957-92a4-89c555cd245d,19802,FA Women's Super League,2018/2019,0
a998abea-bf85-46cf-9bd1-f6fbc0603714,19802,FA Women's Super League,2018/2019,0
19e0f341-902b-4800-8b98-43d0de6fc264,19802,FA Women's Super League,2018/2019,0
2966bc51-3cb6-48f3-b288-8dede2681e56,19802,FA Women's Super League,2018/2019,0
10cabb39-da76-489d-a97e-6cb0154a0f6d,19802,FA Women's Super League,2018/2019,0
37bcb51c-b21a-4896-abdf-30c00226d9b6,19802,FA Women's Super League,2018/2019,0
c807ecea-b192-4128-a4e7-6d2e56c56340,19802,FA Women's Super League,2018/2019,0
3c5cdce6-1ea3-47b5-a0a2-5aee7baf0b1b,19803,FA Women's Super League,2018/2019,0
0c204535-a467-44ec-bf2d-923162874d15,19803,FA Women's Super League,2018/2019,0
6b664b88-a85b-4733-8454-d36fc1b67975,19803,FA Women's Super League,2018/2019,0
c463b1ca-2edd-481e-866a-80add142dafa,19803,FA Women's Super League,2018/2019,0
bff23759-a9b4-4de2-a5d7-c8b723a19c1c,19803,FA Women's Super League,2018/2019,0
740774aa-f531-46a7-b635-4a60eb66297c,19803,FA Women's Super League,2018/2019,0
a6405452-b4c0-43e9-aecf-cd3f4d39c0a7,19803,FA Women's Super League,2018/2019,0
5f0f840d-1d7c-49b5-b1bf-9643483258f7,19803,FA Women's Super League,2018/2019,0
b913dc9f-5fdd-4375-bfbb-d4484aff58e3,19803,FA Women's Super League,2018/2019,0
ccdc35a6-7f33-4f82-8450-38c15fd31e55,19803,FA Women's Super League,2018/2019,0
57f2c9b4-7bc9-48d3-9ff9-a1788dafdd53,19803,FA Women's Super League,2018/2019,0
a6245ff7-1b26-49ec-a253-4836360d8be1,19803,FA Women's Super League,2018/2019,0
d8de4f87-3200-4199-baf0-319799a62c58,19803,FA Women's Super League,2018/2019,0
0ec8830a-e4d1-4a87-8f1c-bc32999acf85,19803,FA Women's Super League,2018/2019,1
c566beeb-dd61-453a-a774-603b1def9194,19803,FA Women's Super League,2018/2019,0
3d7e3701-bccd-4b72-83dc-bcc24dff2134,19811,FA Women's Super League,2018/2019,1
94a15d4a-cee3-4116-bc1e-51ddb41178ff,19811,FA Women's Super League,2018/2019,0
6df01e03-76b8-46c4-b902-b74b9d3a6f9d,19811,FA Women's Super League,2018/2019,0
1c829f55-e485-4a5d-9ff7-7f859292b266,19811,FA Women's Super League,2018/2019,1
35de18b3-6f68-4cc0-9888-0cec8cd8ba54,19811,FA Women's Super League,2018/2019,0
8e14fe26-ba5a-467f-bff2-fab6763d71df,19811,FA Women's Super League,2018/2019,0
60cd08b9-c706-4072-972e-867db556cd30,19811,FA Women's Super League,2018/2019,0
42ba21a6-1704-40c3-9a26-10a1d100dc4f,19811,FA Women's Super League,2018/2019,0
b814d5f3-d130-4443-a11b-521e80df0701,19811,FA Women's Super League,2018/2019,1
a9cb8f0d-759b-48b1-8cdf-cecdc829d47b,19811,FA Women's Super League,2018/2019,0
9d3e141c-a00a-4211-be55-5ff01cc63144,19811,FA Women's Super League,2018/2019,0
e6aef988-e8e2-4b44-bf8f-7f65a2a718d8,19811,FA Women's Super League,2018/2019,0
b1c745a8-0e6f-4c55-a88e-14a30dfcf1b4,19811,FA Women's Super League,2018/2019,0
37a9dfa8-94c7-4360-8630-237642d1f27d,19811,FA Women's Super League,2018/2019,0
b844072a-075b-4c5e-a17b-16d882fbf52d,19805,FA Women's Super League,2018/2019,0
4319fe04-3c71-4df3-b79b-2d9274d1af9d,19805,FA Women's Super League,2018/2019,0
607eeef8-a96b-4c44-a82b-18fdeb753e93,19805,FA Women's Super League,2018/2019,0
7c7d4650-17cf-47eb-9f3d-da6790a2d039,19805,FA Women's Super League,2018/2019,0
424cdb26-015f-4be1-bd40-c54961fc6d4a,19805,FA Women's Super League,2018/2019,0
f532213a-fc23-470d-b437-ad5cd2ef9175,19805,FA Women's Super League,2018/2019,0
268a743c-1209-4b93-8e86-9d3466d35640,19805,FA Women's Super League,2018/2019,0
a273b9b0-2e8d-484d-ae53-cddbc2cea012,19805,FA Women's Super League,2018/2019,0
e448239e-838b-4163-bf07-705f4af4b4a8,19805,FA Women's Super League,2018/2019,0
65831df0-a0bb-48f8-bc8e-bb2ba47e8722,19805,FA Women's Super League,2018/2019,0
73c49c23-7831-441b-bc68-d07ab214999f,19805,FA Women's Super League,2018/2019,1
06902ef5-c8f1-4625-9b02-1730df92d513,19805,FA Women's Super League,2018/2019,0
515e1d6f-b8b3-4fb1-9e17-76b7ff922d78,19805,FA Women's Super League,2018/2019,0
029095a6-ac09-42a9-9f77-2dea6d8f6777,19805,FA Women's Super League,2018/2019,0
56b5751b-4098-424b-ada9-4290eb564eaa,19805,FA Women's Super League,2018/2019,0
085d4968-bc14-416e-b255-67fc38cb52fc,19805,FA Women's Super League,2018/2019,1
e79b0f67-270a-438a-93a7-beab11eaa0ca,19805,FA Women's Super League,2018/2019,0
33b67433-ea34-43e7-94d5-e24a0464511e,19805,FA Women's Super League,2018/2019,0
a87e847b-36f2-4d1f-97e2-78ed2900f21b,19805,FA Women's Super League,2018/2019,0
48caa57c-3775-4b72-8c88-6d9d5aa5759b,19805,FA Women's Super League,2018/2019,0
ba50f539-7cf4-43fe-8bd1-fb2a14abca74,19805,FA Women's Super League,2018/2019,0
70190581-c17e-487d-abe2-7743092cdb1b,19805,FA Women's Super League,2018/2019,0
b2c35444-ea45-45b2-89f3-22993334bcf5,19805,FA Women's Super League,2018/2019,0
8dcd9fb2-8785-4702-92b7-eff5ef552623,19805,FA Women's Super League,2018/2019,0
1adf1885-e6fe-48c3-a2d5-290cab3e3850,19805,FA Women's Super League,2018/2019,0
ae6652d7-2eb5-41c2-b9d4-bbf2f64522d6,19805,FA Women's Super League,2018/2019,0
a88ac0ca-73c7-464f-aded-4adadb7757d0,19805,FA Women's Super League,2018/2019,0
f7088c32-4bd2-45a4-8e61-d65031ef1d8e,19752,FA Women's Super League,2018/2019,0
777935f8-e983-415b-8960-3f026ed776ba,19752,FA Women's Super League,2018/2019,0
344e0c7c-f643-476f-8489-d62a8b8825fa,19752,FA Women's Super League,2018/2019,0
831d58bc-83af-4e9a-91ff-ba5195a4ce81,19752,FA Women's Super League,2018/2019,0
29eb1394-3b78-4032-ab2f-bd11a0aa5bca,19752,FA Women's Super League,2018/2019,0
ede7a47d-5197-4ca0-bbc9-84e52a214166,19752,FA Women's Super League,2018/2019,0
4036d455-507f-40d8-bfc7-f485dd8485b8,19752,FA Women's Super League,2018/2019,0
542926e5-6795-4bd8-adf2-39cee6af203d,19752,FA Women's Super League,2018/2019,0
129f2ab5-69f9-44f9-9f77-802226647137,19752,FA Women's Super League,2018/2019,0
ec423a15-37fe-48fe-8dd2-41a316ce21ea,19752,FA Women's Super League,2018/2019,0
c2894711-ece7-4618-b2f8-e230dda32e9f,19752,FA Women's Super League,2018/2019,0
6c74b269-b4a7-45a0-9084-b7dda9b8a188,19752,FA Women's Super League,2018/2019,0
15c18cf9-18b3-4964-8fc2-26a071dbb097,19752,FA Women's Super League,2018/2019,0
4d0ed291-50a3-4db5-87f7-9c6bc90960d6,19752,FA Women's Super League,2018/2019,1
1617a813-f685-4615-9566-b6b998db910f,19752,FA Women's Super League,2018/2019,0
1e09b669-8df1-4289-95c8-8c01f29d7c7e,19752,FA Women's Super League,2018/2019,0
0d75fe35-6329-421b-978f-56da1e83f051,19752,FA Women's Super League,2018/2019,0
2b18fbe1-ae75-4c00-93ac-c846748a30f6,19752,FA Women's Super League,2018/2019,0
8d4c5c9a-0e23-41e7-9854-2d843264c6f6,19775,FA Women's Super League,2018/2019,0
883c48ce-52ba-47b8-817b-10ffc177f18b,19775,FA Women's Super League,2018/2019,0
620c5055-906b-4fb9-9844-129f883f0e6e,19775,FA Women's Super League,2018/2019,1
0a414f79-b84c-4eb2-b8cd-16ecd100dd54,19775,FA Women's Super League,2018/2019,0
dbb70a98-663c-494e-831c-b53b72e1ba10,19775,FA Women's Super League,2018/2019,0
46f5e90d-d4ca-47c7-8048-d7e19a41705d,19775,FA Women's Super League,2018/2019,0
9bd009e0-97fd-4682-a0d5-c261eb6f6741,19775,FA Women's Super League,2018/2019,0
80d7ea00-9e3c-4382-a2d5-aa2d75fa3a61,19775,FA Women's Super League,2018/2019,0
6928b1f6-ecb9-44c8-a456-9b56c510b094,19775,FA Women's Super League,2018/2019,0
0c03824f-4044-48c0-9a3c-9ddd720f09e0,19775,FA Women's Super League,2018/2019,0
a4b9e7d6-9c1a-4fcf-92f7-9fac8dcda3fd,19775,FA Women's Super League,2018/2019,0
af759874-abee-4576-9e4c-8816be13b621,19775,FA Women's Super League,2018/2019,0
3181d22a-9e49-4125-85d6-290d2b3c2437,19775,FA Women's Super League,2018/2019,0
80d612c6-770a-4f7a-90e2-738e6aa3436c,19775,FA Women's Super League,2018/2019,0
7f4e7795-f58e-4ebf-9041-ad0f0d0e31a7,19775,FA Women's Super League,2018/2019,0
469c4e8f-e82c-4809-983d-c7cb32598ab2,19775,FA Women's Super League,2018/2019,0
c5980cc3-6f34-496d-a9bd-c39662a204df,19775,FA Women's Super League,2018/2019,0
9aaa234a-b431-4d95-a7e6-bfe43ab1a1e5,19775,FA Women's Super League,2018/2019,0
7b102bdf-025b-416e-affc-607bce1c143e,19775,FA Women's Super League,2018/2019,0
94485b78-2392-4a55-9ca3-d72c4ccb3f3d,19775,FA Women's Super League,2018/2019,0
0c5c7068-cf33-411d-9abc-d50b6d759430,19775,FA Women's Super League,2018/2019,0
e7b144a9-6fa1-4388-b3fe-f1269a7803ce,19775,FA Women's Super League,2018/2019,1
4eea9285-74b7-45ca-a2f0-9d2250e29532,19775,FA Women's Super League,2018/2019,0
d5f3a56f-f5e2-4ca2-8fef-d369265f5a24,19775,FA Women's Super League,2018/2019,0
355bfd69-d724-4914-9693-92d755895959,19775,FA Women's Super League,2018/2019,0
84fef400-03a7-43a0-b758-127497282a5c,19775,FA Women's Super League,2018/2019,1
488a7331-1872-4948-b749-0ea90d3289fd,19775,FA Women's Super League,2018/2019,0
be269f75-b854-44b0-a26b-4dab45ce18ea,19775,FA Women's Super League,2018/2019,0
b73aa942-461b-408a-b10f-f677dcb6991b,19775,FA Women's Super League,2018/2019,0
beca6f5e-64c9-48eb-aa69-dae7cf0984a8,19775,FA Women's Super League,2018/2019,0
a98279fd-81ba-4cec-8ff7-5a15dcf456a8,19775,FA Women's Super League,2018/2019,0
ea7d74db-ea7b-4b69-9e6e-02fd2376cd1d,19760,FA Women's Super League,2018/2019,0
e040bf8f-b8e8-4ab2-9408-912c6db46ab7,19760,FA Women's Super League,2018/2019,0
a3e39449-ff45-4f26-96e4-8bdc24e92257,19760,FA Women's Super League,2018/2019,0
0e6e2ebb-084c-43bd-9113-ea42f7a85b60,19760,FA Women's Super League,2018/2019,0
5af00446-b476-4d5e-baea-d9bd05930bab,19760,FA Women's Super League,2018/2019,0
823d7e72-3d09-4058-922d-17213a5a75b4,19760,FA Women's Super League,2018/2019,0
a39c3266-ec22-41c3-a682-47870fd9e231,19760,FA Women's Super League,2018/2019,0
2e09d38c-a53d-4b89-8f51-bac022ed1896,19760,FA Women's Super League,2018/2019,0
d08f3526-21bc-42d4-9f42-423eac4cbe5b,19760,FA Women's Super League,2018/2019,0
27b39f64-eebb-4997-8fd8-e92b01477a10,19760,FA Women's Super League,2018/2019,1
eac107b1-cd98-4cd7-ab76-e63d2f44fc6f,19760,FA Women's Super League,2018/2019,0
8aac3c7b-c127-439c-baf3-15e38248d925,19760,FA Women's Super League,2018/2019,1
1291f29c-3392-47a0-8a18-38e3d5288701,19760,FA Women's Super League,2018/2019,0
f5bb0529-f59e-4b65-8c36-3763a9e7eca9,19760,FA Women's Super League,2018/2019,0
cfce4fa8-1ed2-4c78-8807-6c3cff5fad1c,19760,FA Women's Super League,2018/2019,1
1f01ffbc-7bff-4658-9ca3-1541a3542d23,19760,FA Women's Super League,2018/2019,1
12796baf-6930-4349-87bd-5d84a8653f6d,19760,FA Women's Super League,2018/2019,0
f0be035d-b896-40cd-8fd5-add60008a40f,19760,FA Women's Super League,2018/2019,0
f40c4720-bae3-49a9-82b4-2d698503dd42,19760,FA Women's Super League,2018/2019,0
431a1309-53f7-44ff-9fca-63e42111eca5,19760,FA Women's Super League,2018/2019,0
ba620034-f9b7-4d88-8ed1-1194d3aa85e0,19760,FA Women's Super League,2018/2019,0
9748b5ae-8da5-4a45-aaf5-2715366fd097,19760,FA Women's Super League,2018/2019,0
ae221950-5e73-4887-81b8-4ba1a58177e1,19760,FA Women's Super League,2018/2019,0
bee717e9-6acd-4bfd-b767-7ee5b53255db,19760,FA Women's Super League,2018/2019,0
90bf9549-b1eb-47ea-b306-d5773aa4d7ee,19760,FA Women's Super League,2018/2019,0
dca718ad-2338-4a2a-9f38-1c167f3b70dd,19760,FA Women's Super League,2018/2019,0
10e4c6cf-780d-468d-b9c4-969d960dcce8,19760,FA Women's Super League,2018/2019,0
41e8093c-422e-480e-a77f-d8e858a91fab,19760,FA Women's Super League,2018/2019,0
b2877e8e-b691-4599-a9f5-c63ba58e70b8,19760,FA Women's Super League,2018/2019,0
f3f335b4-c60a-481b-af01-dd3b08c961e5,19760,FA Women's Super League,2018/2019,0
b1552b99-11ae-45ef-a069-c9280c205b60,19760,FA Women's Super League,2018/2019,0
af20b28d-646e-4a90-8423-47a3ac6fd200,19760,FA Women's Super League,2018/2019,1
229aef3b-eb0c-4302-a95f-09362dcff9a4,19760,FA Women's Super League,2018/2019,0
87475413-9972-4793-876d-4ac55ab96b15,19760,FA Women's Super League,2018/2019,0
aa431eea-cff8-4f09-8211-0a13aa3dfce1,19760,FA Women's Super League,2018/2019,0
91738e06-e84c-405a-a323-41a064b55380,19760,FA Women's Super League,2018/2019,0
59f7e837-6d4e-451f-b87e-301284a77416,19760,FA Women's Super League,2018/2019,0
29f7b019-44c8-47fb-9dab-a29b3d6e02a9,19760,FA Women's Super League,2018/2019,0
d3c33171-a8f9-4a1a-94ba-c41269b39b71,19760,FA Women's Super League,2018/2019,0
814e9e7e-5961-4de2-ad02-fea220ff48e8,19760,FA Women's Super League,2018/2019,0
2e6664d6-a1bf-4f03-bf72-f297ee76901e,19760,FA Women's Super League,2018/2019,0
81991ec5-7c1b-4ffc-95ec-13f987bf3a2b,19760,FA Women's Super League,2018/2019,0
347b46c4-ed05-46bb-a29a-c13c659cf7de,19787,FA Women's Super League,2018/2019,1
8464d605-2ea7-463c-8221-9ab83f3af139,19787,FA Women's Super League,2018/2019,0
467b7163-658b-40ec-a3b8-4f664184685f,19787,FA Women's Super League,2018/2019,0
52b1cad0-e28b-42a5-8fe0-79ae689e1c5d,19787,FA Women's Super League,2018/2019,0
fcb2034e-d8b8-4e7e-bbe8-6b45f9cef32e,19787,FA Women's Super League,2018/2019,0
c8a40ce0-f468-4270-81b9-323df125dcd9,19787,FA Women's Super League,2018/2019,0
8eea9a5f-bbad-4006-ab5b-4c4c939771c2,19787,FA Women's Super League,2018/2019,0
a0a9a2b3-c462-4aee-b857-5910c8af0f1e,19787,FA Women's Super League,2018/2019,0
d9220ae8-34a1-487e-8e99-2517faf41981,19787,FA Women's Super League,2018/2019,0
c133f9e6-a78d-4b07-b337-6a6f41b72631,19787,FA Women's Super League,2018/2019,0
4d677ecf-167d-40a1-91a7-7ddb8a07e42b,19787,FA Women's Super League,2018/2019,0
cb515b24-fa64-4bd4-95c3-0be1fbdba748,19787,FA Women's Super League,2018/2019,0
e77a531b-7a67-4f63-80d7-8c47cc2b8cab,19787,FA Women's Super League,2018/2019,0
79e43bc4-5711-4a38-906c-82f713779189,19787,FA Women's Super League,2018/2019,0
8f4e58b0-916d-4b3e-9b6b-aabd57a3a8b2,19787,FA Women's Super League,2018/2019,0
24e31366-672b-4303-bfa1-d249ca6cd18f,19787,FA Women's Super League,2018/2019,0
eb294a58-89ec-46ea-8e87-5c42543ab226,19787,FA Women's Super League,2018/2019,0
d22eae55-fce1-47f3-ba8c-539c298d79c2,19733,FA Women's Super League,2018/2019,0
1c74b59e-d728-459e-8bcb-c011ff821673,19733,FA Women's Super League,2018/2019,0
132b4239-fea5-472e-a927-4eb0cae7c0ca,19733,FA Women's Super League,2018/2019,0
080db458-9c13-4c0a-a565-eed3435b3617,19733,FA Women's Super League,2018/2019,0
324438dc-361b-4cb1-8d1d-3cf825e303c1,19733,FA Women's Super League,2018/2019,0
2acec727-da35-4c1b-9db7-b3811847f06e,19733,FA Women's Super League,2018/2019,0
4425da46-9b4d-414e-9191-828b07c6adcd,19733,FA Women's Super League,2018/2019,0
d6b49a4e-2e74-4289-8e4f-2d522b6fda22,19733,FA Women's Super League,2018/2019,0
5497414c-bb8d-4e3c-a43b-985f357136c6,19733,FA Women's Super League,2018/2019,0
a0714575-a04a-453f-b0d9-361932664270,19733,FA Women's Super League,2018/2019,0
f370825a-5325-4594-a7f6-69916f2ac5f9,19733,FA Women's Super League,2018/2019,0
bfe2d0c4-4685-4521-8de7-8832324ee903,19733,FA Women's Super League,2018/2019,0
fc0d08eb-5065-4195-a824-ede63d4738ef,19733,FA Women's Super League,2018/2019,1
9615a3c5-4fdd-4dc4-a728-496b4a6d22fd,19733,FA Women's Super League,2018/2019,1
0670a437-9347-4156-a35c-96182d00cde2,19733,FA Women's Super League,2018/2019,0
ea22ac89-c647-40af-9873-0fb319ec0e04,19733,FA Women's Super League,2018/2019,0
c0f56f30-27ec-4bed-8311-cd93e2346f03,19733,FA Women's Super League,2018/2019,0
771b4142-c0cd-430e-b866-1014a0de0e04,19733,FA Women's Super League,2018/2019,1
998db80d-f3c8-4fb3-9d0f-968890260623,19733,FA Women's Super League,2018/2019,0
6ee21cd6-71b4-404c-a829-79d700f440b3,19733,FA Women's Super League,2018/2019,1
12e7c086-7c16-4ff2-9559-0cb3b5211525,19733,FA Women's Super League,2018/2019,0
65dee816-3800-462a-b0f6-90488052dd45,19733,FA Women's Super League,2018/2019,0
d5d2b169-8e23-4c0c-b5ec-0de71b238ef3,19733,FA Women's Super League,2018/2019,0
d5ac16c5-6b38-4bd3-a2f6-b86b27ecd6a6,19733,FA Women's Super League,2018/2019,0
42cb0ecf-afe2-4e87-89b0-6383742ca961,19733,FA Women's Super League,2018/2019,0
33e955ab-d430-4215-b1a0-4329771e36bb,19765,FA Women's Super League,2018/2019,0
e74ba57e-533d-497f-b595-5573969eaa29,19765,FA Women's Super League,2018/2019,1
37a7a5ef-41c1-442c-b5dd-abb2f3695731,19765,FA Women's Super League,2018/2019,0
d5412749-8b79-41c1-b4be-3342faf420b5,19765,FA Women's Super League,2018/2019,0
8f5467f7-e1dd-4bcb-8848-c3f69dee0062,19765,FA Women's Super League,2018/2019,0
c946dd26-bf84-4b6c-b077-a65031b5e620,19765,FA Women's Super League,2018/2019,0
0c5299c4-1ebd-4640-ad09-00c1ebaf4770,19765,FA Women's Super League,2018/2019,0
d413efb5-7c5b-43a5-96e1-3f2213bd7cef,19765,FA Women's Super League,2018/2019,1
1cb2ee2a-212e-4cbd-9729-03853c6638fc,19765,FA Women's Super League,2018/2019,0
ac4fe381-a570-49b7-8ca8-76ceadde3e14,19765,FA Women's Super League,2018/2019,0
278832f9-f483-4693-8a07-eedf91888870,19765,FA Women's Super League,2018/2019,0
72d1c869-cc57-4f39-aa72-67af38f568cc,19765,FA Women's Super League,2018/2019,0
bc2c3982-8d26-453a-9c85-61d2bcc57c2b,19765,FA Women's Super League,2018/2019,0
d494f38b-d7ab-4bbc-9b7b-26fa27814dda,19765,FA Women's Super League,2018/2019,0
5c60d1a4-72c8-4b80-896b-c577974fb5d9,19765,FA Women's Super League,2018/2019,0
165aca3b-5dd3-4318-94c1-ca3de228104a,19765,FA Women's Super League,2018/2019,0
8f36c2c6-392a-4961-88fa-351eb2efc96d,19765,FA Women's Super League,2018/2019,0
afd087c0-a832-4c4e-b387-3d5d38ea904e,19765,FA Women's Super League,2018/2019,0
f37daaa0-5570-493b-8804-985f62993b55,19765,FA Women's Super League,2018/2019,0
e62e4b24-68cd-4885-ad03-5b5b6cc3257a,19765,FA Women's Super League,2018/2019,0
38ec0771-7dee-4378-81c9-899f4ae1d11d,19765,FA Women's Super League,2018/2019,0
d6fcc508-4cf0-4917-abc5-ab2add48f32c,19792,FA Women's Super League,2018/2019,0
9b04acb7-ba0a-4468-b90c-72e63453d8f0,19792,FA Women's Super League,2018/2019,0
6c83b23f-3b1f-49c2-a746-e2ff3080f382,19792,FA Women's Super League,2018/2019,0
829033ca-9f06-4112-8ec4-3faf683beb54,19792,FA Women's Super League,2018/2019,0
409f6832-2431-4967-a503-9489f044df27,19792,FA Women's Super League,2018/2019,0
02e6128f-97be-4745-b590-8e8fb951786b,19792,FA Women's Super League,2018/2019,0
13f59f13-bc17-4f99-acca-5bd3cd4dbd58,19792,FA Women's Super League,2018/2019,0
66d5140b-7637-49e8-8e27-3774790337c7,19792,FA Women's Super League,2018/2019,1
80aa76cc-fbdf-4172-8b71-0efb5f4a8b9d,19792,FA Women's Super League,2018/2019,0
a298afe1-16ee-49a0-8bbd-28d0bb64889b,19792,FA Women's Super League,2018/2019,0
0b6a52fc-dbba-4e6a-910d-efdf5bfc7805,19792,FA Women's Super League,2018/2019,0
2c71b2b5-714b-4058-b9a0-850cc9266a6a,19792,FA Women's Super League,2018/2019,1
9699234e-2490-4a8d-a8e1-9df4229a40fe,19792,FA Women's Super League,2018/2019,0
c81653c4-9826-43ff-afca-56b4b9b95531,19792,FA Women's Super League,2018/2019,0
f4e3b085-b1a3-4f88-a770-f9279ba103b6,19792,FA Women's Super League,2018/2019,0
e4450721-1460-42ef-8228-1956ac15a56c,19792,FA Women's Super League,2018/2019,0
c83f7701-0ed4-4dc7-94df-d5d641472c0d,19792,FA Women's Super League,2018/2019,0
cd22e0ad-4563-4244-a447-d355b553b46e,19732,FA Women's Super League,2018/2019,0
29f65863-4d7e-4283-8a7e-3dceeb681a25,19732,FA Women's Super League,2018/2019,0
5d7e7cda-6e52-48e9-9c9c-d845b7379d24,19732,FA Women's Super League,2018/2019,0
e53b9b0e-76b7-4db2-a9b5-0523041e3fee,19732,FA Women's Super League,2018/2019,0
37724f11-502b-4e2a-865f-7405747a4f1b,19732,FA Women's Super League,2018/2019,0
e117afb6-b789-4a25-a046-2b6c9d5c9c12,19732,FA Women's Super League,2018/2019,1
18b81077-cb29-402e-9597-092d20d04898,19732,FA Women's Super League,2018/2019,0
35475c23-c953-4f88-8638-33165fd6cf4b,19732,FA Women's Super League,2018/2019,0
477d4d03-3a2d-4c09-a18c-972450fa7d43,19732,FA Women's Super League,2018/2019,0
6e87cd36-3601-461f-99d9-cfc26c82ae88,19732,FA Women's Super League,2018/2019,0
2c6198c2-02db-4b37-a561-91838fe8c350,19732,FA Women's Super League,2018/2019,0
1c5a8ebd-e911-4230-b1a3-1823a5fcb112,19732,FA Women's Super League,2018/2019,0
02625097-87c0-4e63-b01f-28405fd35191,19732,FA Women's Super League,2018/2019,0
c7b71593-3586-478a-b5cc-231df410d472,19732,FA Women's Super League,2018/2019,0
56387427-3708-4bbb-8ed8-94fd4adcbbf7,19732,FA Women's Super League,2018/2019,0
0f9f459d-78da-451e-9833-a7d3c55203e3,19732,FA Women's Super League,2018/2019,0
13668b9a-94f7-4f6e-87a0-276094885158,19732,FA Women's Super League,2018/2019,0
d9634575-874b-4966-a64f-f662758a958e,19732,FA Women's Super League,2018/2019,0
002f75e7-048b-4f3f-b00c-f48b42546133,19744,FA Women's Super League,2018/2019,0
0fa62347-fc7b-4385-abc2-1868ed1a36f4,19744,FA Women's Super League,2018/2019,0
24ca8937-f824-4d8b-9d95-4f2873a7bc9b,19744,FA Women's Super League,2018/2019,0
13f31d9e-5c1c-4a17-8431-0951346cf783,19744,FA Women's Super League,2018/2019,0
6b36f12a-ef94-4908-ae19-bbfedd775079,19744,FA Women's Super League,2018/2019,1
2dd57861-bd5d-41e5-979a-0e838bb9f235,19744,FA Women's Super League,2018/2019,0
7c461ac4-97b2-46f3-b8a2-2c1032bf4996,19744,FA Women's Super League,2018/2019,0
fa6ce2ff-3180-44e3-b743-87851bddc99d,19744,FA Women's Super League,2018/2019,0
198707c6-a8e6-41df-9c4e-2de2f57b69ab,19744,FA Women's Super League,2018/2019,0
6b240043-31d1-4531-a694-74f9be5a6590,19744,FA Women's Super League,2018/2019,1
b8ea2722-c16e-4a69-923a-127b34ad32b7,19744,FA Women's Super League,2018/2019,0
b9b5302c-adef-49c2-a366-6b5a1a23650e,19744,FA Women's Super League,2018/2019,0
212d4a3b-7301-4379-9149-d576855ea236,19744,FA Women's Super League,2018/2019,0
6d14667f-8c12-4782-af69-7d29269f85ea,19744,FA Women's Super League,2018/2019,0
c6077dc1-91eb-44f1-b3db-a1b671d67c8e,19744,FA Women's Super League,2018/2019,0
afed6a71-fcc6-4b43-be09-03745451247f,19744,FA Women's Super League,2018/2019,0
a2305f2e-3439-4815-acb1-541c3bb1d057,19744,FA Women's Super League,2018/2019,0
9a6579d7-8814-46ca-8a63-540a93f85680,19744,FA Women's Super League,2018/2019,0
65eeffb7-b5c7-4fe9-9cc7-4ba02f69f9f9,19744,FA Women's Super League,2018/2019,0
6475c990-27ab-4662-8d8f-a2e6d0f1bd60,19744,FA Women's Super League,2018/2019,0
5aabf6c0-af2e-43a7-8440-32abd35a6cce,19744,FA Women's Super League,2018/2019,0
2b155122-53f7-4ae2-8466-c7374dad8821,19744,FA Women's Super League,2018/2019,0
37e12e50-14f2-4326-adae-4af5c971df66,19744,FA Women's Super League,2018/2019,0
a9d2b3c4-4f18-4a8a-b75d-32f27a4e1dbb,19744,FA Women's Super League,2018/2019,0
3d425140-306d-4c69-b6d9-99532765aaa6,19744,FA Women's Super League,2018/2019,0
61694e57-16ba-415a-946e-aee14b33d40b,19744,FA Women's Super League,2018/2019,1
774f4cf7-ea16-4e1e-b94b-42a775e5b9e6,19744,FA Women's Super League,2018/2019,0
436d0a1f-1132-47ed-9c75-3d07ac9fb58c,19744,FA Women's Super League,2018/2019,1
b9e36465-ed44-4d14-b451-62001955bb96,19744,FA Women's Super League,2018/2019,0
bf215ac6-7fcf-48e5-935e-244f8c677d70,19799,FA Women's Super League,2018/2019,0
841b1996-b70a-4271-952d-7d0711021969,19799,FA Women's Super League,2018/2019,0
1e7d6ddb-a047-4825-876a-e3cf033ab3a0,19799,FA Women's Super League,2018/2019,1
a1eca3b8-8c3a-46b7-8e52-7df5b4052f72,19799,FA Women's Super League,2018/2019,0
5a310d73-da58-4940-9b37-09b375783eea,19799,FA Women's Super League,2018/2019,0
625b252c-b515-48b5-a5f7-171230683ac3,19799,FA Women's Super League,2018/2019,0
b7ee3eae-d50a-4d47-b462-bec1c7b62489,19799,FA Women's Super League,2018/2019,0
8ab5f66a-faaf-4f7a-beab-d70eb3892f0c,19799,FA Women's Super League,2018/2019,0
eecbb543-a576-4a1c-be81-9a6425e6fcd3,19799,FA Women's Super League,2018/2019,0
fa28d90b-13e6-438b-b1cb-97b25b315bd6,19799,FA Women's Super League,2018/2019,0
d21fece2-c333-4a23-9866-9650f5caa3ac,19799,FA Women's Super League,2018/2019,1
137ad43c-72cb-4b6b-8328-3afec31ba1dd,19799,FA Women's Super League,2018/2019,0
5bca41e2-91a4-45cf-8637-5cc18d6d472f,19799,FA Women's Super League,2018/2019,0
90589a51-bb64-40a5-ad62-b5d33e493432,19799,FA Women's Super League,2018/2019,0
d850a96c-ea7f-4c30-8cdf-b66749c9a7d6,19799,FA Women's Super League,2018/2019,0
6ebcf03f-a328-4674-b833-a3f36221342c,19799,FA Women's Super League,2018/2019,0
995b4193-8ffc-4cfb-aa73-e45cd1d8412f,19799,FA Women's Super League,2018/2019,1
feba1eb4-0c03-4b76-b169-b696d5347e1f,19753,FA Women's Super League,2018/2019,0
e0ab204a-1475-4656-b43f-78f9214d8e72,19753,FA Women's Super League,2018/2019,0
c3268c66-5412-4ee8-96a1-46177d28a3c8,19753,FA Women's Super League,2018/2019,0
91b90118-cf7c-4a62-b438-9c902bcbf25e,19753,FA Women's Super League,2018/2019,0
942b2638-f45c-476e-96b2-2f38749054da,19753,FA Women's Super League,2018/2019,0
f62e9ac8-fa1c-47e6-86db-f6ac30bbbdbc,19753,FA Women's Super League,2018/2019,0
7b9eefb3-e9bf-4350-b095-2c596a5183e6,19753,FA Women's Super League,2018/2019,0
4f86f984-a35b-483c-a26c-afe4b3409051,19753,FA Women's Super League,2018/2019,1
6f0f602c-120b-4fdf-b38d-751db36297b6,19753,FA Women's Super League,2018/2019,0
038ccba8-4339-4a3a-8dfd-69f4a994812e,19753,FA Women's Super League,2018/2019,1
9bb10c65-4e59-4406-84c0-3186b92a12a7,19753,FA Women's Super League,2018/2019,0
5cb201f2-daaf-4e68-b132-fdda04d84581,19753,FA Women's Super League,2018/2019,1
626ec6ec-573b-4939-9382-cb0c63bc45fb,19753,FA Women's Super League,2018/2019,0
0da16195-5951-4930-bd80-f8e37df93a4e,19753,FA Women's Super League,2018/2019,0
7263c211-a073-4fb0-98a5-9959fa873155,19753,FA Women's Super League,2018/2019,0
8ce53cf2-97a5-44f2-808e-5a968e1fbb00,19753,FA Women's Super League,2018/2019,0
b7e41f19-4a57-4622-a245-adb49d6850ab,19753,FA Women's Super League,2018/2019,0
c98bec47-6752-49da-b116-81471f812b6d,19753,FA Women's Super League,2018/2019,0
dcd81058-0a86-4a0c-af37-2c86c8dab95a,19753,FA Women's Super League,2018/2019,0
34fb8d58-ba55-4628-83c1-11c6cb155589,19753,FA Women's Super League,2018/2019,0
02d03ffd-6588-4817-b4ec-c66aa6dc7aaf,19753,FA Women's Super League,2018/2019,0
9d4f70b1-688f-456d-8c21-c4ab70e0fdf1,19735,FA Women's Super League,2018/2019,1
d795f478-be55-4ab5-bdcb-8f56ef410d4f,19735,FA Women's Super League,2018/2019,1
338f2d59-1067-4c1b-a56f-00f7ab97a203,19735,FA Women's Super League,2018/2019,1
dcd5701c-6cdb-46e8-a216-c706bc9a63c4,19735,FA Women's Super League,2018/2019,0
9a9746e7-8c4b-45eb-9534-ecdfb2411af3,19735,FA Women's Super League,2018/2019,0
e0527700-6788-43dd-a52e-e6055613c8d4,19735,FA Women's Super League,2018/2019,0
ba187475-6c09-4301-ae88-6a3cdab290e2,19735,FA Women's Super League,2018/2019,0
9d686a30-a118-4ae5-a887-83cadf93c341,19735,FA Women's Super League,2018/2019,0
2268c00d-16e7-4305-8b6d-733e6b46e3b0,19735,FA Women's Super League,2018/2019,0
fdd9c8f7-0472-4775-8e09-b0ca1d6c2078,19735,FA Women's Super League,2018/2019,0
3cc84fc7-c041-45b2-8e84-1eb993b0384c,19735,FA Women's Super League,2018/2019,0
7fb430ae-8304-4e6c-8d13-2dc4cddc998e,19735,FA Women's Super League,2018/2019,0
5210b631-09cb-4663-bc82-64286f5a6158,19735,FA Women's Super League,2018/2019,0
d962381b-4d2e-4ce2-8149-b2a92e7aac0e,19735,FA Women's Super League,2018/2019,0
37ed5315-aba0-4151-92db-54400ac8e8ba,19735,FA Women's Super League,2018/2019,0
8d74f221-7993-48db-bc65-04ec4972e68d,19735,FA Women's Super League,2018/2019,0
60282a79-8d36-4af9-b165-ac482fb2e574,19735,FA Women's Super League,2018/2019,1
15ba389a-6dc6-4316-8a2a-3f443baf8930,19735,FA Women's Super League,2018/2019,0
bd65d1c7-1a42-4bf2-8ede-560b4e68ccf4,19735,FA Women's Super League,2018/2019,0
ae51cfd6-e39e-4cb6-a9d9-4c1267184152,19735,FA Women's Super League,2018/2019,1
b1d3c194-f504-4e67-887b-5c203fec3afc,19735,FA Women's Super League,2018/2019,1
5da26f45-7ec9-427b-bbc8-7d43effbe0aa,19735,FA Women's Super League,2018/2019,0
d901f17a-4ec2-4663-8560-d3e5fbe0a06b,19735,FA Women's Super League,2018/2019,1
68b08e52-2344-4412-b415-941822f9b5ad,19735,FA Women's Super League,2018/2019,0
4831a224-ee27-4bc5-872a-d07c214d5b6c,19735,FA Women's Super League,2018/2019,0
f6baf977-aa70-433b-bfe2-cb1d5d88dc6c,19735,FA Women's Super League,2018/2019,0
9f78ce90-1196-462f-8e5d-874fcc31ef39,19720,FA Women's Super League,2018/2019,0
c5075254-4bd0-4073-aacf-69d464c55f98,19720,FA Women's Super League,2018/2019,0
0291169e-b424-440f-8f70-2dd3704bf50a,19720,FA Women's Super League,2018/2019,0
3741e209-a9e1-415e-9896-4bdcd9a4dc1d,19720,FA Women's Super League,2018/2019,0
308d7d85-077c-40a3-809d-53238168fa36,19720,FA Women's Super League,2018/2019,0
35c2ac9b-2276-4202-ae6c-8c133c3e05f7,19720,FA Women's Super League,2018/2019,0
96d5c6da-3e20-4786-ac45-b7126b1ee98a,19720,FA Women's Super League,2018/2019,0
85f7482d-83fd-456b-9b72-f64b0b665dad,19720,FA Women's Super League,2018/2019,0
6bf4ece0-bd77-4e5a-9503-8d9da1b06498,19720,FA Women's Super League,2018/2019,0
42ffc9e4-eebe-457d-afc2-5df1f060d74a,19720,FA Women's Super League,2018/2019,0
835753e7-02ac-469a-b9df-6bb32cd98836,19720,FA Women's Super League,2018/2019,0
3de14b7c-932b-43e9-b8d2-4d43e142f1d2,19720,FA Women's Super League,2018/2019,0
d6c8875c-5d65-475a-ac43-a25b65e6b247,19720,FA Women's Super League,2018/2019,0
c41a0d4c-af09-4140-b860-a0f5f5768c14,19720,FA Women's Super League,2018/2019,0
c9603b16-a55e-4de5-927e-3a954e77bef1,19720,FA Women's Super League,2018/2019,0
6f857b3d-1108-453d-b677-76a0635de2e3,19720,FA Women's Super League,2018/2019,0
f64f2ff1-9f23-40f1-b028-c927c8b99d69,19720,FA Women's Super League,2018/2019,0
61d95637-0ab8-4da9-97aa-a3264f92bd90,19720,FA Women's Super League,2018/2019,0
de183000-cf75-47dc-8c0d-41c243d262a7,19720,FA Women's Super League,2018/2019,0
d1f50463-e617-42b3-b0cc-f5f68258050c,19720,FA Women's Super League,2018/2019,0
281618ca-06a3-4c25-b67c-87964c1d3ad8,19720,FA Women's Super League,2018/2019,0
ce741f32-e35d-4c8d-9ec9-ef033379680e,19720,FA Women's Super League,2018/2019,0
083e1061-942b-4012-9845-923a071b9973,19720,FA Women's Super League,2018/2019,0
d527bf19-0c18-4883-b166-d8f634aeae2d,19720,FA Women's Super League,2018/2019,0
3b6b9cb3-41f4-405b-a44b-a82586d8d6ce,19720,FA Women's Super League,2018/2019,0
51c9bac0-2dbc-455e-851b-46ffedbba9b9,19720,FA Women's Super League,2018/2019,0
48a77f92-ac2e-4841-8247-cd1209df12dc,19720,FA Women's Super League,2018/2019,0
44f51ec4-d8d4-4b74-a07b-65bc6bc35a13,19719,FA Women's Super League,2018/2019,0
8e067dc0-d396-4634-b3e7-31e462c7ee90,19719,FA Women's Super League,2018/2019,0
b5f3c9d2-5df5-4048-aca6-d3f5a7a4e96a,19719,FA Women's Super League,2018/2019,0
02c0fc09-15b2-417c-9fe2-1cf9812c43b4,19719,FA Women's Super League,2018/2019,0
20882a89-c868-43c3-86da-378871cef9d7,19719,FA Women's Super League,2018/2019,0
b35c176c-9f46-43a2-9aab-6f4b006ae8be,19719,FA Women's Super League,2018/2019,0
3d233840-f928-423d-b2c0-8494c6e231fd,19719,FA Women's Super League,2018/2019,0
beb46dc1-aa06-49be-9dbb-e742277eef9c,19719,FA Women's Super League,2018/2019,0
baef73d7-d04c-4e88-8f48-a6dd9c69ed7e,19719,FA Women's Super League,2018/2019,0
5278cbce-355f-4168-9d36-c4bf8e953fd7,19719,FA Women's Super League,2018/2019,0
ff76d16a-8a08-41c3-9d15-c007b8720d55,19719,FA Women's Super League,2018/2019,0
cca2c38c-e8d9-4c53-ad80-1fe0c1d65fd3,19719,FA Women's Super League,2018/2019,0
19fd8128-c55f-4d4d-833f-c3954633b565,19719,FA Women's Super League,2018/2019,0
cd8b2a9d-1a71-4152-b63b-57c54a903749,19719,FA Women's Super League,2018/2019,0
69dd9197-dcc4-4883-b969-24322a916016,19719,FA Women's Super League,2018/2019,0
aebf9da3-920d-4e3a-afed-2c7a20481646,19719,FA Women's Super League,2018/2019,0
74f6395d-ec4e-46bf-9dac-fbc7761fd28b,19719,FA Women's Super League,2018/2019,0
4473e924-7b25-4d1a-be28-f15e811bfe1c,19719,FA Women's Super League,2018/2019,0
e9637efc-6440-4237-99ba-f32caf74ca09,19719,FA Women's Super League,2018/2019,0
e261632e-6326-496f-b071-cfdcb3886c9a,19719,FA Women's Super League,2018/2019,0
4fc6a23a-b1f4-41db-ad5f-ea253d559c09,19719,FA Women's Super League,2018/2019,0
709648da-6825-4d4b-9ba1-e1eb62473356,19715,FA Women's Super League,2018/2019,0
4251dc19-be28-4d98-a3d0-23e90debbfdc,19715,FA Women's Super League,2018/2019,0
d771b1d3-029d-43ca-81d3-71ce9ff13f83,19715,FA Women's Super League,2018/2019,0
05df0938-5e2b-4a04-939b-e9ea1803122c,19715,FA Women's Super League,2018/2019,0
07bb34c0-cc87-4cda-99a6-eac67d647580,19715,FA Women's Super League,2018/2019,0
97c149c6-4478-415f-a6d2-232bb3e67368,19715,FA Women's Super League,2018/2019,0
e99cd237-8512-4dac-ac3c-28506f738f73,19715,FA Women's Super League,2018/2019,0
1a7ec14d-ab96-4e81-91ec-422738db5b2d,19715,FA Women's Super League,2018/2019,0
4c1a04a1-ff39-4f55-9623-7ac4aaf63676,19715,FA Women's Super League,2018/2019,0
4fec51fe-bfe1-4d32-8b15-9fcfdbf0d32c,19715,FA Women's Super League,2018/2019,0
cf7df504-fea5-4aab-9ae0-ef1b97725254,19715,FA Women's Super League,2018/2019,1
7f306365-6951-4a45-96e2-8782e39641f0,19715,FA Women's Super League,2018/2019,0
f8ab8cbc-f504-4ff4-a628-4cd2ea84bbbc,19715,FA Women's Super League,2018/2019,0
237cf50d-dcd8-4ef0-be6a-19caef9cc3dc,19723,FA Women's Super League,2018/2019,0
ce85277f-166e-45ad-bf86-b04e93f13896,19723,FA Women's Super League,2018/2019,0
59bee61d-c9d8-4d40-badb-1a9f65367d24,19723,FA Women's Super League,2018/2019,0
e1ac5232-c621-45db-ac33-e4e562a26045,19723,FA Women's Super League,2018/2019,1
be9bf4db-f539-4c08-be97-6692725bbbab,19723,FA Women's Super League,2018/2019,0
6ffa4f7c-1798-4f65-9f70-f86e37962018,19723,FA Women's Super League,2018/2019,0
67242e0f-88a5-4b01-9f5d-6ac2478e6547,19723,FA Women's Super League,2018/2019,0
f76b4d76-94cd-40ae-8ae8-50ef34300cda,19723,FA Women's Super League,2018/2019,0
1e968198-31c8-4581-b9fd-41ed04050d71,19723,FA Women's Super League,2018/2019,0
26ea2220-baee-43c0-9240-f05c3afe8992,19723,FA Women's Super League,2018/2019,0
b163f059-ce0e-4e3a-8be3-46cb4b5e5996,19723,FA Women's Super League,2018/2019,0
abb13019-2c26-453b-9dcd-8432c464b3f4,19723,FA Women's Super League,2018/2019,0
c3e4768c-b4c8-4c91-9c67-029e56fc0a7e,19723,FA Women's Super League,2018/2019,0
70908f37-6dd0-4810-85d6-40c33ae56818,19723,FA Women's Super League,2018/2019,0
383efcc4-a5c8-4907-ae16-811fb75e4631,19723,FA Women's Super League,2018/2019,0
38f9453c-6bfe-4804-9ccf-06f461c9d361,19723,FA Women's Super League,2018/2019,0
94d8f59c-cdf7-4416-a1a8-059110791edd,19723,FA Women's Super League,2018/2019,0
53257229-a40b-47b7-8a46-f15dd27c0dc0,19723,FA Women's Super League,2018/2019,0
c0933b2a-1ec3-40ee-9b1a-ba2580de7003,19723,FA Women's Super League,2018/2019,0
610baa26-f711-4695-b56b-f32381875af2,19723,FA Women's Super League,2018/2019,0
0c57af1e-c906-4986-b8a8-bf50fcc762c7,19723,FA Women's Super League,2018/2019,0
0c0f4802-660b-4cba-8476-2b56d798009b,19723,FA Women's Super League,2018/2019,0
9269b56b-f058-4602-adc9-50b98a09f89e,19723,FA Women's Super League,2018/2019,1
8039512f-3959-4939-acdb-7e1f9cc892da,19723,FA Women's Super League,2018/2019,0
65ded914-9c0d-49a1-82f9-5b8aeb4033f6,19723,FA Women's Super League,2018/2019,1
8fd41481-eb56-4f1a-88c1-5175bd998399,19723,FA Women's Super League,2018/2019,0
ac46b493-4445-4a60-85f7-c59b27dfd47a,19723,FA Women's Super League,2018/2019,0
647a22d3-c9dd-4a8d-adc0-683f808585be,19723,FA Women's Super League,2018/2019,0
1fadca61-0e76-47e6-8e4c-956e1e2c27bd,19723,FA Women's Super League,2018/2019,0
aa421014-29dc-4456-b171-593a7cd48b8c,19723,FA Women's Super League,2018/2019,0
3ce7e21e-dac8-4df9-8438-011fe4b468e7,19723,FA Women's Super League,2018/2019,0
82dfca5a-b483-4247-abb9-1c2e7077887c,19723,FA Women's Super League,2018/2019,0
d0270562-6f3d-4385-8742-65679fb7481b,19723,FA Women's Super League,2018/2019,0
410d7c2b-6fee-4397-a03e-526b3163c92d,19723,FA Women's Super League,2018/2019,0
5f6aa747-0687-4a07-a9d2-5c4a410f93f1,19723,FA Women's Super League,2018/2019,0
bfbf8112-e4a8-44a4-8d9f-e6ce93c52324,19723,FA Women's Super League,2018/2019,0
f261894a-2ed3-4630-b064-7831644350e0,19723,FA Women's Super League,2018/2019,0
f88d80c3-1fc3-481f-9b3a-3a6dcfc3f67d,19723,FA Women's Super League,2018/2019,1
a37bfe5b-d954-444f-841d-1622549bc73f,19722,FA Women's Super League,2018/2019,0
9c407e62-b5aa-455c-aa22-9c5ba156d836,19722,FA Women's Super League,2018/2019,0
69a609c7-7a35-4bb6-add1-a3902ed58b1f,19722,FA Women's Super League,2018/2019,0
0522b8cb-b8a9-4491-8820-f303023ff721,19722,FA Women's Super League,2018/2019,0
e6796755-2a07-4409-b228-4d39ddb41354,19722,FA Women's Super League,2018/2019,0
27670ea5-d025-482e-88eb-55c670a36754,19722,FA Women's Super League,2018/2019,0
8a342f08-9ab3-4bfb-91e7-4a15146125b3,19722,FA Women's Super League,2018/2019,0
3de6d2d4-735c-48c1-b3d2-1ff0efa86157,19722,FA Women's Super League,2018/2019,1
b5fd5890-fe24-4175-889b-9014247ff124,19722,FA Women's Super League,2018/2019,0
0edf3f5d-312b-4351-adc5-ca4a26399d68,19722,FA Women's Super League,2018/2019,0
324fb67a-db2a-4a97-b285-c375ce68279d,19722,FA Women's Super League,2018/2019,0
e992cdce-9a79-48a9-a3af-c55bb97ad519,19722,FA Women's Super League,2018/2019,1
3706fba6-f6a3-4c29-bea0-16261e63e933,19722,FA Women's Super League,2018/2019,1
f903df1a-7ee4-4718-a4a5-24ad4913efc0,19722,FA Women's Super League,2018/2019,0
e20fae35-075d-445a-9cca-99bb0ca3f783,19722,FA Women's Super League,2018/2019,0
5568020a-56fd-4615-977b-a442740fed8b,19722,FA Women's Super League,2018/2019,0
10ffb463-2d47-4f88-9b8b-cfa1492d5b39,19722,FA Women's Super League,2018/2019,0
fa33e19f-d1e8-45fa-9eb9-47023105031b,19722,FA Women's Super League,2018/2019,0
ddedcd5f-6845-40be-bb17-221c74d5bf30,19722,FA Women's Super League,2018/2019,0
575c43e6-3d26-495d-bceb-8102759836bf,19722,FA Women's Super League,2018/2019,1
c9bd8b5c-d11b-4936-ace1-321b1e11ec12,19722,FA Women's Super League,2018/2019,1
b3843f65-b88a-40aa-8d93-7b0737817db6,19722,FA Women's Super League,2018/2019,0
0b9a495f-a023-4a57-b5fd-8b6e6028b809,19722,FA Women's Super League,2018/2019,0
d71cd493-b94d-4a09-a070-2ac2ea1931c2,19722,FA Women's Super League,2018/2019,0
2e5a111c-2592-43b5-abe6-a74d62619fa8,19722,FA Women's Super League,2018/2019,1
0f11bce1-af0d-4435-9766-4e7aff5d3279,19722,FA Women's Super League,2018/2019,0
ab906db9-0d02-42b7-bbc3-f74546ba4950,19727,FA Women's Super League,2018/2019,0
b82481b3-393c-4e8a-802b-91094c1445f9,19727,FA Women's Super League,2018/2019,1
8333bc33-b222-407f-a71e-26e226c90ae3,19727,FA Women's Super League,2018/2019,0
463160a3-0b40-40c9-841c-59ac586e046c,19727,FA Women's Super League,2018/2019,0
b6022106-4ab2-4c70-bf8a-391875130d50,19727,FA Women's Super League,2018/2019,0
af163a81-45e5-43d3-9fdf-bce1e6d4816c,19727,FA Women's Super League,2018/2019,0
b2bbc1be-3742-4fa3-a80a-adf2d4bb913f,19727,FA Women's Super League,2018/2019,0
d5ed4f15-a927-48c0-b389-7975b8735f60,19727,FA Women's Super League,2018/2019,0
a9bd75b9-f1c9-4e29-a10c-7b34e70ca46a,19727,FA Women's Super League,2018/2019,0
927605c2-bff2-45f0-9c76-20b99f2183cd,19727,FA Women's Super League,2018/2019,0
2ab5333c-d354-4e89-b98d-ea87b89d4836,19727,FA Women's Super League,2018/2019,0
f498a722-6a9a-4213-b819-4f350aa4d5f4,19727,FA Women's Super League,2018/2019,0
e69efb84-9b7c-4e05-9d7e-a3acc271b49c,19727,FA Women's Super League,2018/2019,0
ededf96a-a881-4198-9627-8d78c16b795d,19727,FA Women's Super League,2018/2019,0
7b0d54eb-cf43-47ab-b75d-33af2eea911c,19727,FA Women's Super League,2018/2019,0
10b4480f-01f0-40f1-870e-f33e6b2222b8,19727,FA Women's Super League,2018/2019,0
0bc535c8-c75f-4578-8bb8-cc469bb87095,19727,FA Women's Super League,2018/2019,0
c0e46b25-bfe5-4e03-8942-401792cbae62,19727,FA Women's Super League,2018/2019,0
9285813c-53a0-4382-8049-b865fa5f3644,19727,FA Women's Super League,2018/2019,0
0108016e-9fe6-4161-9e5d-198d269acdeb,19727,FA Women's Super League,2018/2019,0
d2355dfb-56d6-4c45-8b0d-9ec5e5cf31e4,19727,FA Women's Super League,2018/2019,0
cc56af64-7056-4c24-851a-4bc8ff539daf,19727,FA Women's Super League,2018/2019,0
65e8de97-31fe-4f61-9723-5c973d07548a,19727,FA Women's Super League,2018/2019,0
2d376fdc-e4f5-4a80-bb50-a2596d3d1a99,19727,FA Women's Super League,2018/2019,0
e057073b-2c14-434f-b8cb-1ee85816177c,19727,FA Women's Super League,2018/2019,0
ec4d5c65-b3a7-41f8-9023-5f7ee2839954,19727,FA Women's Super League,2018/2019,0
3d2b58e5-0c5e-49a7-a1d9-8fe02fecbeaf,19727,FA Women's Super League,2018/2019,0
46e2ce9a-59a2-42f2-87c5-55a87a070fbe,19727,FA Women's Super League,2018/2019,0
f457aa78-0e71-414a-8dce-8b072cdc82b3,19727,FA Women's Super League,2018/2019,0
2b8c7157-3875-4e18-a574-b18615c35a40,19727,FA Women's Super League,2018/2019,0
5a629d0c-bfea-4d42-9048-82814253dd6b,19727,FA Women's Super League,2018/2019,0
3782fb62-ee37-480a-8153-2e39305db12d,19731,FA Women's Super League,2018/2019,0
13b4a4a9-b780-454b-84ec-48973097ebe6,19731,FA Women's Super League,2018/2019,0
38d86b29-4048-4c7c-a04c-50687d5faacb,19731,FA Women's Super League,2018/2019,0
51657131-6411-4cb8-8453-2cd2db2b053e,19731,FA Women's Super League,2018/2019,0
fd09a9e6-c0a3-4cfa-b4c4-385fa56ccaf5,19731,FA Women's Super League,2018/2019,0
f2cf7add-62e1-4dba-bf8e-35540eafb25d,19731,FA Women's Super League,2018/2019,0
4681fb67-a1ce-4b09-9962-e0dbac97177b,19731,FA Women's Super League,2018/2019,0
897d871f-f8aa-4a72-b97e-5e4dd0acedc9,19731,FA Women's Super League,2018/2019,0
0c36d231-c246-46e2-b52b-883a74ce8757,19731,FA Women's Super League,2018/2019,0
d2771caf-21c2-49f0-9266-6b85098dcbce,19731,FA Women's Super League,2018/2019,0
bb7ff391-a782-48a9-9a88-a4a41d1c4b4d,19731,FA Women's Super League,2018/2019,0
2a1206bf-1804-479b-b6f3-7c308b439088,19731,FA Women's Super League,2018/2019,0
9da9d4d7-29c4-427e-8e5b-0d83b3275e81,19731,FA Women's Super League,2018/2019,0
1de49fdf-7d49-4173-896e-0db821d18429,19731,FA Women's Super League,2018/2019,0
6bffe81a-8cca-457c-b9a7-be9f540aaabd,19731,FA Women's Super League,2018/2019,0
297daa67-70f8-4c92-8941-753cfd9ac693,19731,FA Women's Super League,2018/2019,0
5d7a193e-51b6-45e7-8bd5-76601d9ce7bd,19731,FA Women's Super League,2018/2019,0
b4559a1b-901a-4d2b-82e3-2357f399aba9,19731,FA Women's Super League,2018/2019,0
57d6a4eb-906c-462b-901b-9be2c59a6cf2,19731,FA Women's Super League,2018/2019,0
6473a72d-0fa1-4d28-b74f-ff662593c086,19731,FA Women's Super League,2018/2019,1
371dc33f-3114-437a-80a0-71f76dca210c,19731,FA Women's Super League,2018/2019,0
36919c6e-a021-45e7-829d-f003a477c781,19731,FA Women's Super League,2018/2019,0
07245691-5c35-479b-bc37-37882686ec96,19731,FA Women's Super League,2018/2019,0
c7dbc1f5-8215-4ec8-93b4-d4043c4dfc80,19731,FA Women's Super League,2018/2019,1
dc61d5c0-baba-429a-951b-c452c6afadfd,19731,FA Women's Super League,2018/2019,1
0d51a05b-614d-4a38-b06b-aacd201f48c4,19731,FA Women's Super League,2018/2019,0
8d9a6c7c-ec7f-40f6-9508-fff0fbe24ad6,19731,FA Women's Super League,2018/2019,0
87a755cb-562f-484e-8fce-4d64f2d6b961,19731,FA Women's Super League,2018/2019,0
a806db36-bbe8-4485-864c-bc01298e9ec9,19731,FA Women's Super League,2018/2019,0
3029016d-44e9-43f8-967c-7e2e19b1c9b6,19714,FA Women's Super League,2018/2019,0
7c012a64-17fa-4ce4-882d-3601760e2a75,19714,FA Women's Super League,2018/2019,0
11d3dd04-a7dc-466f-8a13-0ba9687ef4c8,19714,FA Women's Super League,2018/2019,0
d1e17a61-73dc-451e-bd53-a2d93d382b59,19714,FA Women's Super League,2018/2019,0
441c6024-9644-4d69-b0cd-55ad5978dfcb,19714,FA Women's Super League,2018/2019,0
84a7176b-ebc9-46e0-9f09-c9a7a07a66cc,19714,FA Women's Super League,2018/2019,0
7b5396c3-c356-448d-9090-d2baa0cd7cd4,19714,FA Women's Super League,2018/2019,0
80d27b5e-c339-4e33-af8d-83d6c67966b2,19714,FA Women's Super League,2018/2019,0
4af34539-768e-4aca-ac70-9ed04eef1c5b,19714,FA Women's Super League,2018/2019,0
83148385-4ddf-45aa-a588-7f6dee494c06,19714,FA Women's Super League,2018/2019,0
e10054a3-1828-4751-bc57-f471310828ea,19714,FA Women's Super League,2018/2019,0
593bd6cf-dae1-4a17-9035-f65267affd26,19714,FA Women's Super League,2018/2019,0
ed45af7b-4a7a-478c-b667-87948532be76,19714,FA Women's Super League,2018/2019,0
d3c5bbfe-b11f-462b-94f4-8102b0ac3039,19714,FA Women's Super League,2018/2019,0
49b7a1c0-b958-4c40-bc07-4bb1bc49aafd,19714,FA Women's Super League,2018/2019,0
02c27e9a-db21-4db1-b8ac-71df29ac5a7e,19714,FA Women's Super League,2018/2019,0
a7bb5165-541c-482c-87c1-862678c0887f,19714,FA Women's Super League,2018/2019,0
54cd34f0-e192-43ba-a5f9-67bde73058ce,19714,FA Women's Super League,2018/2019,0
846d17c0-b91b-451a-b837-06603f93ec67,19714,FA Women's Super League,2018/2019,0
963d8662-b0cd-44f3-9dbf-3135e00fd656,19714,FA Women's Super League,2018/2019,0
5fc6986e-af9e-4bfb-9877-99bae13d9343,19714,FA Women's Super League,2018/2019,0
ac187155-8c10-40d7-a791-161e21943933,19714,FA Women's Super League,2018/2019,0
1c525a7a-493e-490b-8c71-803c73829ae4,19714,FA Women's Super League,2018/2019,0
affe80c6-77dd-42a1-953e-8e0ac5e5c0b6,19714,FA Women's Super League,2018/2019,0
52bddfdf-0852-4be2-8e68-127dcfda1dd9,19714,FA Women's Super League,2018/2019,0
2f21fe52-44d6-48b2-b6a8-482544447461,19714,FA Women's Super League,2018/2019,0
182c0482-f083-486d-8d4c-d26b707af8d5,19714,FA Women's Super League,2018/2019,0
3990e5d7-228f-4ff6-ab89-d4d224a93af6,19714,FA Women's Super League,2018/2019,0
e4291759-38af-427a-afda-459c979f1003,19714,FA Women's Super League,2018/2019,0
1b747da5-3d25-4a91-994d-a5aed0a451b1,19728,FA Women's Super League,2018/2019,0
a4aa4991-baad-4d1d-b433-5c02de5ba4fb,19728,FA Women's Super League,2018/2019,0
8315fe03-5ad5-4666-97e9-c85fcc6bd776,19728,FA Women's Super League,2018/2019,0
14c3c7ba-9658-4b1e-b884-3bfb68e7ba63,19728,FA Women's Super League,2018/2019,0
912ae0d0-2cc7-430f-ab79-68317da8dfa1,19728,FA Women's Super League,2018/2019,1
f903cbdc-9c40-4254-85d6-c52bb893806a,19728,FA Women's Super League,2018/2019,0
a301f13a-409e-419c-bb59-8b4123b4cd4c,19728,FA Women's Super League,2018/2019,0
38fd1975-e8ea-44c3-aa56-303854086ab1,19728,FA Women's Super League,2018/2019,0
ef416ad3-504a-4192-9d54-d3f5ac587685,19728,FA Women's Super League,2018/2019,0
9695ef84-1cad-4361-8ab6-bb1031d3907a,19728,FA Women's Super League,2018/2019,0
42c35984-bccb-4372-a39e-730f366330cb,19728,FA Women's Super League,2018/2019,0
64ce44e5-1ec5-459a-ac0e-8dded0e10b31,19728,FA Women's Super League,2018/2019,0
067bbce6-d052-4708-9a96-1c27613212c6,19728,FA Women's Super League,2018/2019,0
42e8fa8a-aeae-4125-9f41-117e2db75255,19728,FA Women's Super League,2018/2019,0
145e9c87-c417-4e7f-9cc2-7efde5b5d5e2,19728,FA Women's Super League,2018/2019,0
b3f5dd95-548c-4e1f-8707-d9348ad69ed2,19728,FA Women's Super League,2018/2019,0
06bd274e-9d92-4fb7-b2b7-73a97c404f18,19728,FA Women's Super League,2018/2019,0
22d39a28-4d15-4c77-b211-e34d8d9de5c5,19728,FA Women's Super League,2018/2019,0
2115fa09-94a8-4eb3-a33d-3bc2e8fcbc91,19728,FA Women's Super League,2018/2019,0
5ead39c3-e99a-4f35-a914-08fb56ab1e0f,19728,FA Women's Super League,2018/2019,0
43c7ab44-4dd3-4a78-8efa-0b62a9176efc,19728,FA Women's Super League,2018/2019,0
0e6a22d0-368e-49f2-90ff-d293ef359f0c,19728,FA Women's Super League,2018/2019,0
260424d6-1363-4554-aa22-8d345be2666a,19728,FA Women's Super League,2018/2019,0
8d55a6d0-b217-4b24-ae7b-b608f3acd595,19728,FA Women's Super League,2018/2019,0
2cb5868a-2880-49d1-bb3e-74e052c079cb,19728,FA Women's Super League,2018/2019,0
4ce0b6df-1f79-48c2-8ce6-a490917520ff,19728,FA Women's Super League,2018/2019,0
9fe5a5fe-5ba9-493e-b1c1-9049296f0093,19728,FA Women's Super League,2018/2019,1
d9391b26-bd2f-4a0a-a668-cbe91da5dd41,19728,FA Women's Super League,2018/2019,0
942bb9f3-4058-4173-9ed7-00700551a292,19728,FA Women's Super League,2018/2019,0
6467ef36-a84c-4d18-86ee-f586a2c5ce92,19728,FA Women's Super League,2018/2019,0
d800650a-f767-4021-87f3-ecb9b66408d3,19728,FA Women's Super League,2018/2019,0
9f37485e-fbb7-47dd-bccc-e2478ec37ee8,19728,FA Women's Super League,2018/2019,0
fbb88528-2547-4f2a-805c-04a7ba15349d,19728,FA Women's Super League,2018/2019,0
abd878eb-1199-4a1c-90f7-d7c2e6c29bd4,19728,FA Women's Super League,2018/2019,0
fe0ea85b-3ff4-4191-8290-5899c8b95c52,19728,FA Women's Super League,2018/2019,0
1574f7a2-12fb-40e7-add5-4944b173ed9d,19728,FA Women's Super League,2018/2019,1
c14ad42c-a355-4b9f-ad3c-f32b48044de9,19728,FA Women's Super League,2018/2019,0
c1c68328-f4ec-40f5-8258-64faf5b10488,19728,FA Women's Super League,2018/2019,0
d7c2a835-24ef-4375-8b12-53d56d29223b,19728,FA Women's Super League,2018/2019,0
974f81f4-376d-4f4f-8138-7b73a13a16ba,19726,FA Women's Super League,2018/2019,0
382f59c0-a525-442f-950e-722109e289be,19726,FA Women's Super League,2018/2019,0
92e3660e-d408-4273-a7b2-fb3cfda4b4e8,19726,FA Women's Super League,2018/2019,0
1956bb3e-de5f-4c19-a565-851fa3790cf4,19726,FA Women's Super League,2018/2019,0
2ae4c9b7-bf15-4b60-813f-16a30a4ab565,19726,FA Women's Super League,2018/2019,0
ba9c805d-0f60-4c34-a6ac-5a2fc55f9af9,19726,FA Women's Super League,2018/2019,0
bfb60cf3-4ef6-48c7-b9ed-30c24ee1415f,19726,FA Women's Super League,2018/2019,0
2c5e50fb-0476-4b96-a21f-6e9937513140,19726,FA Women's Super League,2018/2019,0
2d28c429-2f5e-4fdb-9ed8-9c867d621a2e,19726,FA Women's Super League,2018/2019,0
a420b79d-5a76-478d-86a0-ecc47a41916d,19726,FA Women's Super League,2018/2019,0
c34a024f-a3e9-4650-ab6c-fab6ce9ef97e,19726,FA Women's Super League,2018/2019,0
c24c96e8-cfcb-4808-9025-d3dcf2e9530c,19726,FA Women's Super League,2018/2019,0
0a600460-3454-429c-9faa-69877388e797,19726,FA Women's Super League,2018/2019,0
df1c67a2-ed1a-432e-a513-ad27b362b36f,19726,FA Women's Super League,2018/2019,0
0eba654d-aaf9-43db-8d87-b2e693a8a23c,19726,FA Women's Super League,2018/2019,0
29f131a2-fdf6-404b-abb3-a8283ea8e6da,19726,FA Women's Super League,2018/2019,0
459931db-ec2b-4520-8e06-009fa3d6e46e,19726,FA Women's Super League,2018/2019,0
735bb8fd-e637-4819-8a17-87e40f463a8b,19726,FA Women's Super League,2018/2019,0
9709ae79-82aa-461d-8bb5-057874592c5d,19726,FA Women's Super League,2018/2019,0
6d503f6e-23bb-4de8-9867-4ca8dca0e512,19726,FA Women's Super League,2018/2019,0
7138599a-6f1e-4d25-8f12-61652f770b92,19726,FA Women's Super League,2018/2019,0
a31e9b13-dde6-4d95-9b5f-e6ffa9e0c33d,19726,FA Women's Super League,2018/2019,0
d6875604-3933-4aa5-aec8-cc76e8d2a0cc,19726,FA Women's Super League,2018/2019,0
9467de53-8daa-42b6-8a66-e9b60a5e0318,19726,FA Women's Super League,2018/2019,0
889c7dcf-c766-486a-8f09-a29642e9bdf2,19726,FA Women's Super League,2018/2019,0
deff7927-0875-4d02-8c72-582d958b1e1a,19726,FA Women's Super League,2018/2019,0
78bf2393-9275-4deb-aa3f-379f3fff15b3,19725,FA Women's Super League,2018/2019,0
f5731530-d8e2-43ce-ae42-9eb60be3a97f,19725,FA Women's Super League,2018/2019,0
11782aed-b5d0-4ab6-98c2-028320165775,19725,FA Women's Super League,2018/2019,0
c3611cd4-97df-41a1-a9ee-0a504f4d19f6,19725,FA Women's Super League,2018/2019,0
14274a2d-5710-4688-b9ef-7510377468bf,19725,FA Women's Super League,2018/2019,0
526189fd-b488-4396-adaa-ea3a82734c2a,19725,FA Women's Super League,2018/2019,0
3273696c-e0d8-4b01-8392-b5ccdc85255b,19725,FA Women's Super League,2018/2019,0
99416170-70b4-45a0-97a9-8368a36dbf1e,19725,FA Women's Super League,2018/2019,0
5b571aa9-83b1-4c48-86d5-512b98ce3c0a,19725,FA Women's Super League,2018/2019,0
069c7a04-2efa-45c1-8043-61cb13648632,19725,FA Women's Super League,2018/2019,0
e6e2e2ba-0474-42b4-8818-18c495a2f244,19725,FA Women's Super League,2018/2019,0
564143f6-8f4d-4dae-aa77-35c587e77958,19725,FA Women's Super League,2018/2019,0
208a8979-6fc5-4c49-ba0d-54fbf6416636,19725,FA Women's Super League,2018/2019,0
cb7341f8-1a6d-4c00-99b8-7bdaaa55e7c2,19725,FA Women's Super League,2018/2019,1
2721cee5-d0b4-48ab-9898-99497cf2f450,19725,FA Women's Super League,2018/2019,0
2b1687a3-1808-4f0e-816e-be25a7ae8e1d,19725,FA Women's Super League,2018/2019,0
bfa8bb23-822f-455b-a8cf-a2d5a3b9202a,19738,FA Women's Super League,2018/2019,0
fdcf63d5-7eba-45f7-99f3-5091ff4408f8,19738,FA Women's Super League,2018/2019,0
c9997edc-321b-4ab5-8926-27af271bb66d,19738,FA Women's Super League,2018/2019,0
760b13ad-9daf-4a72-9417-96e3226bfa92,19738,FA Women's Super League,2018/2019,0
0826a77a-975d-4aac-a51c-4f673abc2d75,19738,FA Women's Super League,2018/2019,0
77761948-830b-4fc7-bbfd-725aa4611062,19738,FA Women's Super League,2018/2019,0
d1aa0741-1442-4caf-8d1e-c4f270ed04be,19738,FA Women's Super League,2018/2019,0
8eae1cc8-d5a4-4701-826c-c356a77b0038,19738,FA Women's Super League,2018/2019,0
2f0bcb4d-2b0f-4b63-9a1c-93b07a22f72e,19738,FA Women's Super League,2018/2019,0
7016d9ca-ec1e-48eb-b847-6f5e9abedb36,19738,FA Women's Super League,2018/2019,0
fbaaf8e0-9df1-4424-b712-47088797c872,19738,FA Women's Super League,2018/2019,0
77381362-7102-4dba-8324-de14d96a9731,19738,FA Women's Super League,2018/2019,0
5adb3bf7-9840-482e-96b2-b182de096afc,19738,FA Women's Super League,2018/2019,1
6d0623f0-aab1-46aa-aca2-7a9d4b71232b,19738,FA Women's Super League,2018/2019,0
942f21f0-dbd6-4fe9-a319-1a137c128b8a,19738,FA Women's Super League,2018/2019,0
1a5ad9f2-856f-42da-8a46-f1d28aec96bd,19738,FA Women's Super League,2018/2019,0
5621aab4-7e64-46dc-8d39-7bbf41920ee9,19759,FA Women's Super League,2018/2019,0
02e428e7-d21b-4e2a-99c9-bd1b400d3a1d,19759,FA Women's Super League,2018/2019,0
6ebe3446-6420-4ac0-aba7-8bbcb6f3784d,19759,FA Women's Super League,2018/2019,0
79b2b7bc-a468-4db1-a80a-dcb3bf69ea1d,19759,FA Women's Super League,2018/2019,0
23d80d6f-b6f9-4064-9c48-a8258c885da4,19759,FA Women's Super League,2018/2019,0
39fd700b-9378-411f-a064-1bafe89faed5,19759,FA Women's Super League,2018/2019,0
b7286612-0a97-4fc3-b689-fd410c6ba135,19759,FA Women's Super League,2018/2019,0
bf180ab3-e4a3-442e-b329-9c2c9c124cda,19759,FA Women's Super League,2018/2019,0
8517cf07-3afc-4d15-af1c-3fb4f975a04c,19759,FA Women's Super League,2018/2019,0
85e7ddde-a00a-433a-93fe-9be9332cd280,19759,FA Women's Super League,2018/2019,0
f3eed494-6132-449b-b00a-20cb0054e1ca,19759,FA Women's Super League,2018/2019,0
f4a2f6f9-89d4-42a3-aa5a-b9e86d92389b,19759,FA Women's Super League,2018/2019,0
9e5950a1-9500-41c5-bd91-cba7113e2a81,19759,FA Women's Super League,2018/2019,0
0b95f753-9ff2-493a-9880-527851bfb6d4,19759,FA Women's Super League,2018/2019,0
e5196398-9f0c-4119-8d33-1345c2d0a9e9,19759,FA Women's Super League,2018/2019,0
be56d419-2446-4789-8c77-05d8c4e6edc4,19759,FA Women's Super League,2018/2019,0
1f5d2c45-a63d-4a23-bca3-dd729a2d6d33,19759,FA Women's Super League,2018/2019,0
1ae7aafd-8081-4c0d-a71b-dbbf7594247a,19759,FA Women's Super League,2018/2019,1
badb25b1-e621-4fc4-9685-8d0b95f0c2c8,19759,FA Women's Super League,2018/2019,0
2c55eae7-099f-43a7-814a-d3cc418a1b18,19759,FA Women's Super League,2018/2019,0
c751f355-4dcb-4834-acbd-9c34f0a08e5a,19759,FA Women's Super League,2018/2019,1
d83518b2-3848-4b0f-82f0-3c136ad95e70,19759,FA Women's Super League,2018/2019,0
f431f7da-0491-47ab-a97e-4b9ade8b0152,19759,FA Women's Super League,2018/2019,1
f5bff2d1-eae0-45a1-9c56-696ff48e14ba,19759,FA Women's Super League,2018/2019,0
0b0399e8-dba4-4ea0-8968-09692fd0543e,19759,FA Women's Super League,2018/2019,0
17043a62-c05c-4075-8190-df9475ab8507,19759,FA Women's Super League,2018/2019,0
9b4b6d6a-39ad-49fb-90fa-0bf2efc581de,19759,FA Women's Super League,2018/2019,0
7ffecbc0-f14f-4b6f-89f6-3462240c987c,19750,FA Women's Super League,2018/2019,0
5672b045-86a9-46c9-94f3-6d31a8474e31,19750,FA Women's Super League,2018/2019,0
eb90430e-e12e-42ab-bb87-c9ef01f45476,19750,FA Women's Super League,2018/2019,0
2fdc062e-4108-400c-b690-c029d0973762,19750,FA Women's Super League,2018/2019,0
dd6c77f2-198d-488d-8bb7-3d936f9e0504,19750,FA Women's Super League,2018/2019,0
a790ed7d-2aa2-466e-8316-d41350409956,19750,FA Women's Super League,2018/2019,0
687e9b58-00d3-44f4-9a82-9ddf860b11c4,19750,FA Women's Super League,2018/2019,0
5d455282-162e-49e8-b2dc-ae9c0c343df0,19750,FA Women's Super League,2018/2019,0
ce8e35ee-e319-40cb-9dcb-987e8f8a6e62,19750,FA Women's Super League,2018/2019,0
d8f4ab7a-50cb-4850-aa1e-8a25d44c4615,19750,FA Women's Super League,2018/2019,0
e0a294b0-6db8-4937-b756-af7ad5499863,19750,FA Women's Super League,2018/2019,0
64501504-df06-458c-9f53-0d50986c7315,19750,FA Women's Super League,2018/2019,0
a9ec6467-e45e-49dd-98d2-c273ed6950a6,19750,FA Women's Super League,2018/2019,0
619840af-3271-49c5-8e59-a3140f62ebdd,19750,FA Women's Super League,2018/2019,0
bc447c22-d8d7-4bd3-ac79-68a5746b80b4,19750,FA Women's Super League,2018/2019,0
3808eeed-0a6a-4f26-ace0-1e1046eba048,19750,FA Women's Super League,2018/2019,0
96b60aeb-93c6-4792-a8f6-a54f4c3e3135,19750,FA Women's Super League,2018/2019,0
7f14e38d-f1c5-49a8-88f3-2ef2d0699f0d,19750,FA Women's Super League,2018/2019,0
391a04c0-71fd-40b3-919e-9c2ecb1eef38,19750,FA Women's Super League,2018/2019,0
41ac3b63-0f5f-4685-a62d-bafbe58ba846,19750,FA Women's Super League,2018/2019,0
99da8914-a1fa-466e-aea1-c71008ec353b,19750,FA Women's Super League,2018/2019,0
3eb363ac-aa11-4303-98c5-9c04a3266e31,19750,FA Women's Super League,2018/2019,0
186ac077-8e78-4538-883d-1afe16492de8,19750,FA Women's Super League,2018/2019,0
090e148e-a23e-4fea-a8a4-ce73bcb967c9,19750,FA Women's Super League,2018/2019,0
1fb7be4e-f610-4e5b-af18-d107aaecaf7d,19750,FA Women's Super League,2018/2019,0
234dd66d-9f6a-4e8b-b0c2-2bcb4b85bcb5,19750,FA Women's Super League,2018/2019,0
74ce2337-7a3c-402d-ae59-69167bc2296a,19750,FA Women's Super League,2018/2019,0
183f0bb4-39e6-46a0-800b-52a3872807d5,19750,FA Women's Super League,2018/2019,0
7b6c2d77-bc5b-496c-ae02-64925ee1d490,19750,FA Women's Super League,2018/2019,0
1a17c5aa-a946-4d4d-a63f-6074cf738fc8,19750,FA Women's Super League,2018/2019,0
b80ed9a6-c101-43dc-b1e8-dfbee51038ad,19750,FA Women's Super League,2018/2019,0
a0595738-86c1-4864-b1c1-96f2c3e261b5,19750,FA Women's Super League,2018/2019,0
720a58de-3ca8-4127-9015-dfe5265d8925,19750,FA Women's Super League,2018/2019,0
5b6f0bf6-c9c9-46f3-9150-24e6dbf4567e,19750,FA Women's Super League,2018/2019,0
f3f4bb4b-077b-487d-bfa0-4a77636381b9,19750,FA Women's Super League,2018/2019,0
c97ed482-ffce-4c7c-aa05-033276b73097,19750,FA Women's Super League,2018/2019,0
74f80bb2-7f0c-43c4-87ae-c5fbdd5d0405,19750,FA Women's Super League,2018/2019,0
db2a3d26-b5f7-4d68-957d-396d4398aba7,19750,FA Women's Super League,2018/2019,0
36de8c57-bf06-47fc-9a7e-96369e04fee9,19750,FA Women's Super League,2018/2019,0
dda499a3-6f35-41d1-9b38-1db775fcd029,19750,FA Women's Super League,2018/2019,0
f3041313-7fc6-473b-bd98-3fceacf45ce6,19750,FA Women's Super League,2018/2019,0
1b872fde-9793-49f8-966a-9a1d69de7703,19761,FA Women's Super League,2018/2019,0
e7d2e8af-c0bb-4870-a264-d1bdfe14dea2,19761,FA Women's Super League,2018/2019,0
d3e0a0e4-dc90-4557-a5d5-babfba11bc75,19761,FA Women's Super League,2018/2019,0
0034d696-b47c-4f0c-8477-372a982ec729,19761,FA Women's Super League,2018/2019,1
8f23b0b0-7261-43ae-b2a0-d4bd3413bfaf,19761,FA Women's Super League,2018/2019,0
bd816e77-865e-4077-a4f6-e1342526e54c,19761,FA Women's Super League,2018/2019,1
ed6ddd06-0ad2-4b6a-94c0-f150b9155450,19761,FA Women's Super League,2018/2019,0
8023d0d5-73cd-42b9-b5b7-0199821be099,19761,FA Women's Super League,2018/2019,1
137d4690-7bc0-42f6-a40b-4a1de71a7600,19761,FA Women's Super League,2018/2019,0
5e1d4f11-3fa8-45c6-885f-81dc0181a35a,19761,FA Women's Super League,2018/2019,0
eb2b8477-26a3-4e66-8144-24797c8283b4,19761,FA Women's Super League,2018/2019,0
94c590ba-e434-4e90-a0d3-a13d8f5d9031,19761,FA Women's Super League,2018/2019,0
9009ce0e-51e2-4888-8f5a-22f8f4c0b338,19761,FA Women's Super League,2018/2019,0
2dd1a748-3ba2-4467-99b9-ee4d13353873,19761,FA Women's Super League,2018/2019,0
c98c1e46-3c6f-41cf-b140-06efd1723406,19761,FA Women's Super League,2018/2019,0
1bc55e0a-8c5c-4d5f-975a-a667d9f5a1e0,19761,FA Women's Super League,2018/2019,0
5855d5ec-03b8-4fab-a96b-ca1d0f934713,19761,FA Women's Super League,2018/2019,0
6e4d0572-c5a0-4761-8cc5-db24b5611766,19761,FA Women's Super League,2018/2019,0
3ec58ee1-da97-4f60-880e-8de65e3197c8,19761,FA Women's Super League,2018/2019,0
017b8f24-973c-484c-996d-8bbf1830872d,19761,FA Women's Super League,2018/2019,0
513fe869-61b0-441c-8f55-7bcac6b48f13,19761,FA Women's Super League,2018/2019,0
eb2668fc-366a-48a9-9c80-cf7043968345,19762,FA Women's Super League,2018/2019,0
e22094f2-1626-4243-b04b-c91e6bc51b82,19762,FA Women's Super League,2018/2019,0
c3740b20-ce6f-4686-ae10-f9cbd93e1eb2,19762,FA Women's Super League,2018/2019,0
cd620e3c-d7eb-41d8-a632-960514b61fcf,19762,FA Women's Super League,2018/2019,0
e7a7dd43-9d76-4229-9875-245380aca6af,19762,FA Women's Super League,2018/2019,0
358dd9ee-3d6c-4227-9a7c-ef3d1638f8c0,19762,FA Women's Super League,2018/2019,0
aabf2a9d-3590-4448-a84d-4ea7f9f00521,19762,FA Women's Super League,2018/2019,0
6f77afaa-2f7b-464d-b24f-59c31c2a6486,19762,FA Women's Super League,2018/2019,0
c365dad6-76d2-4b42-b479-ee1e65ae375a,19762,FA Women's Super League,2018/2019,0
a8db5e83-2bff-4706-85cc-7c21a6a96005,19762,FA Women's Super League,2018/2019,1
561b923c-8d18-4b7d-a9b9-2253df7ae8e6,19762,FA Women's Super League,2018/2019,1
a18e58ad-dbe6-418d-9d1a-678ab791d4e7,19762,FA Women's Super League,2018/2019,1
e56c888d-bbfd-4d47-be0e-ca439f41197f,19762,FA Women's Super League,2018/2019,0
0cfc3cae-e8b1-455d-ab20-25ab0d0506f3,19762,FA Women's Super League,2018/2019,0
aa46fd4c-c9e6-40d8-801c-fa670e184953,19762,FA Women's Super League,2018/2019,1
6adf5be6-6f31-49ec-8866-f86548bc2f6e,19762,FA Women's Super League,2018/2019,0
709d4805-e596-4393-933a-3f3eabc5cf6d,19762,FA Women's Super League,2018/2019,0
9a6d5d25-46f5-4aa8-81bf-2cc3745ec7e2,19762,FA Women's Super League,2018/2019,0
df80f3ef-9e9d-4952-b91d-a8225409cb18,19762,FA Women's Super League,2018/2019,0
6de9a66c-f113-4046-a71d-f73daa1392f4,19763,FA Women's Super League,2018/2019,0
835dc7ef-4782-4b25-8275-e244f3564b5b,19763,FA Women's Super League,2018/2019,0
7d595341-cfbc-4e8b-b618-5e4a5e3067d8,19763,FA Women's Super League,2018/2019,0
ddfa1e44-3474-418e-a4d0-44496b6bb10d,19763,FA Women's Super League,2018/2019,1
ec255674-504c-442b-b53c-ffe803d644fa,19763,FA Women's Super League,2018/2019,0
815bc8dc-67be-445d-ab42-45e13f22c3a9,19763,FA Women's Super League,2018/2019,0
711c7e05-943a-43e0-a35a-7108204813e8,19763,FA Women's Super League,2018/2019,0
782a3fd7-4fbd-4009-bdff-7b0eb44681bb,19763,FA Women's Super League,2018/2019,0
957af8ed-dd0c-4d5e-ad25-930c70b9333e,19763,FA Women's Super League,2018/2019,1
13bf2c6f-0b69-4642-b9de-5a4447deaf20,19763,FA Women's Super League,2018/2019,0
1888f554-0fdc-424c-aebf-65edf11023e1,19763,FA Women's Super League,2018/2019,0
7a6b97a9-9a47-4a4f-8a82-4ece72892981,19763,FA Women's Super League,2018/2019,0
72438ea7-2d1a-4d47-8cb1-4252c9913b45,19763,FA Women's Super League,2018/2019,0
f79adc77-f3ae-46f9-99d9-35e372af4e11,19763,FA Women's Super League,2018/2019,0
54f6c7d2-f553-4116-8919-668374d009c4,19763,FA Women's Super League,2018/2019,0
b2ff649b-527a-4546-8d87-06700326c87a,19763,FA Women's Super League,2018/2019,0
65fe0e3d-9658-40ba-8f3e-7b541562d9e5,19763,FA Women's Super League,2018/2019,0
27596e0a-2c1c-4a24-ad4c-b71258314c0d,19763,FA Women's Super League,2018/2019,0
72283e8d-550e-440d-8d1b-c477e7fb10d6,19763,FA Women's Super League,2018/2019,0
a3419b56-b252-4abf-9e91-beaea531682a,19763,FA Women's Super League,2018/2019,0
ba0cf9e5-1a3c-44d8-99c0-7d040d029ac2,19763,FA Women's Super League,2018/2019,1
a435a879-238c-40c4-84aa-d4518b86be8c,19763,FA Women's Super League,2018/2019,0
87c6b921-36b8-43be-b2dc-4dedadb31eca,19763,FA Women's Super League,2018/2019,0
65698811-b39f-4e5e-a589-5b6e0e48fcdc,19763,FA Women's Super League,2018/2019,0
09b90c49-7c36-4fed-ad7e-ce8ba0d0c859,19763,FA Women's Super League,2018/2019,0
b417ccbd-2146-49cd-afc2-d5ad6698bd4a,19768,FA Women's Super League,2018/2019,0
4ad37fdc-96f8-419c-aecf-3acda6ba21d5,19768,FA Women's Super League,2018/2019,0
52d735d5-1973-441a-9f51-39b26d53d9c8,19768,FA Women's Super League,2018/2019,0
38a4b9ee-7a39-49b4-b3ce-ce71e3f5dbbf,19768,FA Women's Super League,2018/2019,0
f1af1a50-03b3-4e52-b722-459aac8fb9a1,19768,FA Women's Super League,2018/2019,1
19e056a6-7d0e-4008-b8c9-786eded73e90,19768,FA Women's Super League,2018/2019,0
4ebd62c5-a3fc-44ee-802e-99ebeacb13bb,19768,FA Women's Super League,2018/2019,0
70e7685a-2a05-4f06-ae13-b336b6055f34,19768,FA Women's Super League,2018/2019,0
5dd5594b-054b-47b2-b1d1-7bf97af2a980,19768,FA Women's Super League,2018/2019,0
42999890-b268-4416-be28-80bdaabed686,19768,FA Women's Super League,2018/2019,0
33824f6f-908e-496b-b760-4e85ad267c63,19768,FA Women's Super League,2018/2019,0
eb1d9097-eb87-4a4e-904f-ffaa5f9fdb1e,19768,FA Women's Super League,2018/2019,0
ed3fbf69-1859-44ce-8f15-479d4ca43336,19768,FA Women's Super League,2018/2019,0
82d4a580-1e66-4801-9c9d-64d82066124f,19768,FA Women's Super League,2018/2019,0
d44c3d5a-8bb1-4e43-a1cf-326ad8ec4ed0,19768,FA Women's Super League,2018/2019,0
4ce8ff50-c543-4ef3-adf7-924f97ea1d1d,19768,FA Women's Super League,2018/2019,0
ad10a02f-4c74-43ef-97ad-9b9070d1c9f3,19768,FA Women's Super League,2018/2019,0
78d31ef3-67ff-4236-a2d3-78eaea69f2d2,19768,FA Women's Super League,2018/2019,0
3cc7cb1a-d4b1-4db1-b5ac-1dc35864c0ba,19768,FA Women's Super League,2018/2019,1
c5c1a253-5284-4302-aa89-03490a715eca,19768,FA Women's Super League,2018/2019,0
85de8301-d319-4f93-a906-c9c4ec9b670b,19767,FA Women's Super League,2018/2019,0
229192f0-17cf-47b1-9f59-2de62d8fa6bf,19767,FA Women's Super League,2018/2019,0
bc2229c8-59d0-4cb4-80d7-f7aaf10b6727,19767,FA Women's Super League,2018/2019,0
94ad7200-0827-48b8-8ad2-6e47a2b046d1,19767,FA Women's Super League,2018/2019,0
253f9918-4568-4f59-9af5-cac1f27ec7dd,19767,FA Women's Super League,2018/2019,0
fd99c573-6a6f-45a1-890f-bd59bc0a8dbb,19767,FA Women's Super League,2018/2019,1
3491c13b-8d9c-44a1-a200-8fbf35b89297,19767,FA Women's Super League,2018/2019,0
1d8dfa78-adbf-4022-9b5e-289549164203,19767,FA Women's Super League,2018/2019,0
1fb43f80-43b8-43e8-9145-2e5e3233331f,19767,FA Women's Super League,2018/2019,1
934765c4-4309-4223-8682-b404b421b540,19767,FA Women's Super League,2018/2019,0
620e7e9b-c1b0-44be-bc2a-7a9f25e1268a,19767,FA Women's Super League,2018/2019,0
3c89e1f5-2968-4b13-bef6-8826d3fee9c8,19767,FA Women's Super League,2018/2019,0
ce852abc-ac16-4994-bde1-2720a9d394d4,19767,FA Women's Super League,2018/2019,0
a933723e-d388-41a8-a114-9a302ba4f3f5,19767,FA Women's Super League,2018/2019,0
e2be05a5-d0b0-4984-a085-85d15714df2e,19767,FA Women's Super League,2018/2019,0
23feccf8-6931-4fb5-a9ee-39592c8cb28d,19767,FA Women's Super League,2018/2019,0
8b9c4beb-cc48-469f-9bd5-8dd45991a832,19767,FA Women's Super League,2018/2019,0
d764b610-60ba-44f8-9ae2-ef102292df06,19767,FA Women's Super League,2018/2019,0
c20cff4d-de71-4851-9ed3-318ed2d88b1b,19767,FA Women's Super League,2018/2019,0
f08fbdff-9e76-4697-8c2e-bf8546840e6a,19767,FA Women's Super League,2018/2019,1
8aebc9ea-4295-4dc4-90d4-1a53a900d08b,19767,FA Women's Super League,2018/2019,0
f9717040-ea69-4999-8dad-c667f589398e,19767,FA Women's Super League,2018/2019,0
b3d3870b-ad20-495f-9c5d-228c8f95988c,19767,FA Women's Super League,2018/2019,0
657b5bf1-ccef-44d0-9b51-827f84ddacc7,19776,FA Women's Super League,2018/2019,0
025ecf0e-b21f-4914-b871-5d418d7de6b0,19776,FA Women's Super League,2018/2019,0
06158d82-87e5-4bae-b52c-321ef7b109bf,19776,FA Women's Super League,2018/2019,0
c364dba0-6918-4ce5-8acf-62d4c0c87efd,19776,FA Women's Super League,2018/2019,0
62d6dab7-851e-4cb7-816a-c5ea823247fd,19776,FA Women's Super League,2018/2019,0
52c4ab6d-f8e2-4c62-87b2-2c7e5b5b696f,19776,FA Women's Super League,2018/2019,0
d3d5445b-0105-43e4-9aa6-8d3cdf9a93fa,19776,FA Women's Super League,2018/2019,0
6770cde9-01d2-47a6-b203-6eb2f8c04973,19776,FA Women's Super League,2018/2019,0
f4df337d-4f3c-4a23-9dd8-10efb663eab9,19776,FA Women's Super League,2018/2019,0
8d161fff-eb1e-451e-9c83-6b2eadb22050,19776,FA Women's Super League,2018/2019,0
9c6bad17-588c-4136-b334-d883d8ca00d5,19776,FA Women's Super League,2018/2019,0
905d6161-39c8-4c0c-b7e0-db8e962ee003,19776,FA Women's Super League,2018/2019,0
8187311f-144d-4573-80f6-8989ddb4bc78,19776,FA Women's Super League,2018/2019,0
ebb46d90-fafa-4110-80a8-c793585a0446,19776,FA Women's Super League,2018/2019,0
24f73643-5a1f-4bde-9eda-3e0e7505eee5,19776,FA Women's Super League,2018/2019,0
7206594e-1f3f-465a-ac10-8de756abfb26,19776,FA Women's Super League,2018/2019,0
974ae9a3-0fa1-40ea-b5ad-2211961041c5,19776,FA Women's Super League,2018/2019,0
6f5d4446-2422-437f-a548-df49e1fd63f3,19776,FA Women's Super League,2018/2019,0
db5bc5e1-4580-4576-aa34-429bfb2ac47b,19776,FA Women's Super League,2018/2019,0
a66b7127-444d-448e-9c1e-2ea2655169cc,19776,FA Women's Super League,2018/2019,0
beff00b9-e48b-44f8-85b7-d18c631151d8,19776,FA Women's Super League,2018/2019,1
46062d37-8904-4730-b3df-cd4ae3ca9196,19776,FA Women's Super League,2018/2019,0
32657458-723d-4837-8e4a-fc28c47e097f,19776,FA Women's Super League,2018/2019,1
80b2ebb1-d9d6-4de2-b6b4-29a27040733b,19776,FA Women's Super League,2018/2019,0
d4fd31d1-610a-4cdb-9d1d-74524dce5aa4,19776,FA Women's Super League,2018/2019,0
4b094a5b-2b89-4302-989c-55ea9d7498c6,19776,FA Women's Super League,2018/2019,0
0a3428cd-73cd-4a21-bf49-0a56941c8339,19776,FA Women's Super League,2018/2019,1
6ce41efd-9770-48a4-8098-90f9a37661d0,19776,FA Women's Super League,2018/2019,0
cbd7628a-544b-4249-b3b2-9d0b9f31432a,19776,FA Women's Super League,2018/2019,0
ecffb041-4d72-44df-933c-c77d45683f4f,19776,FA Women's Super League,2018/2019,0
864389b6-d7c5-4837-b8e9-f6f40d4cdb0c,19776,FA Women's Super League,2018/2019,1
33d5e4af-5f74-46d5-94d7-6391f5e54a9a,19737,FA Women's Super League,2018/2019,0
b41f9172-b1f0-4614-9187-b7a21b854881,19737,FA Women's Super League,2018/2019,0
6ee674b6-c41b-4edc-bf9c-f16bfc50856d,19737,FA Women's Super League,2018/2019,0
77e6c2e4-891e-4e86-a741-daf4b3f09e69,19737,FA Women's Super League,2018/2019,1
98e30d28-a20d-4ee4-b937-7641be45eace,19737,FA Women's Super League,2018/2019,0
c3a1ef22-ad4c-4812-9249-509188009570,19737,FA Women's Super League,2018/2019,0
8ca337f8-45ad-4bbb-a6c2-d56f918df9d3,19737,FA Women's Super League,2018/2019,0
31e5c254-7f0c-4830-9880-45440b0b26fc,19737,FA Women's Super League,2018/2019,1
689381b4-53dc-46b4-a6f5-53fd6a0ad161,19737,FA Women's Super League,2018/2019,0
57fd8edd-07ca-4fae-a69f-976874ba4cd3,19737,FA Women's Super League,2018/2019,0
abeaad24-ac33-4601-9edc-fbbeefe113ff,19737,FA Women's Super League,2018/2019,0
11baa081-721b-4d68-9ebb-13374ddb197c,19737,FA Women's Super League,2018/2019,0
6969d623-6a59-4bcb-a5a5-bba16f2ea4cc,19737,FA Women's Super League,2018/2019,0
3c95b5d7-4972-47cb-be77-90ee2a08a570,19737,FA Women's Super League,2018/2019,0
4b9fa20e-0fc8-479f-960b-11ab7ffb2aa0,19737,FA Women's Super League,2018/2019,0
229ebff0-6eca-49d5-8a33-f682cf9e044c,19737,FA Women's Super League,2018/2019,0
25e66c2e-e681-4b29-8ebe-bcd38b53b234,19737,FA Women's Super League,2018/2019,0
d26a6214-981c-4ce6-8ec3-66775a129534,19737,FA Women's Super League,2018/2019,0
34295a09-8061-481c-a84d-3f6fd395ccb9,19737,FA Women's Super League,2018/2019,0
dd44f901-ef3b-4cf9-b138-d5c337504487,19737,FA Women's Super League,2018/2019,0
bf713e2e-7148-4302-a865-c1e222b53c6a,19737,FA Women's Super League,2018/2019,0
f8b74e60-3786-436e-a881-6b448a351abb,19737,FA Women's Super League,2018/2019,0
ead33500-f6c8-4c87-b317-a3149100d0da,19737,FA Women's Super League,2018/2019,0
fd702c37-6b94-4533-bac9-c02f1a8168e9,19737,FA Women's Super League,2018/2019,0
981737ba-4808-4553-b3cf-872fed208c8d,19737,FA Women's Super League,2018/2019,0
fd3c6cb3-6da4-4577-b057-2a23e4aa18ba,19737,FA Women's Super League,2018/2019,0
b08ddcc9-032c-44a4-ab0c-2930cff3540a,19737,FA Women's Super League,2018/2019,0
798f942c-193f-41fd-bac6-c572ac8412fe,19737,FA Women's Super League,2018/2019,0
fc9a1f6f-d5b2-47d2-a156-b2a1303045e8,19737,FA Women's Super League,2018/2019,0
3d8b692e-6b10-49a0-b2a8-a88a787b96de,19737,FA Women's Super League,2018/2019,0
25a846fd-7da4-4c9f-afb6-f728ac58fc43,19737,FA Women's Super League,2018/2019,0
c86cdace-5465-4450-950b-49f1c61aa64d,19737,FA Women's Super League,2018/2019,0
a07bf2bb-a7d4-4a97-a889-5d36d93141dc,19737,FA Women's Super League,2018/2019,0
915a54a8-c1bd-4255-b782-2044d96e5a9f,19737,FA Women's Super League,2018/2019,0
703a1acc-c327-43e8-9cec-e28d893f3ded,19737,FA Women's Super League,2018/2019,0
452b3d93-8319-485e-809a-3b4437b73a81,19737,FA Women's Super League,2018/2019,0
b1d14d10-f1a9-4a79-8f6f-54372ca01b15,19737,FA Women's Super League,2018/2019,0
052808eb-ff4a-49c5-8334-e02854ec4b28,19737,FA Women's Super League,2018/2019,0
83fb8fd3-024d-4a58-8117-c9c743418149,19790,FA Women's Super League,2018/2019,0
74e665c6-8f0d-49e1-b49b-01d6df171dd6,19790,FA Women's Super League,2018/2019,0
55cd985d-3862-452e-a91e-cfe2c6d6a0aa,19790,FA Women's Super League,2018/2019,0
3a05fb8d-84b9-4e7d-b2c3-517c1d080e93,19790,FA Women's Super League,2018/2019,0
95e3b236-2ef9-4579-899d-24b98bb5baf8,19790,FA Women's Super League,2018/2019,0
58a3a46e-e3b3-4b27-9bad-0b359330d708,19790,FA Women's Super League,2018/2019,0
4ca2e3b6-e4c1-427f-9f5c-1e06694cfd71,19790,FA Women's Super League,2018/2019,1
3492e4ed-d076-4443-b6c1-9588e09f9cce,19790,FA Women's Super League,2018/2019,0
2af4bd52-1db3-40ce-b665-05d707a44c5e,19790,FA Women's Super League,2018/2019,0
42a66a0d-679c-4a38-8dae-383dccbe0477,19790,FA Women's Super League,2018/2019,1
0f34c26b-9500-4f2a-9c99-5a5e2b395ffe,19790,FA Women's Super League,2018/2019,0
922be3a0-3254-44c9-be0b-30b56adeba72,19790,FA Women's Super League,2018/2019,0
7af32725-88f3-4c61-a665-8a0e375ddb17,19790,FA Women's Super League,2018/2019,0
8a6a1412-5a74-468f-af33-9dd0f198f4bd,19790,FA Women's Super League,2018/2019,0
814ebaa0-5a83-4258-8cbb-11aad54bdece,19790,FA Women's Super League,2018/2019,0
e525d566-bef3-48cb-82fc-ddf1de899b72,19790,FA Women's Super League,2018/2019,0
07e64f14-05ef-4087-9993-7429b238264b,19790,FA Women's Super League,2018/2019,0
c218f159-9033-438c-97ea-be9f1560da18,19790,FA Women's Super League,2018/2019,0
7366b43f-d72c-4f95-b40e-d9eae125eade,19790,FA Women's Super League,2018/2019,0
fbaf9f9d-eb3c-4e09-a893-8e675876c487,19790,FA Women's Super League,2018/2019,0
483dd4f2-7298-42c2-8de4-5892786e52a5,19790,FA Women's Super League,2018/2019,0
367ccdd0-e55f-4fdb-9b3e-578db17d2332,19790,FA Women's Super League,2018/2019,0
b72fc2cc-4080-4588-b38d-485a2d6cc89d,19793,FA Women's Super League,2018/2019,0
608f0e0c-2ad8-4ac7-b221-c76abe9a2f07,19793,FA Women's Super League,2018/2019,0
2354711f-a2e7-42c6-9394-c24f64ee2c42,19793,FA Women's Super League,2018/2019,0
0fc10929-fe3a-401f-af7d-55e11e993b62,19793,FA Women's Super League,2018/2019,0
421d22b9-81e8-46a4-b7d3-05bbd6895ba9,19793,FA Women's Super League,2018/2019,0
b5ab5d28-a429-4973-856b-4bed5faf8d71,19793,FA Women's Super League,2018/2019,0
b49634a2-2ebe-4d5f-89dc-a7838efdd804,19793,FA Women's Super League,2018/2019,0
2c3bc93c-c7cd-4810-a7e4-06b8ed6bd9ca,19793,FA Women's Super League,2018/2019,0
c9ad3052-3086-4d3a-9854-aa5c3986e1a4,19793,FA Women's Super League,2018/2019,0
f9e58c19-d90e-4fe4-b12d-390ca798731a,19793,FA Women's Super League,2018/2019,0
5cf97deb-27be-4fc3-b0b0-d3c01248c855,19793,FA Women's Super League,2018/2019,0
759b2e70-e404-4c60-af56-b4ddb5f1e849,19793,FA Women's Super League,2018/2019,0
2631411a-bfe7-41c9-b8ea-2708f0a1b1bf,19793,FA Women's Super League,2018/2019,1
e2e679d5-505f-474a-93e9-7551f1f1a151,19793,FA Women's Super League,2018/2019,0
016b5704-573e-41ef-b9c9-180c3ef65944,19793,FA Women's Super League,2018/2019,0
c8908811-aec7-4807-b45a-1dab24f149b2,19793,FA Women's Super League,2018/2019,0
e259524b-38d6-4be7-a9c4-5a958627a140,19793,FA Women's Super League,2018/2019,0
b0b0129f-1a17-4f72-b517-6c1e8f9ddfc8,19793,FA Women's Super League,2018/2019,0
6192b073-9bdc-4018-8cb2-ba2785572ebd,19793,FA Women's Super League,2018/2019,0
1eaadfee-4173-45ab-b30e-b108ee277ebe,19793,FA Women's Super League,2018/2019,0
40fd235d-7bd2-43f3-adca-2d1741cc0e03,19793,FA Women's Super League,2018/2019,0
bd47e6e7-9d65-4323-a7e4-587f2a787554,19793,FA Women's Super League,2018/2019,0
f20bdf58-2c21-4623-b3d5-5aacec5c5fcc,19789,FA Women's Super League,2018/2019,0
95e47d2c-ca67-4eea-b599-f455e5141eaf,19789,FA Women's Super League,2018/2019,0
25638e70-2c9a-4e96-b7e7-71c1d0ec5d2c,19789,FA Women's Super League,2018/2019,1
8ba07ede-2c25-47c8-b337-659b06f8c619,19789,FA Women's Super League,2018/2019,0
5afdacb4-0480-4431-bdd7-713317de4ad1,19789,FA Women's Super League,2018/2019,0
19ce5835-04d1-421d-86fe-db629f234a6e,19789,FA Women's Super League,2018/2019,0
3fcb7021-c477-4a27-b027-cde2a5359315,19789,FA Women's Super League,2018/2019,0
1a8dcd2a-bcb7-480f-a0d3-d1274d414274,19789,FA Women's Super League,2018/2019,0
ac929ca8-f902-491f-84a6-4c9928b4fc5c,19789,FA Women's Super League,2018/2019,1
3cd29728-f744-46a4-9575-67f3b654f060,19789,FA Women's Super League,2018/2019,0
94db93ef-56df-4b66-95d0-c73679046156,19789,FA Women's Super League,2018/2019,0
a65b2e98-b050-45d8-b6fb-74290a698b51,19789,FA Women's Super League,2018/2019,1
86a07258-62d4-448f-ba8a-d28e53d5cd5e,19789,FA Women's Super League,2018/2019,0
ec23b094-6760-457f-b864-ef67bb9b56af,19789,FA Women's Super League,2018/2019,0
1dc69190-2f3c-4589-a0ee-21c9b098f32e,19789,FA Women's Super League,2018/2019,0
0cb8d0fe-c144-4bc2-a471-f3661e3342dc,19789,FA Women's Super League,2018/2019,0
ccf1ccd4-3d23-4e18-863d-67310de77e02,19789,FA Women's Super League,2018/2019,1
2886567c-8a5b-4b26-bd08-0bf40a66d084,19789,FA Women's Super League,2018/2019,0
9bbb67e2-12c9-4dac-bef1-f29bd08b399f,19789,FA Women's Super League,2018/2019,0
7e599a2a-e1da-4c3b-a18c-8598cd19b525,19791,FA Women's Super League,2018/2019,0
6ccd3dca-427d-4f1f-822f-1d84d2c255cc,19791,FA Women's Super League,2018/2019,1
03c06518-0069-4ca8-a35b-573977f78788,19791,FA Women's Super League,2018/2019,0
6a6d2cd9-ee68-4324-8b87-e59927e1cfd6,19791,FA Women's Super League,2018/2019,0
ce513c13-a9df-4ee0-bef5-d942d6535f90,19791,FA Women's Super League,2018/2019,0
73a8a9d2-970d-47ba-9ebf-b00da95a11a2,19791,FA Women's Super League,2018/2019,0
ca6e3ad6-93d4-4b4d-a93e-d38cdcef42d8,19791,FA Women's Super League,2018/2019,0
7c52e3c6-440c-4d2e-8ae4-eb6e2aa58c87,19791,FA Women's Super League,2018/2019,0
c3dc9f12-47e9-4925-a9f1-d8de7ed4fa94,19791,FA Women's Super League,2018/2019,0
d243186a-84b6-4c2e-ae90-ed138808808f,19791,FA Women's Super League,2018/2019,0
30e55c7e-e34c-4bc3-8c8a-2115e3ac586b,19791,FA Women's Super League,2018/2019,0
cad4bdc9-fabf-4d26-bfe7-a673f6472a6d,19791,FA Women's Super League,2018/2019,0
3abeb427-e986-4cdf-a005-2d8d803bd8f2,19791,FA Women's Super League,2018/2019,0
fc0149a1-5b6c-4492-88ac-2cc9e2d8ebde,19791,FA Women's Super League,2018/2019,0
861f1694-f9b8-4757-88a0-1a2e77442bf5,19791,FA Women's Super League,2018/2019,0
63a75368-2e1d-44df-a518-982b2e90a000,19791,FA Women's Super League,2018/2019,0
6f8f7e59-cf13-439a-8b0a-20e15df33bb8,19791,FA Women's Super League,2018/2019,0
d95756d9-428f-4dfc-a034-e492e842974f,19791,FA Women's Super League,2018/2019,0
a0362640-155f-46ac-b937-a7ede9753277,19791,FA Women's Super League,2018/2019,0
f9211d0f-4f6b-4a3a-a492-8af5f5e25ce3,19791,FA Women's Super League,2018/2019,0
d97e514e-e3c0-4c6d-9f93-192c6c3e162f,19791,FA Women's Super League,2018/2019,1
1f478d99-86b6-41e1-80ed-dae54cdd748d,19795,FA Women's Super League,2018/2019,0
6b62bef2-a68d-4d98-8016-eb39fd06e746,19795,FA Women's Super League,2018/2019,0
54a8f3e2-52b3-4874-ad58-85ceb687800e,19795,FA Women's Super League,2018/2019,0
e1210c82-9b2c-4961-941e-0439f5af1067,19795,FA Women's Super League,2018/2019,0
1772e734-8f47-4eaf-abb5-ee233e0f65a1,19795,FA Women's Super League,2018/2019,0
2fca46ea-2d58-4d45-8cab-f4769e5cfea1,19795,FA Women's Super League,2018/2019,0
98fd30cc-48bc-4d4d-aea7-b547e13a0258,19795,FA Women's Super League,2018/2019,0
16684f77-5791-454a-8cfb-97321bbd51e8,19795,FA Women's Super League,2018/2019,1
b794ff33-1dc3-469e-b771-581eb3f7a333,19795,FA Women's Super League,2018/2019,0
9a6e4fc7-fd9d-443c-aeff-d143690d346d,19795,FA Women's Super League,2018/2019,0
031964da-732a-46cb-ba8c-6ff66a7e61e7,19795,FA Women's Super League,2018/2019,0
ce6984c5-1dff-4b8c-81f1-a12005dac60f,19795,FA Women's Super League,2018/2019,0
b18747bb-e761-4dba-b39d-6b9b703b2714,19795,FA Women's Super League,2018/2019,0
5d0a2b9d-e0eb-4f55-9a67-e2f521e23778,19795,FA Women's Super League,2018/2019,1
5e5cba46-c766-4c3f-bac9-004a8b3b5a06,19795,FA Women's Super League,2018/2019,0
ed9aef98-45fc-468f-b6ae-3bcef3932f7c,19795,FA Women's Super League,2018/2019,0
a57daf64-da91-47c5-a893-c1b4d14bc345,19795,FA Women's Super League,2018/2019,0
4ca8f607-7775-453c-bf54-569e3bd7becc,19795,FA Women's Super League,2018/2019,0
1bf61590-6810-459e-8593-e6218ee7feda,19795,FA Women's Super League,2018/2019,0
b4e6454e-5de5-41db-bfb6-198aca9caa44,19795,FA Women's Super League,2018/2019,0
9c45f374-3bd6-4c62-99d6-cb2d5b83de17,19797,FA Women's Super League,2018/2019,0
1b5bae11-102e-48ed-bdbc-4f8d7d600f9e,19797,FA Women's Super League,2018/2019,0
53392355-fc1c-40f8-add6-ad407a98f338,19797,FA Women's Super League,2018/2019,0
79342258-ae86-4a7e-ae98-ee6401d014f3,19797,FA Women's Super League,2018/2019,0
c4c7f23c-9b70-4637-8f0a-399d7dc25070,19797,FA Women's Super League,2018/2019,0
50ba6405-a08d-4008-ad13-82a335aa742a,19797,FA Women's Super League,2018/2019,0
e18cc4e0-a878-4fdd-9dc5-d0cad42e4386,19797,FA Women's Super League,2018/2019,0
4ed2a40e-a755-4943-89e6-e6dc9847cc81,19797,FA Women's Super League,2018/2019,0
92fcb124-1872-4ca2-8b06-84edd62372fc,19797,FA Women's Super League,2018/2019,0
51a30ad9-3c68-4d9d-92ec-8d4461e462ef,19797,FA Women's Super League,2018/2019,0
9a0f6d19-7f77-436d-890f-3a5bef7ba8b1,19797,FA Women's Super League,2018/2019,0
8d6fefe8-031d-4623-93d9-aeac4695ca77,19797,FA Women's Super League,2018/2019,0
57504f04-a6e7-4534-8acc-8312e1c0e8f8,19797,FA Women's Super League,2018/2019,0
ba29ae3d-b05c-4989-8f5c-569b05b18049,19797,FA Women's Super League,2018/2019,0
8c28231e-f9e8-4a76-809e-eac4e7a2f733,19797,FA Women's Super League,2018/2019,0
e6e74559-4c57-4152-931b-872994ab0eb5,19797,FA Women's Super League,2018/2019,0
719b7065-ff96-4f11-8512-31b0b7d9d12c,19797,FA Women's Super League,2018/2019,0
fabb951d-dc59-4e1c-9d3a-8bda566cc644,19797,FA Women's Super League,2018/2019,0
7cef4f34-410e-4b92-99fe-f52f6973cd1a,19797,FA Women's Super League,2018/2019,0
2d04b9e7-aa64-4cf4-bca5-250270faef24,19797,FA Women's Super League,2018/2019,0
f9bdcd49-ed03-424d-8c44-ee72d1cd6f23,19797,FA Women's Super League,2018/2019,0
1082b493-f4da-4d40-8ee0-64276270b2b4,19797,FA Women's Super League,2018/2019,0
db227ba8-ae20-48e2-8246-6f7ab9936f0c,19797,FA Women's Super League,2018/2019,0
a4780c01-4d46-4a4a-b80c-81e8d9fb0f36,19797,FA Women's Super League,2018/2019,0
8b6911db-9ecd-4e13-abe9-f2bbe28b4674,19797,FA Women's Super League,2018/2019,0
3440831b-1625-463b-b774-4d1e55f187cc,19797,FA Women's Super League,2018/2019,0
e68f6d80-a506-4492-8594-af6a3e2eba05,19797,FA Women's Super League,2018/2019,1
4c5377c7-60f8-4a2c-8adf-da5ac3e3c653,19797,FA Women's Super League,2018/2019,0
8be967b0-cecd-4254-aae9-c57dff1bdbe9,19797,FA Women's Super League,2018/2019,1
49ee9024-762e-4b29-9987-a81c69ddb439,19797,FA Women's Super League,2018/2019,0
e69d2630-d9a4-4b2a-b561-4cf300727356,19797,FA Women's Super League,2018/2019,0
d5300a56-8c70-430f-b6b1-6f16407e9deb,19797,FA Women's Super League,2018/2019,0
444509d5-4a30-44b2-8560-1372a9a8dd30,19797,FA Women's Super League,2018/2019,0
104b5182-5ccc-4ef8-8594-5243f757ecd1,19797,FA Women's Super League,2018/2019,0
32ba0aca-7591-4dca-9bf6-411696d2b436,19797,FA Women's Super League,2018/2019,0
adfe7c59-bf97-47e8-8110-736e0d755bc4,19780,FA Women's Super League,2018/2019,0
24bb938a-5280-49cc-a387-a7e53c29c33d,19780,FA Women's Super League,2018/2019,0
91f5c85c-c1cb-4eea-af90-fb32d9907945,19780,FA Women's Super League,2018/2019,0
85ca729a-8495-424c-9344-ed4ee5e6786e,19780,FA Women's Super League,2018/2019,0
b54c4ff5-ba68-4a97-a15d-7125cfe9b28a,19780,FA Women's Super League,2018/2019,0
75f63180-4fcf-4979-8073-5a9613b575bc,19780,FA Women's Super League,2018/2019,0
5628086c-e5fb-4465-9819-8d851a997e21,19780,FA Women's Super League,2018/2019,0
f8adf418-242b-4671-ad2c-837ea0f85098,19780,FA Women's Super League,2018/2019,0
124708c6-1099-4ae0-abf0-207f801d3eb0,19780,FA Women's Super League,2018/2019,0
2661d04c-8210-4b8d-aec8-952026cceaec,19780,FA Women's Super League,2018/2019,0
4af72853-fc8e-4c56-acfa-29eccdb5010c,19780,FA Women's Super League,2018/2019,1
fa34c939-158f-4be3-839b-3768312ebe95,19780,FA Women's Super League,2018/2019,0
9df5d0a2-711d-400b-827f-a4b699227bbe,19780,FA Women's Super League,2018/2019,0
0cfbe3fc-aa09-4cb0-ba62-dea86399565a,19780,FA Women's Super League,2018/2019,0
b5f5c583-4b75-4884-8570-67078abaa793,19780,FA Women's Super League,2018/2019,1
e74aa31b-6844-44f4-890f-c5bcb5be6154,19780,FA Women's Super League,2018/2019,0
8994565a-e5ec-4f46-81a0-902f63a817a6,19780,FA Women's Super League,2018/2019,0
4800c687-0434-4faa-983a-96b04f2e7e9e,19780,FA Women's Super League,2018/2019,0
69a5c4d0-808c-43e6-a9ba-6b9b01c628bc,19780,FA Women's Super League,2018/2019,0
42862c04-a105-4f64-839a-51ca430258a9,19780,FA Women's Super League,2018/2019,0
0825984a-7ee1-49c3-b20b-62456990009c,19780,FA Women's Super League,2018/2019,0
931c0545-374c-4527-9000-6632da441bed,19780,FA Women's Super League,2018/2019,0
bc092aa7-45dd-4887-b829-35cf95b05d92,19780,FA Women's Super League,2018/2019,0
c02114b4-890f-4308-b86e-c7371c1eab0b,19780,FA Women's Super League,2018/2019,0
c0323763-12cc-4c9e-9334-983b0fcacbb3,19781,FA Women's Super League,2018/2019,1
9ad6cc9f-2123-4cc6-9a41-a27d9dd6fddd,19781,FA Women's Super League,2018/2019,0
683cf29c-2b5b-4304-9ac6-d3ecaa04a0d3,19781,FA Women's Super League,2018/2019,0
632b02f8-4e8a-415f-b040-b72639241f8c,19781,FA Women's Super League,2018/2019,0
a21e643e-e084-4454-8b15-cd67273c22e8,19781,FA Women's Super League,2018/2019,0
5f6b8eb1-428a-45bb-94b6-2f09fc683b60,19781,FA Women's Super League,2018/2019,1
63383227-a052-4b3b-94d3-c085756b2ec8,19781,FA Women's Super League,2018/2019,0
efdd0b70-3a26-48c0-8b0d-8ec725bd3bcb,19781,FA Women's Super League,2018/2019,0
5a4614a0-f5cf-4ba4-a124-f617e6c85872,19781,FA Women's Super League,2018/2019,1
c114728f-62e5-46e2-9cf1-9e90a0c3d0e2,19781,FA Women's Super League,2018/2019,0
e258f0ff-3ad9-4310-b402-588db223e958,19781,FA Women's Super League,2018/2019,0
0a943b36-d91f-4f3a-88af-243bdee24859,19781,FA Women's Super League,2018/2019,1
50abd369-4f73-4a5e-9081-0569cecdbd60,19781,FA Women's Super League,2018/2019,0
788e8d3b-f6a6-4eaf-9e7c-b3c7de4ac9b7,19781,FA Women's Super League,2018/2019,0
4a04e06a-1d9a-4b4c-9e41-d54340c411c1,19781,FA Women's Super League,2018/2019,0
a826b653-8413-4f3b-966e-9c23c5e36042,19781,FA Women's Super League,2018/2019,0
43cc0e90-b9fa-4e38-ae8b-7f7f13387427,19781,FA Women's Super League,2018/2019,1
7ee54296-c113-47d5-8f36-e3b570342c55,19781,FA Women's Super League,2018/2019,1
73046e3e-1b17-4492-a854-7e428471edf4,19781,FA Women's Super League,2018/2019,0
38ea3f62-823d-47b2-8384-1a73f17cdd87,19781,FA Women's Super League,2018/2019,0
e7e7f5ba-334c-487a-86cf-3e995158e04c,19781,FA Women's Super League,2018/2019,0
744ad121-d5cd-4f34-a018-b8a4068a916b,19781,FA Women's Super League,2018/2019,0
56e03719-4b54-411f-a7df-1d192340ab20,19779,FA Women's Super League,2018/2019,0
b6e093b0-ea83-4b48-98a4-f79bdff0e64b,19779,FA Women's Super League,2018/2019,0
20ded742-e6e9-44f6-8397-d1a28b724b44,19779,FA Women's Super League,2018/2019,0
6d5028e2-c932-494b-b126-7693a31c9cc1,19779,FA Women's Super League,2018/2019,0
587881e3-849d-41a8-a41e-7e6417664b82,19779,FA Women's Super League,2018/2019,0
76b69467-5a91-40d0-8b2c-01d68806bcd9,19779,FA Women's Super League,2018/2019,0
9762987f-5ad3-4cf5-b6c9-f3c7e23194de,19779,FA Women's Super League,2018/2019,0
7fdff469-9d66-467e-bf9b-cc160d4a7e02,19779,FA Women's Super League,2018/2019,0
0020fa8a-8ac7-40aa-b83d-6f2cd5f053bc,19779,FA Women's Super League,2018/2019,0
3be16bf4-98b2-49cb-88f5-30d5b89fa29d,19779,FA Women's Super League,2018/2019,0
6f5b6e8a-d484-4739-b149-7b71e331170d,19779,FA Women's Super League,2018/2019,0
4a764408-cf75-4881-8d75-c9a98592adad,19779,FA Women's Super League,2018/2019,0
beda4d6c-868a-4228-bfd5-1690b95e471b,19779,FA Women's Super League,2018/2019,1
fb11cb1f-ab16-407d-a911-d81a819db873,19779,FA Women's Super League,2018/2019,0
017313c0-acb1-4f45-a5cf-d0a11ea74a38,19779,FA Women's Super League,2018/2019,0
a43a7bdd-73a9-4b54-8683-bcad6508a70e,19779,FA Women's Super League,2018/2019,0
14dfd38e-ed25-431f-aab3-46013227f587,19779,FA Women's Super League,2018/2019,0
8312cfbf-184d-4fca-a352-3beb5de40f14,19779,FA Women's Super League,2018/2019,0
c9ed8a76-ce74-483e-8d0b-08a83089e8fe,19779,FA Women's Super League,2018/2019,0
06388948-7a56-4f4b-9880-bae4461826f0,19779,FA Women's Super League,2018/2019,0
d9450a99-f3bb-4bdb-a7d1-9fee54098e50,19779,FA Women's Super League,2018/2019,0
66061950-34b8-42f4-ad7a-1cea3e6741ba,19779,FA Women's Super League,2018/2019,0
2df6c4e0-5ddb-457d-bde3-4df9596c5847,19779,FA Women's Super League,2018/2019,0
455288f9-d7fb-40a7-b688-ba5ca5620e96,19779,FA Women's Super League,2018/2019,0
0ade3609-495d-4160-a867-9789accf28b5,19779,FA Women's Super League,2018/2019,0
df75c405-9d72-443d-aa2c-82883ac30ea2,19779,FA Women's Super League,2018/2019,0
e9ab2128-4971-4897-bf4f-b08f23cc3e3e,19779,FA Women's Super League,2018/2019,0
72bca4a9-d028-4f81-8123-1958153388e6,19798,FA Women's Super League,2018/2019,0
86e3b2e8-8d82-4cb4-97ab-fff116191663,19798,FA Women's Super League,2018/2019,0
d7b5acdd-eaaf-447c-a010-da7eed0787fa,19798,FA Women's Super League,2018/2019,0
406b1188-ad6a-407b-b3ee-e242654f65b2,19798,FA Women's Super League,2018/2019,1
ee38a746-cbc8-43b6-a864-0fc89347200e,19798,FA Women's Super League,2018/2019,0
f74b6b78-2be3-40c0-8e25-0bebc50f9eb8,19798,FA Women's Super League,2018/2019,0
73e01d03-b225-4b3d-808f-d2fc2b001d0a,19798,FA Women's Super League,2018/2019,0
6c8f486c-bdb9-4f4e-a646-b8597ee1c526,19798,FA Women's Super League,2018/2019,0
41128bc0-8426-47a2-a8dd-f5ed0e85e741,19798,FA Women's Super League,2018/2019,0
41641bf4-1159-4690-a8c1-0a083d62dfff,19798,FA Women's Super League,2018/2019,0
fa28c78b-87af-4888-8938-e73b062873ec,19798,FA Women's Super League,2018/2019,0
67e023b6-d5b1-498f-8d74-1d3cba1924af,19798,FA Women's Super League,2018/2019,0
ececf70d-98ac-41e8-a96d-a2c838267638,19798,FA Women's Super League,2018/2019,0
fd97abeb-9a26-4852-a503-7273cf8175cc,19798,FA Women's Super League,2018/2019,1
039d14db-9d95-4f0d-abfa-796065859891,19798,FA Women's Super League,2018/2019,0
5d0c9b96-319a-41c9-9a74-e44520d55a6a,19798,FA Women's Super League,2018/2019,1
1cb5c091-9bea-463c-907e-18c5b191ecd5,19798,FA Women's Super League,2018/2019,0
2f187f35-4711-4c1f-ac2b-9e2bee4f52b1,19798,FA Women's Super League,2018/2019,0
31d206ae-bcce-4cef-a6fe-e60e64edc1fd,19798,FA Women's Super League,2018/2019,0
ac69623f-ff99-4a67-88d6-28369067c2d9,19798,FA Women's Super League,2018/2019,0
62d415a5-c44c-459a-86a4-a2f6a96c8be5,19798,FA Women's Super League,2018/2019,0
38507eca-46f6-449c-adce-fa599c98747e,19798,FA Women's Super League,2018/2019,0
8d850500-8a9a-4301-a802-06f17b8feda6,19798,FA Women's Super League,2018/2019,0
8dde1525-9eee-4b8e-8168-06a2065c1922,19798,FA Women's Super League,2018/2019,0
3edba63e-61fc-4069-b93e-128fa94b209b,19798,FA Women's Super League,2018/2019,0
4d3e29b4-8fd6-44ea-93d2-edee4ec2ac38,19798,FA Women's Super League,2018/2019,0
2905a7a0-94cb-42f3-a008-d1159f4cb318,19798,FA Women's Super League,2018/2019,0
f45f9452-3d12-40d8-a9cb-e4db8be7099b,19798,FA Women's Super League,2018/2019,1
c2545344-6a92-41af-a92b-74449962396d,19798,FA Women's Super League,2018/2019,0
201f02c8-3823-4647-bf8b-083c7be53364,19782,FA Women's Super League,2018/2019,0
80694257-7371-4b58-a7e1-90415fc50d9c,19782,FA Women's Super League,2018/2019,0
038933f1-2356-4968-9d72-961d3ed94651,19782,FA Women's Super League,2018/2019,0
090549d8-9351-4829-be3e-3c4b515c19d2,19782,FA Women's Super League,2018/2019,0
038a5386-a554-4d49-8a4a-9099f67a6f46,19782,FA Women's Super League,2018/2019,0
97472035-bd9c-4d16-a763-85b9a4156127,19782,FA Women's Super League,2018/2019,0
c8636b17-9176-4c35-9194-2d3c76370b00,19782,FA Women's Super League,2018/2019,0
2fea0514-bbb5-424d-8654-919abe3ed9c0,19782,FA Women's Super League,2018/2019,0
9d54c148-6a0a-4494-b337-5f0b3078e7bc,19782,FA Women's Super League,2018/2019,0
7f077f65-17aa-4255-9518-0c8fadc8ee31,19782,FA Women's Super League,2018/2019,0
506d80d6-4df0-492a-a850-be597f5154fe,19782,FA Women's Super League,2018/2019,0
e66caadf-2ef3-479f-9e3d-6ffcbeadf290,19782,FA Women's Super League,2018/2019,0
ab329dc9-903d-4f2e-b48e-e299c25917d8,19782,FA Women's Super League,2018/2019,0
289277b5-76c0-4720-b552-631fbba98419,19782,FA Women's Super League,2018/2019,0
ac0a5f1c-0814-413b-9ccd-bac79121bbb2,19782,FA Women's Super League,2018/2019,0
ac8af773-c482-4cb7-8454-374282b1b5a4,19782,FA Women's Super League,2018/2019,0
9a903c20-ba0c-42a8-9e01-38ae7ef8f5e6,19782,FA Women's Super League,2018/2019,0
ac5c31ae-89fe-46c3-b1b8-034706530390,19782,FA Women's Super League,2018/2019,0
70cd66b6-51f6-43d1-bfe1-d3136414b2b1,19782,FA Women's Super League,2018/2019,0
56c09410-ebd2-44d1-90e0-40457da7a6c7,19782,FA Women's Super League,2018/2019,0
b914e3aa-75d3-45c0-b273-526cc6228fbd,19782,FA Women's Super League,2018/2019,1
75174c8b-1a42-49f7-94bc-0716333c1a19,19782,FA Women's Super League,2018/2019,0
be52c046-1737-47e7-8dd2-d6f84331f112,19782,FA Women's Super League,2018/2019,0
58624099-3a45-4265-9be2-0550b099ce2d,19782,FA Women's Super League,2018/2019,0
4fe58d17-d588-4868-a378-f3ea58f54a7f,19782,FA Women's Super League,2018/2019,0
60207583-8107-49bf-945d-d9fbc84844ba,19782,FA Women's Super League,2018/2019,1
1abb6f8e-218e-460d-9836-c4e1ed7d46c7,19782,FA Women's Super League,2018/2019,0
0fbbc524-fddf-4b6f-b83b-0ce0e0af1f10,19784,FA Women's Super League,2018/2019,0
e4d351c8-bfed-4c26-a8d6-482f77576076,19784,FA Women's Super League,2018/2019,0
987e7649-02b6-4e6f-8248-78d74d23562c,19784,FA Women's Super League,2018/2019,0
915f3c61-779b-4482-a40a-f9b719d447c8,19784,FA Women's Super League,2018/2019,0
28344d93-1825-4e2a-920f-6a271243bbbe,19784,FA Women's Super League,2018/2019,0
bac3b381-4da9-4d2b-8ee9-30933e483f19,19784,FA Women's Super League,2018/2019,0
59d384f9-5828-4e1a-8dfe-a46a8a6ebc89,19784,FA Women's Super League,2018/2019,0
29ead492-1c0e-4e77-a476-dfebc39c52f7,19784,FA Women's Super League,2018/2019,0
eea8d74b-fccd-47c2-8fd7-86da8775c7b6,19784,FA Women's Super League,2018/2019,0
3d973b9c-7757-4a42-ba8e-92cd700d5e4f,19784,FA Women's Super League,2018/2019,0
2a1fefdf-ec5a-4d6d-9352-00ebafc3e494,19784,FA Women's Super League,2018/2019,0
7567a0a3-7801-4369-b6e7-dcf3c791f195,19784,FA Women's Super League,2018/2019,0
7f6c4b31-0bfc-47c3-a935-988df65bcf8b,19784,FA Women's Super League,2018/2019,0
a70c1863-af13-4937-bd13-8c546fc2543a,19784,FA Women's Super League,2018/2019,0
748fde3d-ea6f-49ba-a176-4c36a9deb4b0,19784,FA Women's Super League,2018/2019,0
b23bed10-65d3-4c74-ba41-ffe3a5456e17,19784,FA Women's Super League,2018/2019,0
646b675f-8063-4c4d-b612-877d88381872,19784,FA Women's Super League,2018/2019,0
8676ccd0-f96e-40d1-8944-98b38f651949,19786,FA Women's Super League,2018/2019,0
670d62d4-67b6-441d-b5f6-b4c1d39e6d65,19786,FA Women's Super League,2018/2019,0
6fd8798e-6591-4d34-9f2e-6b1b264411a8,19786,FA Women's Super League,2018/2019,0
8e435214-d455-412a-9f63-86ec615bb76b,19786,FA Women's Super League,2018/2019,1
2c51d06a-23aa-4264-a1b5-2a5fde0ba60b,19786,FA Women's Super League,2018/2019,0
ebe832df-449c-48d1-a546-de4215d4af2e,19786,FA Women's Super League,2018/2019,0
e14e5928-9141-4466-a6e7-ae34ec912251,19786,FA Women's Super League,2018/2019,0
d8646af0-8e3c-4ac9-82d9-3f9a6778b17f,19786,FA Women's Super League,2018/2019,0
d9add7a7-613d-4214-8be1-f1f984d22ae9,19786,FA Women's Super League,2018/2019,0
c05b93fe-60d3-484b-b4fc-a8ef9cfe7cd3,19786,FA Women's Super League,2018/2019,1
1dacce6c-f1a6-4113-8fcf-b1a872e0171f,19786,FA Women's Super League,2018/2019,0
59954b49-6ea1-4540-9398-a80dc4d9c2a2,19786,FA Women's Super League,2018/2019,0
b5daf4e8-8630-4820-859e-2f06def35aaa,19786,FA Women's Super League,2018/2019,0
da83e476-fddd-43a8-9bf2-b64dfbe90352,19786,FA Women's Super League,2018/2019,0
32dab8e2-f5bd-41dd-a9ee-8c72c8f547d4,19786,FA Women's Super League,2018/2019,1
87bcef85-d07d-490c-bc51-18633f2e499f,19786,FA Women's Super League,2018/2019,0
34be4e4b-45f5-44b7-a66e-a10a3e1a2caa,19786,FA Women's Super League,2018/2019,0
af29d1bf-a07b-4a05-867d-d32d56614888,19786,FA Women's Super League,2018/2019,0
7f06c09c-8826-4a83-90c2-9d7e4fc78f31,19786,FA Women's Super League,2018/2019,0
f0a6fe31-0a8c-4aac-99ad-183252a1fd7f,19786,FA Women's Super League,2018/2019,0
dbee980a-2392-43e5-a086-eb7568883a76,19786,FA Women's Super League,2018/2019,0
27d77fc5-30b2-4319-a91f-20687fc2630a,19786,FA Women's Super League,2018/2019,0
3c15f4d9-40d4-447d-b744-1df50fbb22c4,19786,FA Women's Super League,2018/2019,0
547a4b34-29f2-42c5-a18d-3d0f16263412,19786,FA Women's Super League,2018/2019,0
028fa709-ce5a-4a7f-98b9-e092bfa962fe,19786,FA Women's Super League,2018/2019,0
daa99208-1f8f-4a24-b699-779eca480ac6,19786,FA Women's Super League,2018/2019,1
14bdbb4f-2531-45b0-8254-99e6f9e76145,19786,FA Women's Super League,2018/2019,0
6781d7e8-afef-4fbc-821b-00c556998b43,19774,FA Women's Super League,2018/2019,0
dab94e4b-0460-4a8e-bfaf-c8b7682b8f26,19774,FA Women's Super League,2018/2019,0
00a1f6ee-37a6-4294-88d9-f11806c815c3,19774,FA Women's Super League,2018/2019,0
7f0bc355-776b-47ec-8b8b-09ac791841ff,19774,FA Women's Super League,2018/2019,0
160adf93-3be6-4d0b-8914-c0570e6ad19a,19774,FA Women's Super League,2018/2019,0
3da5ceb6-4aee-440a-8dfc-9a7aaffa8e0f,19774,FA Women's Super League,2018/2019,0
9aa30474-a968-4339-bdab-ce3987b80b6a,19774,FA Women's Super League,2018/2019,0
0434d5ae-23ac-4e9f-b8fd-10591bc5c892,19774,FA Women's Super League,2018/2019,0
b28b0e5d-0a2d-4b31-be35-363024954c10,19774,FA Women's Super League,2018/2019,0
c4bf7bfc-b9a3-40cc-bd99-1b9fe0983d29,19774,FA Women's Super League,2018/2019,0
6171b391-4678-4448-ac18-756acbc6f4b4,19774,FA Women's Super League,2018/2019,0
e0dad9c7-327a-40f1-b2dd-4ddd301f0357,19774,FA Women's Super League,2018/2019,0
2252280b-a66e-448d-afb1-f612b6b0f3e6,19774,FA Women's Super League,2018/2019,0
aae1e3fb-413a-4056-8e38-4e3af24b8c09,19774,FA Women's Super League,2018/2019,0
d1294564-7ae5-41de-b924-097268452a2d,19774,FA Women's Super League,2018/2019,0
4086dde7-1b6c-483f-93f3-543da43b28fd,19774,FA Women's Super League,2018/2019,1
7a80b258-3ca6-4f10-ab9a-e050cfc74de3,19774,FA Women's Super League,2018/2019,0
92dab398-1297-4820-b97d-5a4aace34bd4,19774,FA Women's Super League,2018/2019,0
c7a9fb6a-4610-4e30-a311-39755d3f161a,19774,FA Women's Super League,2018/2019,0
6e383a22-5a44-4739-932e-b2196613ce2a,19774,FA Women's Super League,2018/2019,0
c5a0341d-282d-4d88-986e-11e26975287d,19774,FA Women's Super League,2018/2019,0
a4431037-48f8-4eeb-8385-55b0f11c76ae,19774,FA Women's Super League,2018/2019,0
67bf386c-c92f-442e-b21a-c864e2ff2df0,19774,FA Women's Super League,2018/2019,0
a6edbb43-63e9-44e0-b56a-530a6122bc1c,19774,FA Women's Super League,2018/2019,0
8d0b7cb6-aafe-4903-b295-2109200ba6f1,19774,FA Women's Super League,2018/2019,1
d13c005d-b58b-4799-b486-e5770396681f,19774,FA Women's Super League,2018/2019,0
e1dfd775-0ee7-4fae-8799-f87546085c97,19755,FA Women's Super League,2018/2019,0
b3bd8ac0-0d3b-4951-ad8e-030b60cf32af,19755,FA Women's Super League,2018/2019,0
dcfceb42-1d9f-4c9a-ac75-c7a98240f38c,19755,FA Women's Super League,2018/2019,0
8ae99f72-99c8-409c-bd90-7e3d4ff9e1fa,19755,FA Women's Super League,2018/2019,0
56e8f867-6656-4abb-9dee-04ee2b5c4765,19755,FA Women's Super League,2018/2019,0
00b69dad-0e8b-4d0f-9016-d8e664b7f6e1,19755,FA Women's Super League,2018/2019,1
63bc984d-d36d-4ceb-99bf-506306d844c6,19755,FA Women's Super League,2018/2019,0
c73e55dd-a377-49c7-b40a-2f036b560025,19755,FA Women's Super League,2018/2019,0
9cc1b705-9216-403c-b607-bd1748ae8a75,19755,FA Women's Super League,2018/2019,0
48519bc3-e37a-4565-aaaf-d637d8e8d991,19755,FA Women's Super League,2018/2019,1
94d7be85-7172-4de3-91a4-ad45342183cc,19755,FA Women's Super League,2018/2019,0
352255bf-e287-42a8-95c6-d0c4476e01f5,19755,FA Women's Super League,2018/2019,0
f0f374e9-df78-4000-9741-e2750e5ef064,19755,FA Women's Super League,2018/2019,0
66de5081-5d18-4874-a649-6486841bee38,19755,FA Women's Super League,2018/2019,0
4b93faeb-3fe7-4aca-90d7-79663886ee38,19755,FA Women's Super League,2018/2019,0
e3c50f97-85e7-48a5-afc8-c1ee0dbb097e,19755,FA Women's Super League,2018/2019,0
6538133f-c5f3-4105-9e87-543324af900c,19755,FA Women's Super League,2018/2019,0
e0be4458-3edf-4fdc-bac7-1e10560ba379,19755,FA Women's Super League,2018/2019,0
5119ca7b-58f7-4b00-8740-7ddafe6b37ae,19755,FA Women's Super League,2018/2019,0
be267c9b-bb34-419e-84d5-ef9fdc12542b,19755,FA Women's Super League,2018/2019,0
190583fd-adbd-42ea-b23b-507689b950cc,19755,FA Women's Super League,2018/2019,1
24a19cff-09e0-4d39-b349-81a5e8292f02,19755,FA Women's Super League,2018/2019,0
65d607ea-bf61-4734-922f-49c3328227c8,19755,FA Women's Super League,2018/2019,0
19afd45e-2651-4a7e-ab73-1340514cd1d3,19755,FA Women's Super League,2018/2019,0
094c5624-de71-498b-9ad7-dc9cc4c288d2,19755,FA Women's Super League,2018/2019,0
4700f506-cf40-4335-95e7-5cbe2d4ffd24,19755,FA Women's Super League,2018/2019,0
1eaf16ab-7bdd-400f-b185-b2935cd15152,19755,FA Women's Super League,2018/2019,0
6e82c360-8fff-4b5e-8f9b-9d215ca1af28,19755,FA Women's Super League,2018/2019,0
b8583996-5cc2-473b-bc58-8cdb4950f1fe,19755,FA Women's Super League,2018/2019,0
96e4bdca-6c64-4d44-91dc-bdc8973fcb6f,19755,FA Women's Super League,2018/2019,0
61d3af7f-4ed1-4a8f-99cf-a7d298b47465,19755,FA Women's Super League,2018/2019,0
c6c24870-a613-48ca-bf0d-c19b5e3acf65,19755,FA Women's Super League,2018/2019,0
c283ace8-cb30-4cc9-90bd-ba58f97be1d3,19755,FA Women's Super League,2018/2019,0
8cb77c28-ec7a-4280-8b47-a4e48e6323c6,19755,FA Women's Super League,2018/2019,0
8fa5c8cb-d5aa-4468-9869-7de88aea5516,19755,FA Women's Super League,2018/2019,0
d8cde982-5177-4a17-a0a5-65ba3447cf42,19806,FA Women's Super League,2018/2019,0
8efdd9f9-8194-42b7-925b-68ba09de686d,19806,FA Women's Super League,2018/2019,0
30e3cd96-1fca-408e-9d2a-78ab8774bc6e,19806,FA Women's Super League,2018/2019,0
44cfe62c-927f-4132-a6ac-942c75fb83c6,19806,FA Women's Super League,2018/2019,0
3146d73e-ab0e-4dd9-ba34-b6d946f9335b,19806,FA Women's Super League,2018/2019,0
34df3533-4762-469d-b664-c780ba52130c,19806,FA Women's Super League,2018/2019,0
6366d1b8-fb27-4a7d-977e-c1f7e2ffe762,19806,FA Women's Super League,2018/2019,0
935a9377-90dc-47be-9156-8c41febdcb9e,19806,FA Women's Super League,2018/2019,0
ce1c0594-6aac-4b1c-a746-3c6bd90365ef,19806,FA Women's Super League,2018/2019,0
5bd8e10c-3403-4b64-aef3-bb60b71df68b,19806,FA Women's Super League,2018/2019,0
bd671ed7-1d99-46c8-a25e-30bda1817a6e,19806,FA Women's Super League,2018/2019,0
6cdf6c19-2c45-4ac0-b9c9-bf2c47039894,19806,FA Women's Super League,2018/2019,0
26aab68a-1941-44e1-9077-dd07ae3ec815,19806,FA Women's Super League,2018/2019,0
d759e1da-6a27-44ef-88e4-e7dba197c889,19806,FA Women's Super League,2018/2019,0
294a1377-3120-493a-a4ee-ad6ea3f40e74,19806,FA Women's Super League,2018/2019,1
f060e616-4adf-4ff2-b2ed-7714568b4bca,19806,FA Women's Super League,2018/2019,0
050a976c-6e12-4e76-8f16-588a17373623,19806,FA Women's Super League,2018/2019,0
ffe656e7-6baa-4aa1-b76f-5a2963111f62,19806,FA Women's Super League,2018/2019,0
337457fd-587e-4c80-b162-ffd632915235,19806,FA Women's Super League,2018/2019,0
e6005c1e-bd28-441b-af25-ae59074faa66,19806,FA Women's Super League,2018/2019,0
c3f1f5f6-9111-4697-a304-dae616892c91,19807,FA Women's Super League,2018/2019,0
9033c923-cd93-471a-ad48-4c47431f6e15,19807,FA Women's Super League,2018/2019,0
27ac24af-e485-44de-847e-60399ab5f4b3,19807,FA Women's Super League,2018/2019,0
0ae2646c-1bc2-4fc6-a79f-57bdfc1f957b,19807,FA Women's Super League,2018/2019,1
06f1f3da-f047-4755-8fc8-66caa4f2123c,19807,FA Women's Super League,2018/2019,0
2742f1b9-6081-40e2-8c66-77d644489d21,19807,FA Women's Super League,2018/2019,0
6fea355f-8bad-4f44-97e2-44dd508fd3e5,19807,FA Women's Super League,2018/2019,0
ca3308bc-12d0-471e-b345-55d0989c0526,19807,FA Women's Super League,2018/2019,0
0a59f483-28ed-47c2-87cb-d112840c4611,19807,FA Women's Super League,2018/2019,0
99668db5-cae7-4550-837f-c806cfd8a149,19807,FA Women's Super League,2018/2019,0
7954b3ba-6888-4959-b8c6-90f574c218f3,19807,FA Women's Super League,2018/2019,0
986dce26-c72e-4266-9667-11492173d2d8,19807,FA Women's Super League,2018/2019,0
f646d11c-3e2e-4446-a229-2213d8519ae8,19807,FA Women's Super League,2018/2019,0
009daf77-cced-4ab2-8d2a-17dc6808f1fb,19807,FA Women's Super League,2018/2019,0
e1fedc15-aeda-46c4-8437-c2ed80e65042,19807,FA Women's Super League,2018/2019,0
8a9957ae-a29a-4d6f-b559-c280eb776ef1,19807,FA Women's Super League,2018/2019,0
c500ebfb-959d-4b99-ad06-1a6312cc6288,19807,FA Women's Super League,2018/2019,0
9f8a5586-aee6-4090-96c8-89c956f77ac9,19807,FA Women's Super League,2018/2019,0
c3dcfdf9-5396-4c51-836d-b1bbbb0b3905,19807,FA Women's Super League,2018/2019,0
a17bfae1-b2e9-4300-9927-156364def277,19807,FA Women's Super League,2018/2019,0
387188ad-fee0-4f0f-9366-e9c2bc9fa2e5,19807,FA Women's Super League,2018/2019,0
7e366572-e6a7-4069-bed3-3c611a1e9be2,19807,FA Women's Super League,2018/2019,0
e1e4b9d0-b806-4fa5-8ff3-a4403d29abed,19807,FA Women's Super League,2018/2019,0
b1c69a00-3caa-478c-8c3b-aa68a8ae8976,19807,FA Women's Super League,2018/2019,1
7bc593a2-289b-43e8-9718-fae341b16e3a,19788,FA Women's Super League,2018/2019,0
542366fc-d705-43b9-bb7d-644a1cd23fd3,19788,FA Women's Super League,2018/2019,0
8202e77a-fe29-453d-95a4-8dbe0f387d2d,19788,FA Women's Super League,2018/2019,0
2578b4af-1583-4c06-a7db-c514d081f5b0,19788,FA Women's Super League,2018/2019,0
ca2a74af-c247-4851-ad9c-acf2cbb40105,19788,FA Women's Super League,2018/2019,1
af4d752b-3054-4b04-ad33-49fd59b49617,19788,FA Women's Super League,2018/2019,0
6809ecbc-2038-419f-a000-c95db7d0c7b7,19788,FA Women's Super League,2018/2019,0
bfdb84bd-2b89-4e4d-bc68-895fe76c067c,19788,FA Women's Super League,2018/2019,0
d7f080ec-898f-4b1b-9427-c4ea9c0a379b,19788,FA Women's Super League,2018/2019,0
76c02657-e15c-46e0-9861-4a7ab1bc9a18,19788,FA Women's Super League,2018/2019,0
79f4c927-3d4f-4cac-b043-65f8d3ba5afd,19788,FA Women's Super League,2018/2019,0
50070a1c-3e1a-489e-9474-51c2dd3e39eb,19788,FA Women's Super League,2018/2019,0
72cec37b-8375-4be6-97bf-0e4415ce878f,19788,FA Women's Super League,2018/2019,0
8df6b5cf-05c6-429d-a896-e1ddf5f4764e,19788,FA Women's Super League,2018/2019,0
56c575b8-5854-442f-bc09-5b67a68631b5,19788,FA Women's Super League,2018/2019,0
d45f25d8-07ad-40d5-8f43-6a5f37c97ec1,19788,FA Women's Super League,2018/2019,0
af18bc9c-3011-428c-bce0-c3c0691465a3,19788,FA Women's Super League,2018/2019,0
237aeb54-f04d-41b1-bf44-5a3e178ab2a1,19788,FA Women's Super League,2018/2019,0
e94fe648-d01a-4374-be21-7a4d4a568bb3,19788,FA Women's Super League,2018/2019,0
999d3058-a733-4984-8242-14fda042f898,19788,FA Women's Super League,2018/2019,0
495d297b-dc95-424c-924d-be12f7b48bb3,19788,FA Women's Super League,2018/2019,0
6eb93b25-e7b8-4466-a468-d8e29f68143d,19788,FA Women's Super League,2018/2019,0
4daf122b-3ccf-47b9-919d-199287245f7c,19788,FA Women's Super League,2018/2019,1
0ebb20de-7325-491a-b5fe-bbb4ac18d24d,19808,FA Women's Super League,2018/2019,0
75c9293d-448c-42e5-ac6a-e16b42d09ee7,19808,FA Women's Super League,2018/2019,0
b5089a0a-a30b-459d-a7dc-cf2e5e502d2c,19808,FA Women's Super League,2018/2019,0
74972048-0d6f-40f6-9cfc-a8a4f786d3df,19808,FA Women's Super League,2018/2019,0
638f1f9a-2b2d-4876-8320-c184b19750ea,19808,FA Women's Super League,2018/2019,0
408c6dd9-01f0-4088-9f0d-0a6993bbaa64,19808,FA Women's Super League,2018/2019,0
a17e755a-a9c0-4256-bcae-f5e319484569,19808,FA Women's Super League,2018/2019,0
08815d3a-2700-4794-97b4-417440b6b085,19808,FA Women's Super League,2018/2019,0
0b58b442-1ff6-45bc-823e-e939b259793e,19808,FA Women's Super League,2018/2019,0
f5d0d7e3-af7c-4524-82f9-85f05fed16cc,19808,FA Women's Super League,2018/2019,0
5a7cb9a4-f88e-4a09-9377-d82b35992611,19808,FA Women's Super League,2018/2019,1
a3ddf2ed-ec71-48de-a70f-9f9dcaf683b5,19808,FA Women's Super League,2018/2019,0
ae938918-d0dc-4c69-a5c8-1bdb8c606fad,19808,FA Women's Super League,2018/2019,0
db258a59-5f60-485e-abdf-3cf028caec79,19808,FA Women's Super League,2018/2019,0
af71aafe-663a-405d-a704-0bdc399e4c7c,19808,FA Women's Super League,2018/2019,0
db7f3b0b-673c-4823-a0a8-416037ef44ba,19808,FA Women's Super League,2018/2019,0
70eeafe7-be95-4acf-aa2d-4b4ba715f067,19804,FA Women's Super League,2018/2019,0
9ce4aa47-56db-44bb-82b9-a44a3210de46,19804,FA Women's Super League,2018/2019,0
198dd402-411f-4d98-9924-b811f7d69bd6,19804,FA Women's Super League,2018/2019,0
4e2d6762-ce7e-4a4e-a461-925db998a1cf,19804,FA Women's Super League,2018/2019,0
ff0a91bd-bf13-45b2-b40c-734c60501ebd,19804,FA Women's Super League,2018/2019,0
613049b6-0e92-4f6a-bcca-876359b91612,19804,FA Women's Super League,2018/2019,0
27ab31af-f405-4e83-8a03-dd64b6257fcf,19804,FA Women's Super League,2018/2019,0
220117ae-721c-4a34-8aa7-4c658b780d84,19804,FA Women's Super League,2018/2019,0
f5e2180d-9102-42e6-8e1e-e430981cdb0c,19804,FA Women's Super League,2018/2019,0
847be79b-e28a-4d42-8177-48645511b904,19804,FA Women's Super League,2018/2019,0
0f136fe7-6d95-4fe4-b5bd-cd6beeac6272,19804,FA Women's Super League,2018/2019,0
50a1aa6e-7b43-437f-afbe-23d47c59db2d,19804,FA Women's Super League,2018/2019,0
aa41e468-894e-437e-987e-a2ed206e1dc1,19804,FA Women's Super League,2018/2019,0
c99214f1-ff82-4e38-a633-5776168fe815,19804,FA Women's Super League,2018/2019,0
6034dad5-0c0d-4069-a9a0-7903563ab8ae,19804,FA Women's Super League,2018/2019,0
7d424822-9e90-4ed6-9171-f52873ce87db,19804,FA Women's Super League,2018/2019,0
04311b8f-0c29-4a16-95aa-de600455a783,19804,FA Women's Super League,2018/2019,0
3aecce36-aa79-4c4a-8c44-20f0b87101c0,19804,FA Women's Super League,2018/2019,1
2aa9c21d-482a-4f02-b16b-54c8da19db6d,19804,FA Women's Super League,2018/2019,0
0a13de90-793a-4b64-8837-65a701382a69,19804,FA Women's Super League,2018/2019,0
333fd037-d053-4ced-a11b-88ee1e7d9809,19804,FA Women's Super League,2018/2019,0
9c4a796f-fda8-41ac-a67e-f248330cae98,19813,FA Women's Super League,2018/2019,0
c9ecba57-a838-4652-8897-f16b59efe7b7,19813,FA Women's Super League,2018/2019,0
612d284c-5157-41c6-9cd3-46b698f2524e,19813,FA Women's Super League,2018/2019,0
5f9e5c7c-535f-4eb4-8241-db3ceb6aea20,19813,FA Women's Super League,2018/2019,0
44fc1833-5c14-4a8f-9cf4-bf37d5e58a03,19813,FA Women's Super League,2018/2019,1
57a22009-e624-4433-9ae6-4108bbbf2f16,19813,FA Women's Super League,2018/2019,0
1b452a39-c074-4067-a997-f0cf8daed948,19813,FA Women's Super League,2018/2019,0
6b9375c7-e663-488f-abfc-acdaa1852664,19813,FA Women's Super League,2018/2019,0
7657e1cf-3c07-42de-a6ac-bca7828581cb,19813,FA Women's Super League,2018/2019,0
e70741c8-23dc-44bb-b058-ce667f03c967,19813,FA Women's Super League,2018/2019,0
a1464977-ec3e-46d9-84f9-20d27eca3bbe,19813,FA Women's Super League,2018/2019,0
1951022f-2c85-4e89-9027-1d050095264e,19813,FA Women's Super League,2018/2019,0
244364df-89c7-4722-ade6-732e2a4dace7,19813,FA Women's Super League,2018/2019,1
2643d4de-c68e-4e56-a287-c9953af90e47,19813,FA Women's Super League,2018/2019,0
865f3f3d-9bb5-4bf2-ad12-5a23f2d769f0,19813,FA Women's Super League,2018/2019,0
9acf9c5b-dcd0-4000-be73-6180fb0b6ad5,19813,FA Women's Super League,2018/2019,0
0ab25096-e1c8-456f-a30b-c3e03dace2a2,19813,FA Women's Super League,2018/2019,0
2d16bf7f-096a-474a-b215-7be0d4b80824,19813,FA Women's Super League,2018/2019,0
25f24c74-e6c1-4f2a-ac18-bca79b1555f3,19813,FA Women's Super League,2018/2019,0
b35f7483-734c-44ce-871e-90bd913a0f0b,19813,FA Women's Super League,2018/2019,0
47d72784-c35f-45ff-b0cb-85475fa6d4ff,19816,FA Women's Super League,2018/2019,0
2774ebbd-b0f4-4656-b622-3ccfdb47b0d5,19816,FA Women's Super League,2018/2019,0
cf08457b-25f2-4d42-84c9-0992a6b73795,19816,FA Women's Super League,2018/2019,0
6d235888-a6ad-489f-894f-59955314f985,19816,FA Women's Super League,2018/2019,0
d241016c-4b48-4e12-bc4b-3e5e06fdc782,19816,FA Women's Super League,2018/2019,0
147fc184-1494-4556-85cc-50795ee721cf,19816,FA Women's Super League,2018/2019,0
2e82833d-d2db-4fd1-b2f8-52409abaf152,19816,FA Women's Super League,2018/2019,0
385797f8-5965-479d-bdb6-0bec612705ff,19816,FA Women's Super League,2018/2019,0
77dfd0fd-1a5a-4866-a3b3-2718a9c955fb,19816,FA Women's Super League,2018/2019,1
b18716cc-5e03-4195-8ed6-6214ab6eee09,19816,FA Women's Super League,2018/2019,1
7fa13087-4ab8-4fd6-bcd7-d652f024c473,19816,FA Women's Super League,2018/2019,0
b4db3f4e-6be0-46c8-9e24-117fc62675fe,19816,FA Women's Super League,2018/2019,0
ca0b7d1a-7edd-4fe2-893b-f60aa42d8101,19816,FA Women's Super League,2018/2019,0
49e8aab0-f63f-4829-b9f8-7507c31f86f6,19816,FA Women's Super League,2018/2019,0
e68fdc59-b9c1-413c-b669-35c61c8d019e,19816,FA Women's Super League,2018/2019,0
62e0742f-099b-4664-a589-b2a56e9eea63,19816,FA Women's Super League,2018/2019,0
bdd97870-074f-4b75-ad91-479b0c519474,19816,FA Women's Super League,2018/2019,0
12853c95-e274-4ab4-96b2-ecfce7a15c0c,19816,FA Women's Super League,2018/2019,0
fa867779-f70c-41e1-b3e8-fd974c281850,19816,FA Women's Super League,2018/2019,0
e4676ae3-aa01-4d95-9ad8-3ce921fbca36,19816,FA Women's Super League,2018/2019,0
d85c2c20-fa45-462c-98cb-638a228a9368,19816,FA Women's Super League,2018/2019,0
2e910fd1-ad9e-417e-8580-fa1797157c63,19809,FA Women's Super League,2018/2019,0
b0b3f719-4055-4f3d-aa43-2b2c81696744,19809,FA Women's Super League,2018/2019,0
3bbf792b-7b1a-4482-972b-914190783f90,19809,FA Women's Super League,2018/2019,0
22c209c1-b6c6-43cd-9750-8238f836f7c5,19809,FA Women's Super League,2018/2019,0
1650c8b8-ccf3-4eb7-9e35-24e8cbe786b5,19809,FA Women's Super League,2018/2019,0
63b9a83d-a6be-4bef-a1ba-bb7467364369,19809,FA Women's Super League,2018/2019,0
8d30ac03-18a5-417c-a9b7-ffdd9a38382d,19809,FA Women's Super League,2018/2019,0
afd6d95e-b10e-46d0-bd02-4b654f7e2090,19809,FA Women's Super League,2018/2019,0
cfa60cfe-5c21-4593-b83a-183622e44215,19809,FA Women's Super League,2018/2019,0
212d91e9-277f-4c64-b157-294998f5bef9,19809,FA Women's Super League,2018/2019,0
d76ce379-6716-4aa3-8f89-176efcb61563,19809,FA Women's Super League,2018/2019,0
f7bf4a34-d6f9-41c3-b91d-7eea900f07a2,19809,FA Women's Super League,2018/2019,0
39380a4c-b98f-4a49-984f-f6ceb7e21b2d,19809,FA Women's Super League,2018/2019,0
1f5ce9d5-61ed-4ab2-a0cb-b767510835e1,19809,FA Women's Super League,2018/2019,0
cdb0217a-a03b-45f6-a669-09a3c58e7344,19809,FA Women's Super League,2018/2019,0
d9179f84-1491-4d86-ac00-ac2aace85ee0,19809,FA Women's Super League,2018/2019,0
b9b55f6c-5cb4-4851-830b-e4439b22ff34,19809,FA Women's Super League,2018/2019,0
a565edd1-8dac-4343-9984-0d10653310ec,19809,FA Women's Super League,2018/2019,0
8bfb0dae-2f27-424d-abb1-724b0255f33a,19809,FA Women's Super League,2018/2019,1
7beba681-7601-4b5c-b986-b6c646f770fb,19809,FA Women's Super League,2018/2019,0
b1913750-6d4e-4658-93db-c94b947395f2,19809,FA Women's Super League,2018/2019,0
4a9ebbd9-92ff-4feb-8427-d75c3b4f016d,19809,FA Women's Super League,2018/2019,0
678c84ad-33b2-4808-90c2-b71a91ae6ae5,19809,FA Women's Super League,2018/2019,0
5fc00c3f-a6a4-4d1e-8473-edbecc3e0ed9,19809,FA Women's Super League,2018/2019,0
d4060207-3cf0-47ab-8fb5-9c799699968e,19809,FA Women's Super League,2018/2019,0
b194d25b-8682-48b6-a505-a99c0ded95fd,19809,FA Women's Super League,2018/2019,0
0160874e-83d9-4852-838a-6bf057dee4c6,19809,FA Women's Super League,2018/2019,0
4e350167-fb9b-42c4-aaf0-4dff5ac53e94,19809,FA Women's Super League,2018/2019,0
e961e007-f9c1-4946-84f3-7b90e4d84caa,19809,FA Women's Super League,2018/2019,0
bf7b9650-face-4e13-9089-68c6f3a7540f,19809,FA Women's Super League,2018/2019,0
1a6dfdff-70d4-47e7-b5e7-36eb9469107d,19809,FA Women's Super League,2018/2019,0
500af4c4-7e09-4114-abdf-47b31d7bd464,19815,FA Women's Super League,2018/2019,0
2982d111-6b39-495e-9900-c16cb9789764,19815,FA Women's Super League,2018/2019,1
510a7c5c-603f-4a9a-b70c-c8398e3354ce,19815,FA Women's Super League,2018/2019,0
741ad1f5-d6e7-4d6e-8f53-ba70f351b518,19815,FA Women's Super League,2018/2019,0
71189ecf-82a9-4bec-bb34-804cb3307d9c,19815,FA Women's Super League,2018/2019,0
0046aadb-28b0-46d8-8254-8700bea462ef,19815,FA Women's Super League,2018/2019,0
f993de3e-259e-4c93-a106-1dfbba21b9f2,19815,FA Women's Super League,2018/2019,1
eb85d3db-e7bd-44be-8404-327782b5c400,19815,FA Women's Super League,2018/2019,0
0f746353-a401-4221-a61b-871d94530e86,19815,FA Women's Super League,2018/2019,0
966f43b4-a33b-4151-b44d-b1e66ddad368,19815,FA Women's Super League,2018/2019,0
5cba9316-92f1-4364-a32c-c7935bfbb387,19815,FA Women's Super League,2018/2019,0
0b46d297-020b-434b-9289-1ed71f6f8f8e,19815,FA Women's Super League,2018/2019,0
169ee082-04e8-44df-985b-585bc3d51dd7,19815,FA Women's Super League,2018/2019,0
a772443c-24d5-4363-8a72-c0436c4fcf7b,19815,FA Women's Super League,2018/2019,0
28b91240-c6f2-495b-98d2-689876ecf5d6,19815,FA Women's Super League,2018/2019,0
43bb26f6-abd1-4225-93a1-77ba83238853,19815,FA Women's Super League,2018/2019,0
fd62116a-b09d-4154-b495-f5b7bf6139f5,19815,FA Women's Super League,2018/2019,1
a5c03ff4-9d51-46c5-91b2-b2c6fcf7c566,19815,FA Women's Super League,2018/2019,0
b8ab81ea-24b0-4382-add9-8be92b0b59ad,19815,FA Women's Super League,2018/2019,1
b9b87b4b-52a0-4e17-8e99-fd5a72dc00c4,19815,FA Women's Super League,2018/2019,0
c442c57e-4435-4f8c-861f-e6bc8ab73b40,19815,FA Women's Super League,2018/2019,0
6db81df5-fe2c-4e50-8619-612e3cbcf5f2,19815,FA Women's Super League,2018/2019,0
d3bc6739-56d0-4f7c-b74b-5ee50ae86d61,19815,FA Women's Super League,2018/2019,0
d1ef97ba-d0d6-428c-b6e9-835419cce353,19815,FA Women's Super League,2018/2019,0
d14abebe-fe4f-45f6-add2-a2bfe271302c,19815,FA Women's Super League,2018/2019,0
56fd0026-e81e-408e-a9b1-bd08cc78dd7a,19815,FA Women's Super League,2018/2019,0
0bad53ad-1018-4a69-b31c-9e04d4be06b1,19815,FA Women's Super League,2018/2019,0
c1d85cd4-806e-4495-a98f-201f322c429b,19815,FA Women's Super League,2018/2019,0
beb650d4-22fd-461b-be06-a99735e84d43,19817,FA Women's Super League,2018/2019,1
57653f49-937b-412a-a98d-e8bb60b3b48d,19817,FA Women's Super League,2018/2019,0
e0b00b53-dd98-4177-82a6-6f3e23159484,19817,FA Women's Super League,2018/2019,0
8256f74f-a09b-4bc6-927f-83d2a87be290,19817,FA Women's Super League,2018/2019,0
36441ad8-af5a-42e4-a885-d7f6814e1f24,19817,FA Women's Super League,2018/2019,0
99dfcc3f-49e2-41b3-b129-76802e361fde,19817,FA Women's Super League,2018/2019,0
12e84b1a-5cf8-4ed3-ac68-cdea2eddfae2,19817,FA Women's Super League,2018/2019,1
bfcb8749-72b1-4919-9796-03cd704b5453,19817,FA Women's Super League,2018/2019,0
1ff6a16e-cea6-4d77-b0d6-cdf1b087d85e,19817,FA Women's Super League,2018/2019,0
7e0c5c2b-5d4d-49b4-b5e0-66dfc1c52410,19817,FA Women's Super League,2018/2019,0
0ed0b246-6b99-4e83-a741-7e3c3fc764ed,19817,FA Women's Super League,2018/2019,0
d6d39112-4e24-47f1-a1ba-cc7d0351eee6,19817,FA Women's Super League,2018/2019,1
acd20f72-28e1-4d76-b42e-c94860441203,19817,FA Women's Super League,2018/2019,0
33972592-8f90-4204-ae45-cc32caed9876,19817,FA Women's Super League,2018/2019,0
014eaccd-a626-4a12-b494-deab5ac30cd2,19817,FA Women's Super League,2018/2019,0
29e75460-2770-4245-b0f7-ee2e2aeefb72,19817,FA Women's Super League,2018/2019,1
4823187e-2b46-44a8-9c90-0a92dd4a5e56,19817,FA Women's Super League,2018/2019,0
824e1474-733b-49c9-ae6c-fbd3e806a0ad,19817,FA Women's Super League,2018/2019,0
a535f2f6-5251-4826-8c01-f9a8674037ca,19817,FA Women's Super League,2018/2019,1
d54fa3e2-22ce-41c9-b6de-1f6670772a50,19818,FA Women's Super League,2018/2019,0
184a9fe5-c383-469e-99e3-2891efd7d380,19818,FA Women's Super League,2018/2019,1
934f873d-3898-42a1-9639-03f3e4ab9766,19818,FA Women's Super League,2018/2019,0
15d9938d-0f9c-4918-a7de-d179e25a14d7,19818,FA Women's Super League,2018/2019,0
34ac204e-6131-4bd2-b67c-b32fb26991b3,19818,FA Women's Super League,2018/2019,0
fd929bb2-448b-4d8c-89f2-d78caff78f62,19818,FA Women's Super League,2018/2019,0
2d8f40e6-f3c2-4332-bf4e-78949da8ae4e,19818,FA Women's Super League,2018/2019,0
ed31d381-ccdc-4731-9531-0e49ab700685,19818,FA Women's Super League,2018/2019,0
1a7c51ad-c812-40f7-b71d-7da24b72fa08,19818,FA Women's Super League,2018/2019,0
fb8887a7-f5db-4d21-9997-e9ee9fa826c8,19818,FA Women's Super League,2018/2019,0
ec047750-19bf-43c9-bee2-c95f1b3a8fe7,19818,FA Women's Super League,2018/2019,0
b2458d97-9aab-4bbf-805e-0991f8dea01a,19818,FA Women's Super League,2018/2019,0
50504b93-cd7a-45c4-bdb5-f47fd3543667,19818,FA Women's Super League,2018/2019,0
4bdd2c06-69a9-4a57-a6eb-5f1a8bfa6de9,19818,FA Women's Super League,2018/2019,0
fb55ab0b-9d0c-4faf-8afe-12f9df3149b1,19818,FA Women's Super League,2018/2019,0
9b3457ae-d850-4379-bd4e-8628d08f0fa5,19818,FA Women's Super League,2018/2019,0
80af712e-4b8f-4cd0-99d2-b2b88ba18cca,19818,FA Women's Super League,2018/2019,0
e735e19f-6dc1-4bb7-aa79-9b74570e99af,19818,FA Women's Super League,2018/2019,0
b3cdba10-1cbf-4cb0-ad70-48fd63a5c073,19818,FA Women's Super League,2018/2019,0
4826b489-675e-44e6-9503-f86f67f86b7a,19818,FA Women's Super League,2018/2019,0
33043ccf-8210-4e82-b870-45dd71f60e1d,19818,FA Women's Super League,2018/2019,0
398b4350-1cab-4286-a55d-8b9e177814ea,19818,FA Women's Super League,2018/2019,0
2ccbdeb1-289a-4532-b6df-c8caa3dd990a,19818,FA Women's Super League,2018/2019,0
541328d3-f5be-4475-b18b-e606a95bb495,19818,FA Women's Super League,2018/2019,1
1f9a257b-25a3-41db-b2c9-47f3e0e3de9c,19818,FA Women's Super League,2018/2019,0
e85a0705-680c-4066-81d6-66fde960e8ab,19818,FA Women's Super League,2018/2019,0
1898faf5-73cf-45fa-bcc9-34a0cfc47897,19818,FA Women's Super League,2018/2019,0
a2b66e8e-b9cd-4eda-93e0-5d12d51cfa22,19818,FA Women's Super League,2018/2019,0
b4aac08d-1c29-40d8-81db-0a0eb1673f63,19818,FA Women's Super League,2018/2019,0
e9c64f29-3800-4a9f-a7d8-2ef534f44e04,19818,FA Women's Super League,2018/2019,0
1921555f-c2ae-40d7-9062-e1f300e465e9,19818,FA Women's Super League,2018/2019,0
bb20ac94-36d0-4d67-8899-10274d51aac7,19818,FA Women's Super League,2018/2019,0
c5269ea5-c3d8-4e18-ac64-7afc50da4cf2,19818,FA Women's Super League,2018/2019,0
4d982097-7ed9-473c-b567-174201d1f5c3,19818,FA Women's Super League,2018/2019,0
eadf3a52-8a4f-4990-9478-24fa33fcb38b,19818,FA Women's Super League,2018/2019,0
2dcf742c-731d-4a51-94cc-d5ab31e5259a,19819,FA Women's Super League,2018/2019,0
fc3c3c67-93d6-4561-a697-de96fa37d4ea,19819,FA Women's Super League,2018/2019,0
d8731bca-7742-4eb8-a1cf-2f0035a25ada,19819,FA Women's Super League,2018/2019,0
d54bb7b3-ed6c-491d-843d-a23d2e66d37e,19819,FA Women's Super League,2018/2019,1
7b489bc9-bbc4-4e4e-89c0-bf36cceb9d20,19819,FA Women's Super League,2018/2019,0
1681dc44-268a-4d40-9ae9-c1dffca17844,19819,FA Women's Super League,2018/2019,0
0643bf10-50e5-4303-b281-33906724cfa4,19819,FA Women's Super League,2018/2019,0
dfbbfb81-730a-4e97-a552-43549ce81eae,19819,FA Women's Super League,2018/2019,0
584a9f9a-2f7f-48a3-947c-167b9269bfa7,19819,FA Women's Super League,2018/2019,1
01c7594d-511b-4991-9c87-daa9aa11f6c0,19819,FA Women's Super League,2018/2019,0
aee746bb-f750-4978-af28-6a60ea92b023,19819,FA Women's Super League,2018/2019,0
6588a3d1-f9f0-4329-af53-4c993fd4cd94,19819,FA Women's Super League,2018/2019,0
ec34cbb7-b9c7-4588-aa5f-1b4bf22b4d72,19819,FA Women's Super League,2018/2019,0
736f6b76-6aff-41aa-8bd7-edc9f9b88bf7,19819,FA Women's Super League,2018/2019,1
f6a0fc2c-88ee-4756-8c96-22ad53f6fdbd,19819,FA Women's Super League,2018/2019,0
4075220f-0911-4e83-af5d-29a09a9428d5,19819,FA Women's Super League,2018/2019,0
bacb1a81-48f8-4e46-9f1c-f35f72f7da78,19819,FA Women's Super League,2018/2019,0
8790b91e-49e7-4ae0-be48-dad832bfed34,19819,FA Women's Super League,2018/2019,0
9c08a46b-61a1-4838-96f5-b142e89280c6,19819,FA Women's Super League,2018/2019,1
ed10ff6c-a444-43dc-a4ec-3f82e96174ef,19821,FA Women's Super League,2018/2019,0
0f34d943-4d6e-4a05-aa85-b6e7720d33b8,19821,FA Women's Super League,2018/2019,0
ca4a5979-61c5-4eeb-81a7-b7fc23ad30f6,19821,FA Women's Super League,2018/2019,0
1cfe7b85-9f3c-446e-9d7b-3dd10bc9f3a4,19821,FA Women's Super League,2018/2019,0
401cff4b-4df9-4261-b589-9d3c8cfb0823,19821,FA Women's Super League,2018/2019,0
f80f2c98-8e7d-47b0-93c2-e8aa2ebeaf1a,19821,FA Women's Super League,2018/2019,0
e782207d-6bfb-420a-bfa3-8f2a01f4d51c,19821,FA Women's Super League,2018/2019,0
e7f421b7-0c99-4737-a932-d94b16b12ccb,19821,FA Women's Super League,2018/2019,0
7aabe571-e763-456d-9def-8a555ae160c3,19821,FA Women's Super League,2018/2019,0
81c63ece-84cf-449b-a5d7-17a10623e61c,19821,FA Women's Super League,2018/2019,0
c47f163d-df77-4f2d-880e-7444d19fdc6b,19821,FA Women's Super League,2018/2019,0
97cb7ac8-786e-43f8-91e2-cab439764c28,19821,FA Women's Super League,2018/2019,0
7ea24390-f7bf-4bc1-93d6-122be9ed9c76,19821,FA Women's Super League,2018/2019,0
c1aaf1f2-971e-4345-96e1-0a4e238ccbae,19821,FA Women's Super League,2018/2019,0
26d3436f-e236-4b2a-beaa-4f59b7ad0fb6,19821,FA Women's Super League,2018/2019,0
4a56234b-70d5-4357-9b4d-43b14d904243,19821,FA Women's Super League,2018/2019,0
8a66893f-118f-451d-b4c5-1be4fcb7d909,19821,FA Women's Super League,2018/2019,0
5baf07ee-881d-4d5a-9bdf-c4f0a46842bd,19821,FA Women's Super League,2018/2019,0
7829b16b-251a-4263-af56-ba535a40b62e,19821,FA Women's Super League,2018/2019,0
e76f21c1-602b-48ec-a20f-e63c71c44882,19821,FA Women's Super League,2018/2019,0
6dd088ff-38be-45ce-b674-8af745c765e2,19821,FA Women's Super League,2018/2019,0
d50fe6c5-b38e-4b04-b528-5607af5802b0,19821,FA Women's Super League,2018/2019,0
30c0259a-2c42-48b4-b898-8c269a6c92c1,19821,FA Women's Super League,2018/2019,0
967c90ea-65f9-4ec3-995e-238cafb705ad,19821,FA Women's Super League,2018/2019,1
e15ac385-2d98-478e-ba66-c8ba359c16f9,19821,FA Women's Super League,2018/2019,0
d345e7e3-e016-4303-a1cd-06e23eb1ebb8,19801,FA Women's Super League,2018/2019,1
cfe53daf-57ca-4746-bd40-8be11d5ba8d4,19801,FA Women's Super League,2018/2019,0
a820ba1b-76a3-47c8-b625-20dcd6642232,19801,FA Women's Super League,2018/2019,0
f7879019-b1e0-424f-8aba-df58772dc45f,19801,FA Women's Super League,2018/2019,0
53c1f5c2-35e7-412d-874d-5cd4fdafeaaf,19801,FA Women's Super League,2018/2019,1
612e32d8-df3e-43eb-86c2-eb80ae1b3308,19801,FA Women's Super League,2018/2019,0
45d7a968-7175-4536-a3b3-8124865ae784,19801,FA Women's Super League,2018/2019,0
028b06d9-a353-4eff-8051-bb6cfd3d3799,19801,FA Women's Super League,2018/2019,0
78b4b55e-3ee2-49c9-b973-1c00c0684b4e,19801,FA Women's Super League,2018/2019,1
c0e49dd6-422f-42d4-a4dc-ca0555e2007b,19801,FA Women's Super League,2018/2019,1
1eb9a092-dd46-4205-abd9-2e6ce24d4e53,19801,FA Women's Super League,2018/2019,0
23a96f6c-dfcc-4678-9b97-a5cdc1f52c00,19801,FA Women's Super League,2018/2019,0
b45567ef-e428-4070-a2c8-fb6501f0b3f4,19801,FA Women's Super League,2018/2019,0
d14ce8a7-0ba7-4e18-9ef6-eb747f9157cf,19801,FA Women's Super League,2018/2019,0
cde35fe2-ab1e-4fc8-b362-c6694a802fdc,19801,FA Women's Super League,2018/2019,1
d577d38c-60ad-4650-8efd-3626be1b7aa0,19801,FA Women's Super League,2018/2019,0
5f5ebe26-15d4-4076-913a-5a6a9a6ca87c,19801,FA Women's Super League,2018/2019,0
3720e213-2fc3-4566-8560-8e9a81904fb4,19801,FA Women's Super League,2018/2019,0
d09ada37-2838-437a-882a-eaafeea8a767,19801,FA Women's Super League,2018/2019,0
a0509357-f886-4f21-aae1-b0da7abd9b7f,19801,FA Women's Super League,2018/2019,1
fa24790f-4e8e-41d1-9272-eece4216b9b0,19801,FA Women's Super League,2018/2019,0
ca6231ee-4d33-4b3c-b103-07e64cc05bd2,19741,FA Women's Super League,2018/2019,0
53f0330c-331b-4cd7-9812-e7176ee64efa,19741,FA Women's Super League,2018/2019,1
bc53f289-abc7-4a40-ad87-40a3603770af,19741,FA Women's Super League,2018/2019,0
c2f75ac1-04a4-4080-b56b-b6403e9c66a7,19741,FA Women's Super League,2018/2019,0
6d9ccd78-3105-4625-802a-825e85d4ba6e,19741,FA Women's Super League,2018/2019,1
9d6756ec-525f-4e0e-8094-05cf1f346469,19741,FA Women's Super League,2018/2019,0
38d0367a-fcbc-427a-9cd5-bb3b3f047e4d,19741,FA Women's Super League,2018/2019,0
5be6a70b-e230-43f3-8750-175ffc6ed9dd,19741,FA Women's Super League,2018/2019,0
34816cb8-2cb0-41e3-9c66-29b3ad8d6a64,19741,FA Women's Super League,2018/2019,0
f9333452-e234-44e8-a287-00c64f94b187,19741,FA Women's Super League,2018/2019,0
93db1618-b32f-46b2-b273-3ce078b80104,19741,FA Women's Super League,2018/2019,0
4cd20fb5-7eda-4ebc-9fa7-b285aa949a5f,19741,FA Women's Super League,2018/2019,0
5cf04140-4eca-4127-bde9-629804e21bae,19741,FA Women's Super League,2018/2019,0
342cd64c-e441-486d-8d9b-dc46e64feee4,19741,FA Women's Super League,2018/2019,1
dac0bf08-ebd9-4ce1-8471-2fa91de9cbe2,19741,FA Women's Super League,2018/2019,0
f70ed4b6-21e3-4f9f-952f-cb369db905e6,19741,FA Women's Super League,2018/2019,1
6cdddca1-66ce-4ab8-a012-22b864b713fa,19741,FA Women's Super League,2018/2019,0
ab498d19-9f4e-46de-be2f-9eff79eda659,19741,FA Women's Super League,2018/2019,0
8a09e68b-8dd7-4e6a-b8ed-d27108129eb0,19741,FA Women's Super League,2018/2019,0
7d68564e-d1db-4fc9-83b2-1528d0c350cd,19741,FA Women's Super League,2018/2019,0
4e089298-0b5f-4292-af65-fcfbfd3052e3,19741,FA Women's Super League,2018/2019,0
26e6ce29-7568-4956-82cc-b20c58dbc9f2,19741,FA Women's Super League,2018/2019,1
5629c6bf-1136-448e-9879-314cc073fdd3,19741,FA Women's Super League,2018/2019,1
6fd7246e-e881-4d66-9202-a7dd23d3d009,19741,FA Women's Super League,2018/2019,0
d55227eb-6590-4bfc-b44e-df634edf19bc,19741,FA Women's Super League,2018/2019,0
3b92f832-3bea-4f91-b8ee-ba7d1eede780,19741,FA Women's Super League,2018/2019,0
c2c1d609-4159-49bc-8f6f-891128af7955,19756,FA Women's Super League,2018/2019,0
2d9bf018-7b6d-4ddc-8700-a95a382abd4d,19756,FA Women's Super League,2018/2019,0
0fd062da-81a1-430a-9c54-4e5ccf993e1e,19756,FA Women's Super League,2018/2019,0
b54f3802-e93e-43b6-8e28-610e2eb1c75f,19756,FA Women's Super League,2018/2019,1
307a320b-74e5-4999-a6b8-8df3231dc327,19756,FA Women's Super League,2018/2019,1
290ed9fd-2ef2-4adc-b9ad-dc62d3700def,19756,FA Women's Super League,2018/2019,0
f646b9e6-7e3a-4f12-9527-4acbfa1bc9b7,19756,FA Women's Super League,2018/2019,0
cde026d9-ee3c-48b1-b154-bc1c040c9999,19756,FA Women's Super League,2018/2019,0
62426118-fc90-469d-b50d-4237dda947e1,19756,FA Women's Super League,2018/2019,0
800af8cc-f4e6-4075-b133-da519d881b07,19756,FA Women's Super League,2018/2019,0
dc8c7fef-7184-48e7-9bc4-ae6225607cad,19756,FA Women's Super League,2018/2019,0
64784b43-22ce-451f-8b56-2deab36df425,19756,FA Women's Super League,2018/2019,0
a1ddfa5b-37a1-4a1f-81bc-8362ff0461eb,19756,FA Women's Super League,2018/2019,1
be1af23d-6f71-465b-aad6-fc44ec2841de,19756,FA Women's Super League,2018/2019,0
f1a3530a-9981-4e95-9e4d-e8037873cbc5,19756,FA Women's Super League,2018/2019,0
2ff738c9-9e70-4105-a155-02a3997ea4bd,19756,FA Women's Super League,2018/2019,0
0ad20d7b-f426-45dd-903b-3c5cf37c255d,19756,FA Women's Super League,2018/2019,0
a88acdb1-c434-447f-8129-462a6b955001,19756,FA Women's Super League,2018/2019,0
834bc354-f53c-45aa-96b0-987d7d26954e,19756,FA Women's Super League,2018/2019,0
1ad77ca7-8369-4b20-a0d8-18ab3d4d5e5e,19756,FA Women's Super League,2018/2019,0
d2c6178d-4fcb-41d7-9314-724b409e61db,19756,FA Women's Super League,2018/2019,1
6274d2ce-5252-439b-98e6-6f019c05984c,19756,FA Women's Super League,2018/2019,0
a6789f2c-89b2-4132-aa01-e7de7eab31fa,19756,FA Women's Super League,2018/2019,0
9627579e-cc4c-4760-83a7-54fa1b8003af,19756,FA Women's Super League,2018/2019,0
4051206d-50be-487a-b057-26068d4d1ca6,19756,FA Women's Super League,2018/2019,0
97d15023-35a3-4f8a-986a-90149444a7cc,19756,FA Women's Super League,2018/2019,0
c936d08e-4c86-4079-82f1-9a32b316c109,19756,FA Women's Super League,2018/2019,0
b9aa5a57-aefd-45a2-8a48-955ab3465030,19756,FA Women's Super League,2018/2019,0
4a1b636a-2081-47b4-9c08-a09475a519ed,19754,FA Women's Super League,2018/2019,0
3d230693-6fdb-4c56-8ba6-e6268708f872,19754,FA Women's Super League,2018/2019,0
e490c115-596b-406c-a183-473de48bf946,19754,FA Women's Super League,2018/2019,1
8045a4b3-8e76-4262-9064-0c23fd49fa0b,19754,FA Women's Super League,2018/2019,1
2ea886c2-6027-43d8-9be4-50882ff29c2b,19754,FA Women's Super League,2018/2019,0
5e221ead-28eb-4a01-a0a0-a13729d3bc6d,19754,FA Women's Super League,2018/2019,0
ef8830b0-b320-4390-94f2-5828779bf634,19754,FA Women's Super League,2018/2019,0
0b05297e-6bec-4357-b2a4-6815863c32a8,19754,FA Women's Super League,2018/2019,0
7313d1a4-64fd-480c-9ff0-b07f2f89411b,19754,FA Women's Super League,2018/2019,0
e70c470f-4737-4604-ba4e-bdf50d574d7b,19754,FA Women's Super League,2018/2019,0
1302d7a1-d32e-47c3-af14-2f15fd09f15c,19754,FA Women's Super League,2018/2019,1
ae627857-ecf8-4627-97d6-1e37b369277a,19754,FA Women's Super League,2018/2019,1
ed502506-6c9b-42a0-a7a5-0d498ac91a19,19754,FA Women's Super League,2018/2019,0
31bc4ff1-4ecf-4b74-9fb8-6f3ab1dd732e,19754,FA Women's Super League,2018/2019,1
e17b4574-497b-4a4b-9556-216913d310b2,19754,FA Women's Super League,2018/2019,0
c3767f4a-aa70-4261-b086-98201ca27b4d,19754,FA Women's Super League,2018/2019,0
eabedb8a-6581-4376-8e5b-622c2b774f54,19724,FA Women's Super League,2018/2019,0
9dcf743d-53a7-432d-9372-a274aa84209b,19724,FA Women's Super League,2018/2019,0
6c1f926f-521a-415d-945b-c67b7121091f,19724,FA Women's Super League,2018/2019,0
f34b52c1-e22c-47d6-b490-7438fd33d6a7,19724,FA Women's Super League,2018/2019,1
1efd8dd5-5c38-4bfa-9153-f68df876e5cd,19724,FA Women's Super League,2018/2019,0
b7099568-96d9-44c8-856c-4e6a286c4332,19724,FA Women's Super League,2018/2019,0
3b25a310-cfee-42b1-a07a-3cce92e4e09e,19724,FA Women's Super League,2018/2019,1
c89a6db2-3b82-4b66-8563-e8faeb580efe,19724,FA Women's Super League,2018/2019,0
2fb6c913-008b-405e-97c1-eabd2d34eff8,19724,FA Women's Super League,2018/2019,1
932e70a2-decf-43c7-8e09-d8ca515a841c,19724,FA Women's Super League,2018/2019,0
7a09113a-5918-4ab1-82af-fb458d160b39,19724,FA Women's Super League,2018/2019,0
77da6887-3c14-4463-b2c6-db5c7f011f23,19724,FA Women's Super League,2018/2019,0
a081ec85-b2e2-49b2-9da2-81c58c76c9bc,19724,FA Women's Super League,2018/2019,0
e10c3943-4dac-4fd5-b324-63d52c56bf1b,19724,FA Women's Super League,2018/2019,1
10c3f7b4-df63-451d-84c1-04c188e8a117,19724,FA Women's Super League,2018/2019,0
13fb7de2-eb79-4bba-a8e7-47b558eefc8c,19724,FA Women's Super League,2018/2019,0
82f87c5a-34e1-4ac1-82e0-f43b88702b22,19724,FA Women's Super League,2018/2019,0
21eccd8e-f566-4238-b662-729ade914870,19724,FA Women's Super League,2018/2019,0
a8b737a8-5ac3-4f61-a2d1-2ebf550b5098,19724,FA Women's Super League,2018/2019,0
cbe99318-50f6-4417-8576-b510f91b346b,19724,FA Women's Super League,2018/2019,0
3ff97f32-d1d6-4af0-9d84-ad0e7472773e,19724,FA Women's Super League,2018/2019,1
a14796d4-c52f-4ba3-820e-77194674f60e,19724,FA Women's Super League,2018/2019,0
e143fae8-dfd8-4c71-a29f-6d24dffdca0d,19724,FA Women's Super League,2018/2019,1
f44de685-719b-423d-a389-90353ebc0221,19724,FA Women's Super League,2018/2019,0
fc61aef6-fdf5-4887-924a-f42ac1969965,19724,FA Women's Super League,2018/2019,0
1aa23066-e8d4-45c1-b636-3a56055b470e,19724,FA Women's Super League,2018/2019,0
9ef6bf52-1979-49cb-bd08-9f7629b4528d,19724,FA Women's Super League,2018/2019,0
f0788f9e-6351-414a-9c27-6d3e92591a91,19724,FA Women's Super League,2018/2019,0
82e68219-46b9-40cb-a296-4927cf3c6b20,19724,FA Women's Super League,2018/2019,0
925fb2f4-d09e-4c3d-9708-a0122dd0ecf3,19724,FA Women's Super League,2018/2019,0
c44dccb3-01a8-4ca0-831c-fc38b2b8a6a7,19724,FA Women's Super League,2018/2019,0
e8f7e8fa-9dba-47f4-9c59-bb298d1ed9bd,19814,FA Women's Super League,2018/2019,0
38a0eab0-3b66-4e5d-9914-3de12ee98120,19814,FA Women's Super League,2018/2019,0
84d84eae-e917-4a9e-963f-cee51dd485d9,19814,FA Women's Super League,2018/2019,0
2a169579-544c-445a-b2aa-7f4e3409ad40,19814,FA Women's Super League,2018/2019,0
74fa70ca-d092-43d3-97a8-dd49fbc4fe5b,19814,FA Women's Super League,2018/2019,0
d6d618b4-ee2b-4eb1-87eb-50e882a2942e,19814,FA Women's Super League,2018/2019,0
c6b6338d-321d-4ee5-a538-f0feb2e1f575,19814,FA Women's Super League,2018/2019,0
d4108492-e198-4b69-92a6-61a90a335988,19814,FA Women's Super League,2018/2019,0
8be19087-6689-4685-ba22-7ab1232a53b7,19814,FA Women's Super League,2018/2019,0
386adf29-cd4f-46cb-bcdf-ec21f75969b0,19814,FA Women's Super League,2018/2019,0
c1990c95-c16c-4c13-a70f-dc4c0d0557ca,19814,FA Women's Super League,2018/2019,0
31fa1442-5d16-4972-9ccc-6191b378be5c,19814,FA Women's Super League,2018/2019,0
ec921098-006d-47ea-a938-4a8c40070fcd,19814,FA Women's Super League,2018/2019,0
a28413ed-11b4-449e-ba3b-9ded8cfe375d,19814,FA Women's Super League,2018/2019,0
6846673b-b3bc-46dd-adbb-ab14879ef70d,19814,FA Women's Super League,2018/2019,0
0e6e2a5e-cb13-4cb6-91c9-9fb20461d93a,19814,FA Women's Super League,2018/2019,0
a45c3de1-ca56-4819-b676-3bb85ed85d8d,19814,FA Women's Super League,2018/2019,0
87d285db-5140-47d3-85e8-331181e43e69,19814,FA Women's Super League,2018/2019,0
b4a75377-4cd0-4a0f-8e05-ce641ec21577,19814,FA Women's Super League,2018/2019,1
3be5a576-72e9-4ea6-bdcc-55f4a7fc764c,19814,FA Women's Super League,2018/2019,0
696d9809-de78-4f0b-b2c2-a0152b031a2f,19814,FA Women's Super League,2018/2019,0
80fa7179-ffdd-428e-8ca4-0a1313663b36,19814,FA Women's Super League,2018/2019,0
f90af0de-b2e4-459c-9ea3-69a44259b026,19814,FA Women's Super League,2018/2019,0
1cc01066-efb6-4393-ba0b-2137e6c67cf7,19814,FA Women's Super League,2018/2019,1
8a10915a-26c6-44c5-9007-25e49c575640,19729,FA Women's Super League,2018/2019,0
6113ba7f-e637-486e-ab3c-4e44673469fd,19729,FA Women's Super League,2018/2019,0
adbe3261-bfe2-415f-9992-fbd1b5159270,19729,FA Women's Super League,2018/2019,0
70263ff7-ffdc-4ebd-8337-9d0ecc3fc040,19729,FA Women's Super League,2018/2019,0
14be6c93-8917-4789-ba90-9f64e3af7288,19729,FA Women's Super League,2018/2019,0
fe3a22d9-fb7d-4b6c-b01a-37ce27e3a4ad,19729,FA Women's Super League,2018/2019,1
b181f0b8-439c-4e49-8173-216cc3a54e50,19729,FA Women's Super League,2018/2019,0
e5d68502-78ab-4442-93bd-a3e2fb5e64f0,19729,FA Women's Super League,2018/2019,0
f74b1d60-d2d2-4eed-abb0-41215b55a134,19729,FA Women's Super League,2018/2019,0
d87aca41-f766-4399-ada7-6ebdf320ba8b,19729,FA Women's Super League,2018/2019,0
fa55a7a8-14b3-46e0-aeb5-03d3ca3809d8,19729,FA Women's Super League,2018/2019,0
9caa0920-6b66-43fe-b166-4f95eedce68b,19729,FA Women's Super League,2018/2019,0
cafa4e58-8e29-4355-ba5f-cbd92c4665f8,19729,FA Women's Super League,2018/2019,0
4d100a13-8251-4183-8d98-46448b0c5c48,19729,FA Women's Super League,2018/2019,0
5b766f15-3582-4eaa-895b-8068ff48427e,19729,FA Women's Super League,2018/2019,0
5ac50b79-8617-454f-9043-34aeff663627,19729,FA Women's Super League,2018/2019,0
ce17dca1-3ed4-41bd-84af-6b55282a25cd,19729,FA Women's Super League,2018/2019,0
076708bd-e5a3-4554-b6f6-977f27e51021,19729,FA Women's Super League,2018/2019,0
242d0bd8-eaa4-46b1-9299-15c147ea0bc8,19729,FA Women's Super League,2018/2019,0
d9a3a6ec-9c84-4409-aee6-f0e30b955126,19729,FA Women's Super League,2018/2019,0
f2509352-e223-43ca-86d1-166639863eae,19729,FA Women's Super League,2018/2019,0
5ae01264-5bfb-4728-9519-b8300ecb6087,19729,FA Women's Super League,2018/2019,0
a387c622-a085-402d-85e0-263943f20eba,19729,FA Women's Super League,2018/2019,0
b3427c60-776d-4c05-a40b-c83503b9eef9,19729,FA Women's Super League,2018/2019,0
b5d8cc31-343d-4386-8099-55ea26cb80b6,19729,FA Women's Super League,2018/2019,0
b9cb0c05-c364-4d9b-b24e-4b22b5ab2e0c,19796,FA Women's Super League,2018/2019,0
2fa3240d-0bbd-4887-8871-3cf2ed1d0f7f,19796,FA Women's Super League,2018/2019,0
ec5afc55-200d-4a1e-8bbd-363c7aa5a5ed,19796,FA Women's Super League,2018/2019,1
59840565-ca68-4f71-a2d1-da01995a4bf2,19796,FA Women's Super League,2018/2019,0
f223f90e-7276-42e6-b335-2fc5760913af,19796,FA Women's Super League,2018/2019,0
05bc4960-75a2-4714-9152-1e4c0839599e,19796,FA Women's Super League,2018/2019,0
b8419903-e31a-4a44-9db7-b7794a569701,19796,FA Women's Super League,2018/2019,0
32338b1d-8288-433b-9bc9-6a2312de8fa9,19796,FA Women's Super League,2018/2019,1
39475fe4-a598-44c9-b603-862591d54bc6,19796,FA Women's Super League,2018/2019,0
f7591a94-edf8-4c29-8e64-a1d9939d1a32,19796,FA Women's Super League,2018/2019,0
ae1df23c-8de8-46e7-a1fc-f2dc4caaf8c4,19796,FA Women's Super League,2018/2019,0
9d96b154-b75d-4970-a89b-9a2f1007d018,19796,FA Women's Super League,2018/2019,0
c7e337a1-b1ae-44fb-ae3a-835a7f9f9f14,19796,FA Women's Super League,2018/2019,0
7e569c5d-43ae-4517-8728-700354a02b1d,19796,FA Women's Super League,2018/2019,0
869a46e2-5374-44da-81d7-7e91f7583371,19796,FA Women's Super League,2018/2019,0
eb30353e-0e71-4d7c-9b25-81cdabf5f00c,19796,FA Women's Super League,2018/2019,0
3b84e678-d070-4350-a1de-5ba6999ae0a6,19796,FA Women's Super League,2018/2019,0
8e16e1ea-3551-4ae5-a997-5b3abd5bf878,19796,FA Women's Super League,2018/2019,0
144adbf6-38c8-4828-869d-aa8df0b959d9,19796,FA Women's Super League,2018/2019,1
7a7e8c81-1a03-4e6e-ac56-a53321821008,19796,FA Women's Super League,2018/2019,0
f619c27a-5b09-4693-a4e6-f47bb00b6169,7476,NWSL,2018,0
da76c3b1-ddac-4b3b-a499-15eab3c35f37,7476,NWSL,2018,0
8c639c10-5872-4fc5-b8c2-222b6e3f2ded,7476,NWSL,2018,0
706c96dc-6ca5-4a4d-b1ef-e414b1cc194b,7476,NWSL,2018,0
b71646de-0ae3-4a3a-986f-4544565c450d,7476,NWSL,2018,0
ea8c0c18-e5d8-4ded-b74e-e2be117fbd1b,7476,NWSL,2018,0
a6e767ea-a5de-414a-b230-a9eccedeaf68,7476,NWSL,2018,0
735ad8e7-fb66-45a9-84fe-4707931f3579,7476,NWSL,2018,0
20a94079-3233-4a20-9f4e-688b76afce41,7476,NWSL,2018,1
2a3b0e84-39ed-40ac-80ba-eef7fa3606f4,7476,NWSL,2018,0
a4514a93-46c3-414e-b44c-a28a2e6ee0a6,7476,NWSL,2018,0
1f6a0ecb-feb6-48e3-b2ce-a17f556da5bf,7476,NWSL,2018,0
e283a396-0445-48d9-a87c-18788e667198,7476,NWSL,2018,0
e753f8fe-5725-4792-a83f-5b3580508f70,7476,NWSL,2018,1
8567ffb4-34d3-4e31-ae6b-a73aae4eac75,7476,NWSL,2018,0
ac370d2b-67b9-4d08-82f5-10e5ec0f598e,7476,NWSL,2018,0
00ac7838-5681-445f-bf77-00a7d925459a,7476,NWSL,2018,0
b462d389-15ec-40c9-9c31-513cd6ade47f,7476,NWSL,2018,1
528a0310-a6d0-4a13-a94e-5bfe5b697b26,7476,NWSL,2018,0
71937197-3ede-4ab4-8d58-c82d1a79703b,7476,NWSL,2018,0
8a67d18e-a0a7-4eb6-913e-3f50a4d55fcc,7476,NWSL,2018,0
2b18fd2a-da24-4386-897b-434cc910f9a7,7476,NWSL,2018,0
ce356841-1376-49a4-b65a-7026026ca93f,7476,NWSL,2018,1
1e9eaf34-3888-486f-808d-2e0a384ac4a5,7476,NWSL,2018,0
2428554d-58b3-4d7a-a547-97bb6a75328c,7476,NWSL,2018,0
79a62ee4-90d5-4050-a6b4-7b735e719d16,7476,NWSL,2018,0
8c6f4a27-e8b7-4aa9-9644-72aa222c5890,7482,NWSL,2018,0
8378da16-108c-4464-91e1-512535e5f9ce,7482,NWSL,2018,0
f27fe559-ff3d-4b5a-a026-8aeb75d5a349,7482,NWSL,2018,0
81494978-5fd5-4d8d-862e-81ab389b717f,7482,NWSL,2018,0
bb4599fc-8556-4031-944f-a2182711d954,7482,NWSL,2018,0
7184d69f-c961-4174-b942-fa2efca1635d,7482,NWSL,2018,1
3005afdb-2744-4fff-b73e-643801e8e36c,7482,NWSL,2018,0
da8eaf7c-58c0-46cc-9d67-eefd161aef23,7482,NWSL,2018,0
ace82c47-19b3-4831-9669-e6303323a30c,7482,NWSL,2018,0
5d2672d9-99bd-427a-9c73-ebbfb7102f65,7482,NWSL,2018,0
bed7b218-7e95-405c-aad4-1917a5274393,7482,NWSL,2018,0
f38112f7-b781-46fb-ab0b-852ca9895414,7482,NWSL,2018,0
2a1721b7-abd2-4a6f-b375-9a2897c29130,7482,NWSL,2018,0
6aefdeb3-aac5-4ee8-b2b1-661c7e18d0bf,7482,NWSL,2018,1
553eaf0c-8f49-44dd-8bb8-520f3b2ea55c,7482,NWSL,2018,0
cc92d4fb-fa9f-47c0-88ca-13b01df51ed6,7482,NWSL,2018,0
23667385-c96f-4d47-8b5a-ef1c91b635c8,7482,NWSL,2018,0
b0ef71a2-928b-4cc9-b347-8976ae87e3e2,7482,NWSL,2018,0
bfeb1f03-d6e2-4882-aa86-83271306630c,7482,NWSL,2018,0
50dfcae7-868b-4491-a193-c2e7323c65e9,7482,NWSL,2018,0
7502cc20-945a-41e0-ab15-52050edb98ef,7482,NWSL,2018,0
cf04a3d0-13f3-4bb3-ab12-3397114e51e2,7482,NWSL,2018,0
574ffa15-4067-4cad-82d4-0014bd5ac561,7482,NWSL,2018,0
e8e54dc8-c685-4ef5-a3e8-e7bcd6c16137,7482,NWSL,2018,0
c6bd2082-d595-420e-a085-5ce8df505066,7482,NWSL,2018,0
7300cf26-cc47-4146-b13e-b1e82ca6a95d,7482,NWSL,2018,0
64251592-0532-40f5-b3b8-5c01c6cf651c,7482,NWSL,2018,0
f7d51364-409f-4c04-852a-6d53025fb3ec,7482,NWSL,2018,0
066a00a1-9eea-4f75-8bcd-de812fd3dcf8,7494,NWSL,2018,0
a7399a22-a61c-4e72-a9db-4bb1795ea303,7494,NWSL,2018,0
07591f6b-493c-4b03-8bd1-4d65af6313e4,7494,NWSL,2018,0
42bed57e-331a-4bb2-a187-50d84297e8dc,7494,NWSL,2018,0
ce098142-d99b-4217-acb8-8b9fff1a325b,7494,NWSL,2018,0
ee657155-6ab3-4722-b597-4031c6379964,7494,NWSL,2018,0
89708a74-a29f-4446-ba8c-403f3fdce1f5,7494,NWSL,2018,1
14910b33-defa-4c4d-b1a3-a09c5d304b81,7494,NWSL,2018,0
d4e98bf3-fb94-4a1b-b0ff-bda7a4ff5725,7494,NWSL,2018,0
80153d6c-df6b-4f16-a3d9-1801ac985bb0,7494,NWSL,2018,0
2f0d6755-6688-42c8-bedd-0004e0eeea98,7494,NWSL,2018,0
eef79440-cb43-4088-9b8c-3d6a083588f3,7494,NWSL,2018,0
d71d4da5-eb0e-4d5f-a85e-4a9d4cd643f9,7494,NWSL,2018,0
a7b38af0-1ed0-49d4-a09e-9e700291c251,7494,NWSL,2018,0
b6da0462-566d-4fa8-87a2-36ce234ecaa4,7494,NWSL,2018,0
a6a4f3cc-32b2-4ea9-bf0e-c04c1340930b,7494,NWSL,2018,0
4e5309a0-054b-4484-ab93-4e1f2c6ed03e,7494,NWSL,2018,1
991b6da6-2ecc-4224-b5ae-cf8e26f10b09,7494,NWSL,2018,0
6ea9169b-7cf0-4b99-95ed-5bd3540a6547,7494,NWSL,2018,0
f3a19d07-aa2c-4993-97f7-06f2b28e2ee7,7494,NWSL,2018,0
7c99ee24-539d-46c2-9f0e-c4be5ca53d84,7494,NWSL,2018,0
756ad70e-2cd9-4b02-934c-a683b842725c,7494,NWSL,2018,1
2718181b-2cce-444f-91e8-bf73a6daab1f,7494,NWSL,2018,0
7370eb89-f6cd-4985-ac7e-de6e677bff59,7494,NWSL,2018,0
8265017a-bd17-4473-86d0-0d5fe1ee72ee,7494,NWSL,2018,0
3d98f0d5-a43f-42c9-b5fc-a0467e1f7c16,7486,NWSL,2018,0
ae2c2742-7113-44cb-af27-c2437f536318,7486,NWSL,2018,0
dc71abdd-ce29-4aed-a286-ce6a4472f935,7486,NWSL,2018,1
2a552260-542d-4fbb-882a-021e7ed5ba35,7486,NWSL,2018,0
4eead5b2-c409-4fde-9124-33a84be280c1,7486,NWSL,2018,0
1092ef41-3a81-4377-987d-2cf88eee94a8,7486,NWSL,2018,0
7338b2f7-483a-4595-b136-0b77a1af8761,7486,NWSL,2018,1
3020e46d-61cf-4a74-bad1-3cae4abe4cf8,7486,NWSL,2018,0
d802fb8d-6b30-454f-a4c5-aae580990d5a,7486,NWSL,2018,1
8a7fd614-dfab-4c3f-93c6-7523c67100c2,7486,NWSL,2018,0
3db71d1b-71c3-4d9b-ab9e-eb447d358d14,7486,NWSL,2018,0
d5f5c7b0-091a-48cf-8955-053e6394963b,7486,NWSL,2018,0
78324e98-f96c-4661-90fe-521859cee45c,7486,NWSL,2018,0
65cf0e65-73ca-4789-bded-eef3284e6b21,7486,NWSL,2018,0
3a9fec7f-a49a-457b-b078-4538ca8f3e26,7486,NWSL,2018,1
a85c9971-a62d-4d21-9dbc-8919a0269dd7,7486,NWSL,2018,0
cc87c44c-da65-4d46-b876-703bcd505e95,7486,NWSL,2018,0
c44dab25-e57e-410f-a6c0-1a6a58d29c30,7486,NWSL,2018,0
1eb2c7de-a831-4570-adc1-80a6784647f6,7486,NWSL,2018,0
448de3dd-17e1-43c4-96e0-7f5671200545,7486,NWSL,2018,0
469b5079-9b05-4cd5-9d7d-b501cc0a1c9c,7486,NWSL,2018,0
93636d5e-ba4a-4d5f-9e76-1e0bee274cbb,7486,NWSL,2018,0
57d713b1-91eb-41ce-95b4-f4564eee23d9,7486,NWSL,2018,0
9368de6d-a58f-4999-8855-b88ab3f8a74a,7486,NWSL,2018,0
990b14a5-e17a-45d9-a367-e2a83444fca9,7486,NWSL,2018,0
e959a3c9-92fb-4eeb-bfd3-5176ff544484,7486,NWSL,2018,0
c5a7018d-fc8e-46d4-bbd1-936b4a5abcac,7497,NWSL,2018,0
8e4917aa-9cbd-4367-a1bf-9d1e44f7c99b,7497,NWSL,2018,0
9a72bf68-bee7-4552-8b25-741a6d422c78,7497,NWSL,2018,0
c5cfd727-4561-4b49-a7ad-69f5f34e9815,7497,NWSL,2018,0
8c5b4352-1b8e-477e-b4c6-9f46ef720f47,7497,NWSL,2018,1
37f0f924-ad8e-4d7a-9057-034e9627e7fd,7497,NWSL,2018,0
2743a887-03ab-4f34-844f-41fe124e8446,7497,NWSL,2018,0
9a2b93fc-4935-441c-ae72-cf409b82b007,7497,NWSL,2018,0
a9e51dfc-7e4d-4630-a855-be1a43366805,7497,NWSL,2018,0
edcf4a7c-165f-4f8c-a692-64f58c46de2c,7497,NWSL,2018,0
201fb338-5086-4ac1-b7e3-cd3e9fb17503,7497,NWSL,2018,0
72325753-d478-4c72-aab1-168452f4d587,7497,NWSL,2018,0
dcd92cfc-583e-4e83-9211-2a8698ca21c5,7497,NWSL,2018,0
f12de847-c2e2-42e6-8680-509371dd32a6,7497,NWSL,2018,0
27672f51-5139-4504-a72e-2c0c532e5f8b,7497,NWSL,2018,0
ff681fa8-bee2-4ac6-9b56-941201745a39,7497,NWSL,2018,0
d96d190c-0d04-4d39-9d84-ddc73dd87d17,7497,NWSL,2018,0
5f3d7c79-b1f5-44c7-8bc4-f62729e629a5,7497,NWSL,2018,0
74adc0df-72dd-4f77-b861-f34e3939ad1e,7497,NWSL,2018,0
1fdf3751-c5f1-427c-94d5-aff89d373deb,7497,NWSL,2018,0
6f958a8b-5c39-4439-a17f-a7148c36a74c,7497,NWSL,2018,1
e4835f62-50a1-4ad5-bb6f-be84d42f0f54,7497,NWSL,2018,0
9da03cba-f093-4b45-a3c2-3a588c547fef,7497,NWSL,2018,0
0b265c98-7a47-4c3e-b260-ecf43a70e736,7497,NWSL,2018,0
0da228c3-87b3-4507-96bc-44bf4139b44d,7497,NWSL,2018,0
5b417715-150c-47a7-83fb-1b891bf2d95b,7497,NWSL,2018,0
496c4931-b676-466b-a516-5ae8d101a5d8,7497,NWSL,2018,0
594184d2-83ae-4dd5-b837-c933c034a135,7497,NWSL,2018,0
11437102-4473-464b-a974-84e391ea0d93,7430,NWSL,2018,1
951fedee-c26a-479a-b1dc-5b69cbf0013b,7430,NWSL,2018,0
c8857d0d-f905-404b-ad82-fc47f3cf455b,7430,NWSL,2018,0
0d6fc118-704b-4cfe-8079-07448e99a663,7430,NWSL,2018,0
314128f5-304c-4a30-8c0f-9851a0c41431,7430,NWSL,2018,0
90b9ddc7-34db-442a-8222-591cbf9ca26a,7430,NWSL,2018,1
821044b1-9c5c-46a0-96c6-4eecf451cdbd,7430,NWSL,2018,0
cc275ccf-7b33-4d0b-8319-0fbe24c35e38,7430,NWSL,2018,1
48ec2174-f0d5-44bd-b47f-735f8ce47d78,7430,NWSL,2018,0
d878c7bc-cb08-4b6e-b211-99f469f72e45,7430,NWSL,2018,0
34bfe2e3-3ea1-40d9-9065-fb8458d62c39,7430,NWSL,2018,0
efa6b078-5ea2-41ab-aa94-23ec8602908d,7430,NWSL,2018,0
a4e5d5a2-e493-48bf-b962-163e1b7937a1,7430,NWSL,2018,0
73bb627c-94ea-45de-913f-7a375fac48e2,7430,NWSL,2018,0
35d8b80f-ba3f-474c-8b60-04f30ff38eed,7430,NWSL,2018,0
4e6b20ae-4bad-4940-bd06-b29b57b51345,7430,NWSL,2018,1
fd7f257c-3a7f-445f-8271-38749f9a5e2a,7430,NWSL,2018,1
b4adf72f-ffc9-4667-b4e3-f5cb58c7481f,7430,NWSL,2018,0
30076e0e-a0c3-4890-a8f7-d413b329505a,7430,NWSL,2018,0
a3e01606-f841-42a7-9804-d39bb020d693,7430,NWSL,2018,1
3e5d008f-7efc-4875-91dc-d71f342dc93d,7430,NWSL,2018,0
13c25209-be83-4af2-b67c-c32971c9c5e4,7430,NWSL,2018,0
b0a6046d-d7dd-4876-a9f5-09e95c0b03fa,7430,NWSL,2018,0
90d994ec-2923-4707-8644-c642f53afb1d,7430,NWSL,2018,0
c49d48c3-79bf-4752-ba7e-721f0a58a723,7430,NWSL,2018,0
7e994de1-d892-4f65-a8f6-4d67bbcb9201,7444,NWSL,2018,0
97efd7bd-03c7-460d-a917-abf69bca91e8,7444,NWSL,2018,0
ae610b0a-8146-489a-aa54-a5152d525f50,7444,NWSL,2018,0
bbb68648-87ef-4e25-a45f-fdf8982cfa46,7444,NWSL,2018,0
fa306475-e5e9-4579-a4d2-7140446c2e11,7444,NWSL,2018,0
32a178fc-1ebb-4492-9fd4-c0f4b823c0a1,7444,NWSL,2018,0
2cc40471-9381-4b6b-8fa5-6066b5c84cf9,7444,NWSL,2018,0
c33809a4-377c-40e9-ae3f-c554ee90f56b,7444,NWSL,2018,0
4e965960-60cb-45dc-8e57-7cd9a788edcd,7444,NWSL,2018,0
650320a0-9533-43db-8e7b-2e0dca6b062c,7444,NWSL,2018,0
86770235-fbdc-4352-8a45-197e57a48de6,7444,NWSL,2018,0
003cc67d-9b4a-4ec1-a4d0-09e27b1de2a3,7444,NWSL,2018,0
e080c6f4-16f2-4b33-89c9-d9df4ad97df7,7444,NWSL,2018,0
c6fcc793-1072-4bd9-baca-8d07c0c6266c,7444,NWSL,2018,0
0137ab6b-8d19-493b-acb9-e8310b119ae9,7444,NWSL,2018,0
4b96b33f-5fdc-40f8-8ad7-e623e7926bdd,7444,NWSL,2018,0
d940a97f-f7bc-4507-9893-9a29cc4e8ed6,7444,NWSL,2018,0
b540ee13-8e18-49be-8e9d-2e4680834c22,7444,NWSL,2018,0
98f3cafd-7182-4552-a0de-27254e361ea1,7444,NWSL,2018,0
c3f97289-3a8f-4cbb-9b80-dcc79d2ad878,7444,NWSL,2018,1
28a6e65e-fb80-4474-9cdd-d124b283e624,7444,NWSL,2018,0
4dbf9c5c-518e-4130-be6a-b8fab41f6309,7444,NWSL,2018,0
36cdfefe-3610-4e96-927c-9e43420ee6e7,7444,NWSL,2018,0
c0af064d-6300-4739-b9f4-e1ff1938cc9d,7444,NWSL,2018,0
0dc32478-b2e0-407b-b8b5-ab5cd36b163f,7444,NWSL,2018,0
6152dde3-7dab-47b9-b67d-f9593c3f6d80,7444,NWSL,2018,0
e2ce19fd-69ae-44c0-a8fb-6038cf6fe2a8,7444,NWSL,2018,0
329881e7-385d-4b27-8a77-82b294732528,7444,NWSL,2018,0
0e693c4b-7118-4b9a-a222-be84e7985767,7444,NWSL,2018,0
1ba67650-e395-49d4-9939-7711f34327b7,7444,NWSL,2018,0
5235406c-8412-483b-b517-ea7dc16ba9c0,7444,NWSL,2018,0
2c2c21a9-38aa-4ada-8624-c76fdee38e78,7444,NWSL,2018,0
358a3636-81f4-4f60-9b1d-d3962b434fa2,7444,NWSL,2018,0
c0749477-ce66-462b-982c-7aaee605a0a0,7444,NWSL,2018,0
f7a015e3-3e33-4513-b96e-6fe1e723184f,7444,NWSL,2018,0
466db0d3-b607-4652-b5c5-7960945b9465,7444,NWSL,2018,0
9502601a-e32c-4450-8bb0-a452062d0912,7444,NWSL,2018,0
35162d0c-2e4e-4c29-acd7-807bbff45c6e,7444,NWSL,2018,0
57ed7ca9-f71d-4d9a-ac43-d85312db0341,7444,NWSL,2018,0
81cd3b5e-a576-4099-ab58-6c10587b9434,7444,NWSL,2018,1
933db153-d8f4-4c04-bd32-5b8e0bb1832e,7444,NWSL,2018,0
c07f18bd-c318-43a6-93cb-1b44e4a54ce9,7444,NWSL,2018,0
75374b6f-f579-4ff2-a1a5-d7270940a777,7444,NWSL,2018,0
a17e3ce9-4cd4-46a0-9e2e-9f8208330890,7443,NWSL,2018,0
29e8f1de-a3f5-4048-89d0-5bac462b0aa2,7443,NWSL,2018,0
bdad8598-55e0-494d-b649-a2c72b7c7961,7443,NWSL,2018,0
014807f1-fada-40a6-afd0-c08ff1485734,7443,NWSL,2018,0
aca30125-76a7-466b-b86c-70b84c198465,7443,NWSL,2018,0
28da2320-8641-4b03-a0e6-c0b17b806513,7443,NWSL,2018,0
0000ed2d-ee36-4038-bfec-1083ecc52a8d,7443,NWSL,2018,0
7b60be7d-e835-4812-935e-14aa853e43c7,7443,NWSL,2018,1
c7a7e593-d883-42b2-92c5-9a7447eb0d74,7443,NWSL,2018,0
98ef6697-3d7a-45e7-8d13-4e9e5e22b549,7443,NWSL,2018,0
ceccecc2-8283-4ba7-bc8e-0f1d580e6ed5,7443,NWSL,2018,0
cab4fba8-50e2-4dfc-991e-da4601b98781,7443,NWSL,2018,0
cfd2d74e-de1b-4f50-a892-012b2ee3330d,7443,NWSL,2018,0
b8aef194-b69a-498d-a118-09b1fb8c39ec,7443,NWSL,2018,0
fb9a8b32-b945-4299-af26-d617ad2e56ab,7443,NWSL,2018,0
1f77c952-017b-4422-97ea-d35640b27256,7443,NWSL,2018,0
4d0164cf-3d49-4f51-9165-be3906ced907,7443,NWSL,2018,0
88a22e0f-6491-4ab2-bb32-5a173e8f4cc8,7443,NWSL,2018,1
f18e0ca6-3d23-45ad-9004-c1b59a255fa4,7443,NWSL,2018,0
53c8c948-055b-478c-8707-281995c85be9,7443,NWSL,2018,0
907861a2-fb93-4599-a5bf-ec733b325855,7443,NWSL,2018,0
ced4bf3e-a657-443f-bde5-49bffb3eb339,7443,NWSL,2018,0
7de28cd7-425a-491a-b271-8315f672ab31,7443,NWSL,2018,1
5b73357b-0a7f-4561-b828-98ad40e714c0,7443,NWSL,2018,0
79b0c881-73b6-4aa3-9f12-2ebdeb396d09,7443,NWSL,2018,0
571a4e77-a6b9-44a5-a7b8-f271994eca13,7443,NWSL,2018,1
7d21f820-c05d-4514-b308-d02566a8c2aa,7443,NWSL,2018,0
37f80b0d-df60-41bb-9d58-79aa3750c52f,7443,NWSL,2018,0
f364fdf8-d006-4119-8360-c0c29b38b3d9,7443,NWSL,2018,0
505acba7-4266-439c-b0cf-502b19f7ffee,7443,NWSL,2018,0
ea23510e-3962-4b21-8854-04267667ed98,7443,NWSL,2018,0
f9b1a657-29df-4537-be75-a38c26a7f114,7443,NWSL,2018,0
a8294eea-bc2f-496c-a03b-392ed48decc3,7443,NWSL,2018,0
4d5f81c4-cc41-479d-807f-e81c597445c4,7443,NWSL,2018,0
00eb9ff8-7b10-493e-acdb-de2b4ce72fbb,7443,NWSL,2018,0
5dc29c01-ff01-41d6-aa2e-d8f7a7a5e24f,7521,NWSL,2018,1
5a600cb1-e5fa-4631-8230-cef67124a90a,7521,NWSL,2018,1
06f7e33c-db34-406b-8326-eaa996b00cbc,7521,NWSL,2018,0
714db9d3-cdb0-4a4a-b8b7-d714aabf3768,7521,NWSL,2018,0
0cf16aea-f7d5-4d09-a9a8-5acec7eb7821,7521,NWSL,2018,0
a0098cdb-09e9-4b25-a724-1ab68de593b7,7521,NWSL,2018,0
8da9b927-d61d-40f5-baa9-9a76b83d6de7,7521,NWSL,2018,0
d0ffc76a-14e0-47c8-99cb-ece046eb9355,7521,NWSL,2018,0
7f481663-c99e-4c3f-a734-145701fc7cbf,7521,NWSL,2018,0
bddb274c-03e4-472f-b6cb-81f8eb707ca6,7521,NWSL,2018,0
ab1a9833-8835-4901-a27c-0a0f4092befa,7521,NWSL,2018,0
164f38ea-bf8c-4292-919e-65b8e66f3bbc,7521,NWSL,2018,0
128574b2-9865-40c8-95cb-ff18de90e80a,7521,NWSL,2018,0
f522ebb1-b33b-4758-a5d3-39aa48001581,7521,NWSL,2018,0
b1b58955-c8b6-476e-9971-36bc5839d83e,7521,NWSL,2018,0
382e150d-aefb-42dd-8a6e-94b92020def0,7521,NWSL,2018,0
78885cc1-5abd-4768-9bb1-72fa0293115b,7521,NWSL,2018,0
29983691-efad-4b33-bd72-af06f0394fdb,7521,NWSL,2018,0
b10cf2e1-a15f-4ddf-b147-7b907357f686,7492,NWSL,2018,0
4b4bb5b0-3444-4b2d-a5bf-90aed1fe69f7,7492,NWSL,2018,0
28c824c7-2bd5-4f58-bb96-39a586000b90,7492,NWSL,2018,0
6b0f424a-3a8f-498f-9f09-f405962c70f3,7492,NWSL,2018,0
0b2937de-a5a7-4edf-a253-c5d393bbe6bb,7492,NWSL,2018,0
a6f48ffc-b369-413b-9ec4-ca9c6714a9e7,7492,NWSL,2018,0
adce9e2d-1175-4a74-b3cc-a9f5fd9a9be1,7492,NWSL,2018,1
52ef077c-8472-45e4-81b1-8b4381810c12,7492,NWSL,2018,0
f34e221e-b5e5-45b2-a850-fbea9d6d0913,7492,NWSL,2018,1
5b28301a-5148-41a4-bedd-1a05f02d0c86,7492,NWSL,2018,0
c350c552-ca5d-4795-84c3-8cc6d90788ef,7492,NWSL,2018,1
060f2a3c-6928-4bb4-981a-5b522f021fb9,7492,NWSL,2018,0
ba6bffff-9f4c-47f4-8aa4-54b11291ddd7,7492,NWSL,2018,0
01ebf8ce-96f7-46dc-84bb-e1313737cfa4,7492,NWSL,2018,0
209dce9d-4c5b-464c-a256-25e20c6aaaf3,7492,NWSL,2018,0
0873fec5-c7a2-4194-b88a-40b95a335e87,7492,NWSL,2018,0
e0c3d4a3-56a4-4de4-8b21-3b4c01198f95,7492,NWSL,2018,1
6e54892f-a877-40dc-a069-e926f9a63dd8,7492,NWSL,2018,0
4e09988b-f041-4061-97a6-8e8866f7e959,7492,NWSL,2018,0
2ba0b0ab-307f-4c3d-a9d5-90d539e0a6c6,7492,NWSL,2018,0
e3368a83-7c15-48b0-b513-04d8b3b4b7c4,7492,NWSL,2018,0
d567bbbf-7a20-436f-9d35-7d1bb91ae2ea,7492,NWSL,2018,0
785009bd-2e6f-4438-a818-049e37104b90,7492,NWSL,2018,0
68f4f922-b919-4f73-9ac7-57d2ff5692cb,7492,NWSL,2018,0
675a0950-5a8d-4ce2-8a4c-9b8d5a7b5e17,7492,NWSL,2018,0
1d6dbe86-5c9a-4771-bc36-c163cb39c856,7492,NWSL,2018,0
71c04af0-3c26-46f7-92c3-d7664a1b7d61,7492,NWSL,2018,0
68d10ae0-ea2c-4def-ae4f-9e3731757a0f,7492,NWSL,2018,0
dd8cb0bd-47fc-4bd4-93c3-91ec5374107d,7524,NWSL,2018,0
77973c74-4b3b-4c96-941b-d381949c78ff,7524,NWSL,2018,0
5db6a4be-8c61-4984-9bda-20bfee92096a,7524,NWSL,2018,0
3880b3f0-7408-4ce9-9ba7-87f08af03a4c,7524,NWSL,2018,0
c5886f51-b38f-4a9b-9907-e6f23ea1208f,7524,NWSL,2018,0
74f19ed4-feff-446b-bb17-63ce71e04c24,7524,NWSL,2018,0
ec23c4ce-e861-46a8-8323-380158f8232e,7524,NWSL,2018,1
f58d990e-e6b9-4d86-b0bf-845a061327f2,7524,NWSL,2018,0
66dfbe2e-dea6-44d4-a405-5ea0c6bd818d,7524,NWSL,2018,0
d0789455-42a2-49d4-945b-a4fb3d6fb026,7524,NWSL,2018,0
e5031849-c914-4e50-a917-0038ac44ad9b,7524,NWSL,2018,0
f82574a1-47c4-4e5f-918c-7de7fc06dcfb,7524,NWSL,2018,0
79766332-0b28-4efc-bc3e-9138db7aaf27,7524,NWSL,2018,0
3fecdf50-a355-4b3f-8547-c28d8c7c37c5,7524,NWSL,2018,0
49322e99-46ae-4e4e-b15d-999ead19defc,7524,NWSL,2018,0
03dbb8a6-d5cc-4354-abbb-09dd06ecb921,7524,NWSL,2018,0
d0273bfc-d569-41d4-b5dd-fd9f99e129e9,7524,NWSL,2018,0
2a2b9f90-6e70-4ee6-ab19-19ecbe119cbd,7524,NWSL,2018,0
c9b86174-dde0-42a5-aec2-1036674cb9c7,7524,NWSL,2018,0
b87d1a63-db16-4515-b809-df91c4dd4ef5,7524,NWSL,2018,1
d4e662a9-5cb3-44d1-967a-ced1cb85e1dd,7524,NWSL,2018,0
74065d3d-7617-460c-8a89-2423bc6e7749,7524,NWSL,2018,0
49461d1e-f0eb-44c3-92b0-e8fb48452f50,7524,NWSL,2018,1
d49a21b0-42e9-4b0e-8c5b-63505d41eb36,7524,NWSL,2018,0
796ec3e9-4693-40e4-8a36-c666372e13ce,7524,NWSL,2018,0
8a396561-baf4-4775-b083-08d141ae9581,7524,NWSL,2018,0
536a0ffc-cca4-4123-9dd9-923b10dc6c22,7524,NWSL,2018,0
008028f3-986e-49ea-83fa-a1a72096492e,7524,NWSL,2018,0
01e5221e-af84-4cb9-b997-5eed77f08a58,7524,NWSL,2018,0
79e94218-d9ba-4efb-a322-4273fb39f37e,7524,NWSL,2018,0
69b5c920-6f99-44db-b191-dcde4b3ddbe0,7524,NWSL,2018,0
180d91cf-00a8-430c-988b-212abeaf4b1b,7524,NWSL,2018,0
7be13f6b-bfe3-44f3-b692-eae46f8c986b,7524,NWSL,2018,0
2aeadf52-0982-4d8c-a35d-da65dadf61b9,7524,NWSL,2018,0
cd53288c-ad0c-4128-929b-fbf377b67867,7524,NWSL,2018,0
9c14617f-01e0-4a4d-98f9-5e20b8ca2cbe,7524,NWSL,2018,0
86144d7f-83be-4764-bffd-4c858d68a5f0,7524,NWSL,2018,0
82495933-6cf3-4157-8326-3e927a4f0141,7524,NWSL,2018,0
3cb33917-6c1e-4512-9e08-ee6c98010c4d,7524,NWSL,2018,0
feafd3e6-aec7-4b50-87bc-5e97ede0d4c5,7524,NWSL,2018,1
ccacb2f6-b138-4b4f-bbcb-03a1f344e579,7496,NWSL,2018,0
280b5116-1c79-4003-82d3-53a0e42dca82,7496,NWSL,2018,0
49ae215c-e479-407a-8995-75ba0e8882ad,7496,NWSL,2018,0
960a43f1-a895-4d98-ac56-b7c2c11d546d,7496,NWSL,2018,0
74db322a-9f0f-44d1-8c76-2ea00402326e,7496,NWSL,2018,0
8f31efcd-1132-4e90-85bb-e6a72bfbc509,7496,NWSL,2018,0
722faa2a-94e9-4cdb-97b7-488d63c45f93,7496,NWSL,2018,0
592f8196-7f59-40ec-8358-566bc8ec9653,7496,NWSL,2018,0
ccc2789b-43bb-41b1-98ab-dbf0640e1f9b,7496,NWSL,2018,0
371b31c8-e6b5-4ba9-8efa-b18bc92b719b,7496,NWSL,2018,0
d14edb82-5dff-4049-b6c9-7238ce7a0d92,7496,NWSL,2018,0
96689ba9-9600-4c59-b503-f924cb0d80de,7496,NWSL,2018,0
b1842d67-8f06-47b9-904c-92a7fb9b38a7,7496,NWSL,2018,0
0f96acc2-8718-4fe3-980f-5febddbd91ff,7496,NWSL,2018,0
fdd3d3fe-7d6b-43d9-a264-bd5c38205276,7496,NWSL,2018,0
596e21b6-abbb-4e54-9fba-272e89630fc3,7496,NWSL,2018,0
fdf85b69-1a49-456d-8ee8-58b988d35eca,7496,NWSL,2018,0
4a3ade3c-8120-42a5-8683-87d268268011,7496,NWSL,2018,1
296d4603-21c7-4290-a25c-7f77ef733878,7496,NWSL,2018,0
6baac106-e1c2-4b97-9be2-4adbfdc0974f,7496,NWSL,2018,0
a173a80e-f8ba-43b6-aafa-f90e7ba0e022,7496,NWSL,2018,0
6ef13aa7-8726-4d7d-847f-764f595f8ab4,7496,NWSL,2018,0
a5681ee6-ce3c-4d06-aba6-9b32ce908f18,7496,NWSL,2018,0
4012fb9c-39fa-4699-a643-624f7ef90995,7496,NWSL,2018,0
3e8d5b80-a734-464b-9a27-82c7614358b6,7496,NWSL,2018,0
985a01aa-e43c-4b5e-9e3b-6de620b74556,7523,NWSL,2018,0
e75eb0d7-dced-4a2e-a429-432dfcecd205,7523,NWSL,2018,0
e60b1040-8123-456b-92cc-d8ee0de70149,7523,NWSL,2018,0
48ea685c-db4a-4c2e-a57d-8c55147bbef4,7523,NWSL,2018,0
31b9c1db-633a-426a-8ec7-0add7deae8a4,7523,NWSL,2018,0
fe617411-73e8-4504-b3ff-04087585333e,7523,NWSL,2018,0
1ff265e7-013a-441f-938c-8e978ffe7073,7523,NWSL,2018,0
56de3663-69e2-465b-857e-7f544505bb55,7523,NWSL,2018,0
305dd6ff-4a01-4122-96dd-5b739ea8c4d8,7523,NWSL,2018,0
efe73441-5abf-4fc6-8d65-721489f2eb8a,7523,NWSL,2018,0
d2b5e927-8f6a-4946-bb59-314c920a7847,7523,NWSL,2018,0
1ebd96c7-df84-450f-b474-f05413f73c87,7523,NWSL,2018,0
e338fbdd-41fa-4a4f-b43c-54fa75a5c792,7523,NWSL,2018,0
72ec300a-6b97-4c3d-8247-ae21d8a18ff0,7523,NWSL,2018,0
ff3bf1f8-f2c9-49fe-871b-842a52d8f791,7523,NWSL,2018,0
58d9630e-12a0-4363-8fa7-5563ee08dd80,7523,NWSL,2018,0
fb254de5-2a49-4016-ac45-954a9045c10e,7523,NWSL,2018,0
edff189a-6177-4873-9547-730627c8f383,7523,NWSL,2018,0
4759e4dc-c061-44ee-9415-4b377a430434,7523,NWSL,2018,0
614f8a88-da92-4ccf-8fa2-65b758121901,7523,NWSL,2018,0
c3e35031-c359-4178-bc49-256d58b4078c,7523,NWSL,2018,0
6aaa2e16-ee9d-4b87-9dd5-c54fbb26a208,7523,NWSL,2018,0
74eba302-3940-43e9-90e4-111cdbfbbac0,7523,NWSL,2018,0
24282112-e3f0-455f-8958-6fc01838deb4,7523,NWSL,2018,0
3dc80ce0-f8dc-4dcb-acf2-5ad563b1802f,7523,NWSL,2018,0
d50d7e8d-6450-403e-89e9-e1afac27ac87,7523,NWSL,2018,0
6e756128-a133-41d7-98e5-13b104b2f280,7523,NWSL,2018,0
d5a00d6c-8d2d-49f3-b14e-ebaa80f798ae,7523,NWSL,2018,0
21d66c5c-714b-4505-b6d4-76ec6d2f2023,7523,NWSL,2018,0
9a47fa5e-538f-4ede-83af-6e718e99b7bb,7523,NWSL,2018,0
7c187251-a942-4617-851d-d682ad6260a7,7523,NWSL,2018,0
818dc7d2-6eff-4e62-b7b5-2e4ba2cd0003,7523,NWSL,2018,0
82effdab-8953-4423-adf1-d5215a6c08c3,7520,NWSL,2018,0
98550fd9-cfdc-430b-a1a7-f5d10a3309cc,7520,NWSL,2018,0
06108049-c763-4e78-84a3-9c7ec1fcc79b,7520,NWSL,2018,0
3e8b71eb-efa0-4e07-8c76-15da76128cae,7520,NWSL,2018,0
5a2d4a9c-1308-446c-bb13-faf94fe31fa9,7520,NWSL,2018,0
571809b7-4a4b-4f0b-b3ce-920ca939f969,7520,NWSL,2018,0
b70774ce-39ac-47c2-8b30-fc52a02edbf5,7520,NWSL,2018,1
a86715e8-befc-4bfe-a22d-8b7616c511c9,7520,NWSL,2018,0
79608295-5f10-4cf1-9499-18f23ff1458d,7520,NWSL,2018,0
daf36740-d93d-4f52-83a1-dd268efd3bc9,7520,NWSL,2018,0
dfa6da55-9973-4efd-85be-bf35fd94cc6d,7520,NWSL,2018,1
d38dd70d-6a23-4da9-8748-8263a395edad,7520,NWSL,2018,0
6e8f37a6-eb09-45e1-a835-bb00b3e51051,7520,NWSL,2018,0
c277a29e-aede-4cdf-8747-891241e7a6b9,7520,NWSL,2018,0
e4e5cf2e-01f9-455a-a1f9-a20ff8764d6f,7520,NWSL,2018,0
62714aa7-e9c2-4c37-86e2-e5ce203c1f16,7520,NWSL,2018,0
24a8097e-f8af-4bed-9d96-e1080a05dd82,7520,NWSL,2018,0
0c1c7785-90df-41ff-af29-8d795091207b,7520,NWSL,2018,0
fc15f4df-0a1b-4c3e-ba7f-4accdd67a932,7520,NWSL,2018,0
6ccaaa28-4e1a-47be-904f-8b01cec7011e,7493,NWSL,2018,0
f1efea79-073b-4217-bedb-1f6268059c00,7493,NWSL,2018,0
ebf1a3c7-57d9-4a2c-a3f5-d64c28267830,7493,NWSL,2018,0
eeefe4e0-be05-4e31-b08b-e47acc50a8da,7493,NWSL,2018,0
3bb95c5d-70a7-4c04-94f9-3da6d44ea5f2,7493,NWSL,2018,0
f7bd3f9f-91b3-475e-80d9-b5687a0ae9ff,7493,NWSL,2018,0
a22dc12d-730f-4137-99bb-8331951a4af3,7493,NWSL,2018,0
d3452691-0938-4516-8378-a7d1145a9b6b,7493,NWSL,2018,0
6ae48444-8662-4f53-bc42-f8b820226842,7493,NWSL,2018,0
a03fefce-a7b3-4ac9-b8d1-327011a08dd4,7493,NWSL,2018,0
07410303-b559-4f0a-af38-016609c44558,7493,NWSL,2018,0
e2d53c92-080a-4db7-95a0-67e2c5b14cc1,7493,NWSL,2018,0
cb057c70-3997-44b5-ae9f-da8aaa94d7e4,7493,NWSL,2018,0
8e4b94fb-c9b4-458a-96f4-10e05f8815a2,7493,NWSL,2018,0
26c8a3bd-29e1-49a3-b4cc-ef6e03e66bf5,7493,NWSL,2018,1
93d99974-e5ea-4ec9-8a0d-a0fda4d593e0,7493,NWSL,2018,0
a60f2311-2b67-4c42-9d42-b0fd37fbcd02,7493,NWSL,2018,0
aebd3b77-ce60-4fe4-8809-e859ac841ceb,7493,NWSL,2018,0
6e11481d-c3b4-4aff-bc9b-9af4a364254a,7493,NWSL,2018,0
8dba5e39-d25c-4502-8169-48223a35cff2,7493,NWSL,2018,0
a0537340-ffa8-4c17-9e82-abc8bbda5c94,7493,NWSL,2018,0
90f19c22-0a59-4ec7-92a9-4a0b3891c166,7493,NWSL,2018,0
51cf523e-ba43-492c-8093-46c35fd2eb46,7493,NWSL,2018,0
7431d6ba-cb96-4fcb-8e9f-9324d5bd7139,7493,NWSL,2018,0
13d4f9c5-940e-4668-a9d7-2d3e64fab493,7493,NWSL,2018,0
717e9e11-43bc-4646-9077-b1e81efe9184,7493,NWSL,2018,0
75ed6c4c-a326-4d84-9362-2fbe94ee273c,7493,NWSL,2018,1
cdf4e7b5-ad3f-4e2c-ae2c-c2951c2f1003,7493,NWSL,2018,0
bd3092f7-3578-4701-bf80-f2c8f057ec14,7493,NWSL,2018,0
4fcfc5a5-49e8-4dda-86b4-2382542679d8,7493,NWSL,2018,0
1ac07fd9-c256-49ef-b0fc-24eefb1277ef,7493,NWSL,2018,0
f6296cd0-3343-48ab-bd4a-a0b66d6dc0f3,7493,NWSL,2018,0
f0070658-3f71-4701-9e24-f24a793c6f6d,7493,NWSL,2018,0
ff64614d-6360-44d6-9e64-c782202dab76,7500,NWSL,2018,0
07171a21-a800-4f9e-ada1-99ad1051f60d,7500,NWSL,2018,0
28550201-e2ab-4145-a424-9972e17f00c1,7500,NWSL,2018,0
bbe7fedc-4791-49e7-a9e8-30c0fab8e267,7500,NWSL,2018,0
d19e3f69-6e97-4607-a643-7deea2877eff,7500,NWSL,2018,0
553e42ac-3815-4591-a871-72cab396fceb,7500,NWSL,2018,0
563d25ed-1e47-4e65-9904-ec1d49ffd33b,7500,NWSL,2018,0
d632af3f-e8dd-40f6-82e6-86d4cc7f5d55,7500,NWSL,2018,0
64a3b9db-fc0b-4f58-b9e0-d8c7ac564f76,7500,NWSL,2018,0
1fdf341f-f3dc-4c71-aab4-7b27bca73456,7500,NWSL,2018,0
dcac356c-83d6-4951-ba98-edf197cbc89c,7500,NWSL,2018,0
1ec2f372-7308-4264-9bfa-2199f3d4f6df,7500,NWSL,2018,0
1425455f-1123-4831-821e-bebd376eeb0e,7500,NWSL,2018,0
89757454-eb56-4955-a224-36a9e2f080d0,7500,NWSL,2018,0
836f3cdf-37a7-4ace-b107-c287f2996669,7500,NWSL,2018,0
f5266e39-98d8-45cb-afe9-8a2606299912,7500,NWSL,2018,1
0e0aefb8-017d-42a7-9c76-8ae3f0aaec05,7500,NWSL,2018,0
4572b318-f75b-4ee4-aa38-02f540d5aa02,7500,NWSL,2018,1
b2336447-d539-46d8-9870-eff601f69c59,7500,NWSL,2018,0
0e1423b2-42fe-41c4-92e5-8d18a68463c8,7500,NWSL,2018,0
4e3a5dcd-48be-48b4-b09a-ce45a412df89,7500,NWSL,2018,0
fcb5d60c-c04e-4349-a7ad-3dbed1d20413,7500,NWSL,2018,0
836131d7-92b0-4326-ae44-dd946717c240,7500,NWSL,2018,0
3c5ef780-7063-4b9d-b664-0e466c694655,7500,NWSL,2018,0
2caba3da-18c2-4506-adbe-d1cb76f183a1,7500,NWSL,2018,0
201891b6-8b84-4171-b885-71756c10a62d,7500,NWSL,2018,0
ab831437-a656-4815-ba4e-e06622651f27,7500,NWSL,2018,0
23b39760-1499-42cd-b420-d124c371c754,7500,NWSL,2018,0
9aba8110-be19-4c2b-a533-d4ab1d187a31,7500,NWSL,2018,0
6aa4fd50-a99a-46c1-b6b8-2643aad82a84,7519,NWSL,2018,0
48520956-2676-43e9-a6b1-ba85c3136628,7519,NWSL,2018,0
1e769b21-4a7d-4fbd-99e7-068dadbc17ec,7519,NWSL,2018,0
034d6fc1-4172-4a9e-a32b-0c0de698c350,7519,NWSL,2018,0
0a621dd0-b055-4956-b289-d4741a82d2b6,7519,NWSL,2018,0
8b7260b0-b91f-4fc6-a61b-0faed594b7e0,7519,NWSL,2018,0
bb97a698-f567-47d1-822c-c9ae309897ab,7519,NWSL,2018,0
463953a3-1fa8-46df-bc6e-e4d76eae5b66,7519,NWSL,2018,0
675c43bb-963b-4591-a16f-a8f5206cc801,7519,NWSL,2018,0
a79b08cb-85e3-4749-94ae-56677bec9d51,7519,NWSL,2018,0
09bb8fa0-67fc-4363-a78f-002f98bf494c,7519,NWSL,2018,0
a40951d2-fd85-48c6-8f64-c0e81ee8e599,7519,NWSL,2018,0
7971006f-4d1f-42f4-b863-4adcf340e757,7519,NWSL,2018,1
812f8975-0330-4570-b080-49271c46cd8c,7519,NWSL,2018,1
cf88c3de-2816-4fe2-b711-0c50303c6a43,7519,NWSL,2018,0
7768e1b6-73c6-45bc-bc6d-35bca3a5d7f4,7519,NWSL,2018,0
bc9caecd-ed72-4d01-a640-1014f9874ccb,7519,NWSL,2018,0
51ce4e38-5b15-4603-8c77-e1b61010fcb1,7519,NWSL,2018,1
a15ad86c-b0c7-447f-9611-b4d14150a93d,7519,NWSL,2018,0
80d16a23-f1cb-4b7a-a266-c4cde0be3111,7519,NWSL,2018,0
80b15f91-f55b-4323-9567-250455b24adb,7519,NWSL,2018,0
b12e5484-da86-46b5-83df-50f1293bf2f0,7519,NWSL,2018,0
010bceb6-c718-4429-bc6f-b6f639167f03,7519,NWSL,2018,0
b5465b84-6caf-48af-89f8-faffea32d76f,7519,NWSL,2018,0
9e0964f2-89c4-4d82-9a81-625223eff91d,7519,NWSL,2018,1
8f264d3c-c542-4765-8a94-d26062bceca0,7473,NWSL,2018,1
ab1ff82c-8e72-4acf-b447-ba9872c59781,7473,NWSL,2018,0
17d0154a-c792-451a-8ebc-dcc65147fd13,7473,NWSL,2018,1
b366d93c-55ef-4c78-b69c-e985d31cb0fe,7473,NWSL,2018,1
9219eeb0-661d-443a-b10e-bdc53e95d32d,7473,NWSL,2018,0
85ff7762-d3fb-406a-abad-b9c74a6f9d82,7473,NWSL,2018,0
62a61631-480b-4362-b09b-ca081884a7dd,7473,NWSL,2018,0
eaa50321-733d-45b1-8d47-62e1dd86856f,7473,NWSL,2018,0
14a7c556-0423-48a3-b7a7-f12f23a0db20,7473,NWSL,2018,0
2013432c-4631-43bb-ac57-dbe8b9861a2b,7473,NWSL,2018,1
1104b372-26d3-465e-bf72-499daad23330,7473,NWSL,2018,0
9c53ca34-f3d1-4c2f-8bc7-f62a6fe5941a,7473,NWSL,2018,0
ae99dc71-7dcd-4a1d-ab6a-9b5fca6af354,7473,NWSL,2018,0
0e9cc835-441b-415f-aeb1-3793aaf64747,7473,NWSL,2018,0
deb16bcf-1f6e-42df-a2b8-2eb25ddae000,7473,NWSL,2018,0
836f2f09-60ef-4c3d-a7a1-7bab7e6fa298,7473,NWSL,2018,0
95cb2168-ea1f-4eb8-8596-9b812150285a,7473,NWSL,2018,0
c371d9a4-8bae-45d0-a9cc-d5878a6d4cba,7522,NWSL,2018,0
676ea952-6717-45bc-bf0e-22715a6239f0,7522,NWSL,2018,0
bf7d6528-217a-4019-b582-1de4086b4639,7522,NWSL,2018,0
327caa88-32ca-4ab2-9ebc-1507348cb150,7522,NWSL,2018,0
59d33167-cab3-4e25-be75-b3b814a14660,7522,NWSL,2018,0
8830ef00-6503-42dd-99eb-eb8b2bbdf0b6,7522,NWSL,2018,0
4eb4358a-4169-43a8-8913-9d92678fd4a9,7522,NWSL,2018,0
d2860caf-551f-4d4b-89b6-8883c2821b20,7522,NWSL,2018,0
374afa72-6ff7-4332-8c14-34192995edc6,7522,NWSL,2018,0
3f3e3e9a-be14-4938-8027-0a321988387f,7522,NWSL,2018,0
d5e8d8cb-fd86-4147-8b3e-68fe2854c01a,7522,NWSL,2018,1
71e0d52b-3109-4185-93ee-7092e37d8e3f,7522,NWSL,2018,0
b485bb24-6a86-4723-99f8-36fa9bb2725c,7522,NWSL,2018,0
571795e2-3817-4972-9d02-31a1479d7963,7522,NWSL,2018,0
b61f3309-2850-4867-ac98-6989953ba806,7522,NWSL,2018,0
ecf9cc72-04d9-4ca7-a0de-7649748ff820,7522,NWSL,2018,0
5a5eab10-4c4d-48d9-ac83-42a43d94bff2,7522,NWSL,2018,1
e1fe790a-5e25-4629-9fae-5e786d7a86c5,7522,NWSL,2018,0
d8e1478d-1f6e-4132-8ccf-e298e7c1ebec,7522,NWSL,2018,0
336d4b05-4b82-482b-bd48-631fd88a3675,7522,NWSL,2018,0
60c2982f-4d6f-4fb2-a5c5-610804d95c37,7484,NWSL,2018,0
d85b2647-00ef-4882-a212-49387a70c109,7484,NWSL,2018,0
703ecca9-3696-4180-b09d-85372ca733ea,7484,NWSL,2018,0
7923e5cd-a86d-4dd2-9310-2392b1de8306,7484,NWSL,2018,0
f62eaeb9-277e-4d51-8a57-6143b4fddcc2,7484,NWSL,2018,0
093b8756-0a2c-4d0e-ae71-ade6e6d7784b,7484,NWSL,2018,0
f2bdcd61-b365-4825-b572-588e55b3ca57,7484,NWSL,2018,0
7871bbc9-629b-438e-bc82-90a90b367c51,7484,NWSL,2018,0
3eb99d0b-7f74-4234-b410-120518cdd016,7484,NWSL,2018,1
cecbb718-7421-437d-ae55-c6eaeb14bd13,7484,NWSL,2018,0
dadff603-0366-4943-969c-8a045e95c12b,7484,NWSL,2018,0
cccb20a9-3adb-4d42-988d-605de30fe457,7484,NWSL,2018,0
a3ce2862-1a4f-4f8f-a0f0-20f749f46288,7484,NWSL,2018,0
cd8fcc47-f6d2-45c1-a4f8-da6ff77c8f33,7484,NWSL,2018,0
1e0c3457-d31b-4660-884c-14754d3830ed,7484,NWSL,2018,0
01f048f1-7bc1-48c0-9e61-6ea33a0f2507,7484,NWSL,2018,0
52661d55-1426-4d34-8060-49fa50518c7c,7484,NWSL,2018,0
cbaad7de-09bf-4389-9ddd-1ff53e0aa4ac,7484,NWSL,2018,0
0ba78740-6868-4587-a51d-f6500ce19ad6,7484,NWSL,2018,0
5a75b42a-cdf1-467a-b9f5-f9890a31e762,7484,NWSL,2018,0
67bd3305-9f37-4f81-9f84-0317627367b0,7484,NWSL,2018,0
dffbf673-ee7c-421e-bf9f-d46349718d41,7484,NWSL,2018,0
c6cb5bdd-b7f3-4e8a-99cd-74429e5062d3,7484,NWSL,2018,0
ad1de0c3-a214-4949-9458-e61dcda07603,7484,NWSL,2018,1
69302030-2616-4574-b4d4-95742a73c502,7484,NWSL,2018,0
43bd347b-cee4-4433-ada8-c19eeee2ae80,7484,NWSL,2018,0
479995df-6b95-4f34-82ef-0ec3f59e8c42,7484,NWSL,2018,0
f1c38965-ad61-4d45-aaa0-ee684f61bd3f,7484,NWSL,2018,0
c973a4fa-e461-4de2-a89c-e7f9b23c6109,7484,NWSL,2018,0
6b4bd834-d585-4947-95f0-31abc9398e13,7484,NWSL,2018,1
653eef3e-c71a-4c7c-a590-5d464380a4fa,7484,NWSL,2018,0
91cc7380-1bc8-4bb0-a62d-067e24215479,7484,NWSL,2018,0
ec130260-0503-4be4-8ffa-dbb13ad9c078,7484,NWSL,2018,0
e07f511d-e0ec-40cb-8ddd-d2e01f9311b9,7484,NWSL,2018,0
3f20f022-4480-48de-98e6-3d8abe9589c5,7484,NWSL,2018,1
0b2f2e69-a593-4ff2-9450-9a78c23e87b8,7484,NWSL,2018,0
4a830ed2-fbfd-42d0-bb2f-276c99170684,7484,NWSL,2018,0
46cae90f-a5bb-4c29-b1b6-a8a9a2b9ff51,7475,NWSL,2018,0
7aa45d85-4a32-4282-8777-f09cdeefea42,7475,NWSL,2018,0
378a35b4-398b-4800-8be8-1c4afe6a46e6,7475,NWSL,2018,0
cfb530f1-5fa5-4ad0-a26d-4be86265891c,7475,NWSL,2018,0
6c055611-8e20-47d1-8563-9e75d0072986,7475,NWSL,2018,0
2e8c85c2-e7a4-4ed1-8058-b011f62f924b,7475,NWSL,2018,0
afb1f803-2eb8-4791-9396-11f01da4871b,7475,NWSL,2018,0
005e3ba0-8cbb-464a-8994-440b91f343cb,7475,NWSL,2018,0
1f074110-17af-4cd5-a712-f85010690646,7475,NWSL,2018,0
a35b92be-8174-425f-a6da-b9cd8753789c,7475,NWSL,2018,0
7accfc7e-26d9-44c5-a003-00178430f918,7475,NWSL,2018,0
892d32d8-950a-4e55-a8cf-474f4eaf514f,7475,NWSL,2018,0
d47e7489-34f7-4163-ab5d-83488b32ef97,7475,NWSL,2018,0
6ef45201-ded1-4739-a452-6e50687400f6,7475,NWSL,2018,0
8cf33afd-0225-4c92-b2b6-d57f354f82ab,7475,NWSL,2018,0
f1a0aca2-7b25-47b1-a1b5-48bb2167d14a,7475,NWSL,2018,1
0a087b5a-a239-4caf-9b86-3dee0c13217f,7475,NWSL,2018,0
c8452431-e538-41b6-b4d4-a232f76ee70f,7475,NWSL,2018,0
a97e6d0f-ecc6-43fa-8994-719eb6fb059f,7475,NWSL,2018,0
abe002f4-60e7-43e5-8e90-19ccd790eb8c,7475,NWSL,2018,0
cca59946-12bf-4481-a96d-971cc2176537,7475,NWSL,2018,0
7f31e800-f0c6-41e7-8c6b-02337971bf23,7475,NWSL,2018,0
0b96b31d-bd12-4508-a21d-e36b19755f89,7475,NWSL,2018,0
bc94fc5f-feab-4926-bf9f-6c4ba295e814,7475,NWSL,2018,0
9b9b67e9-9655-467d-99fa-1fa81edbd315,7475,NWSL,2018,0
46ce5b91-5ea2-4355-a91a-b6ad99a2be05,7475,NWSL,2018,0
8ecb28f0-e30f-49f6-8f9f-56f2d56e7d57,7475,NWSL,2018,1
35b51dce-44f0-473c-bca3-118171127b0b,7475,NWSL,2018,1
f32f059b-9d10-4547-beac-90951b578bd3,7475,NWSL,2018,0
b397c597-ff6b-4e57-9cde-209d826d3064,7475,NWSL,2018,0
2b6dbaeb-2571-4500-8f05-276749f69c1e,7475,NWSL,2018,0
6f1ddb42-73e2-4364-87d3-9acbd70ebe4d,7475,NWSL,2018,0
3bee9ffd-7db7-4b0a-a6a2-483595d63b46,7475,NWSL,2018,0
18430765-a2d8-4ffa-94b2-d0dc6184dbe3,7475,NWSL,2018,1
ec37c79e-ee25-4dbc-8130-b6786b29a476,7457,NWSL,2018,0
e0e6bdb7-f5a9-4b31-ab55-38d0cf01074c,7457,NWSL,2018,0
4f32dd6e-506d-4dc0-ae6e-a52438ee730f,7457,NWSL,2018,0
236b10b6-8b71-4a0f-9212-422e163acd7e,7457,NWSL,2018,0
9dc9b9b9-a7aa-4e94-9422-ad2d2107b1da,7457,NWSL,2018,0
0b5998a9-4daf-4e5a-9644-526723057ade,7457,NWSL,2018,0
d4f127cc-3c77-4997-82b2-803b83151a24,7457,NWSL,2018,0
8bdd8dbe-ee85-4548-a6b3-364c199c76cc,7457,NWSL,2018,0
4b1dcb4d-0277-4cfb-8b97-7b2c5d365a54,7457,NWSL,2018,0
fb2df37f-2443-4184-a021-a1d3f07bc180,7457,NWSL,2018,0
23079c05-d63c-44e1-bb3c-6ab99def0656,7457,NWSL,2018,0
6931bf60-acc5-46ea-ada0-efda36b7b625,7457,NWSL,2018,0
8c77c1bf-68ef-4d07-8310-82eef90e109b,7457,NWSL,2018,0
ed024ae6-4dcd-49c1-9228-dec48caa068f,7457,NWSL,2018,0
5ec88981-543a-4652-a9d4-8036ab23a915,7457,NWSL,2018,1
f2ecf4e7-e736-4104-bfac-b5afb58b44f5,7457,NWSL,2018,0
72258347-6287-4f95-a4e4-f27aa7bc6ed9,7457,NWSL,2018,0
a0be1670-3c08-49fa-9a60-1b5d92d8a27b,7457,NWSL,2018,0
7cc51227-e1b8-4f47-b313-1ba26e4fcc6c,7457,NWSL,2018,0
b7b3c611-0788-4f2b-b6af-31bc6797132b,7457,NWSL,2018,0
10f6be72-f1bc-40a3-9846-f573a88a46db,7457,NWSL,2018,0
65326e69-5c24-4b13-8ccb-819afb7d3aa9,7457,NWSL,2018,0
41884296-3514-4ac9-ac54-935a855f1183,7457,NWSL,2018,1
f24941b4-b744-4ad7-ba81-d01eb0ebd4b4,7457,NWSL,2018,1
aa5e0ec7-ec33-413a-8a33-9caedb6e7ecc,7457,NWSL,2018,0
cb2f27c1-e77b-4b40-a5d1-b1ee9f58ebfb,7457,NWSL,2018,1
0a8b915d-6e68-46b8-a47a-2e90fbe1efe1,7457,NWSL,2018,1
c30dcf6f-8ccc-45a6-b361-1203ecd1b650,7457,NWSL,2018,0
7c8253e1-3ca3-4524-a062-06ef2ffa4e14,7457,NWSL,2018,0
1418fb25-3a80-4904-a12b-e2e4bec0f835,7457,NWSL,2018,0
8242ae1d-9e2e-4be7-8b12-031984943c64,7457,NWSL,2018,0
16871261-964e-484a-8e4b-1d2870a8a72a,7457,NWSL,2018,0
04d4764a-fd2d-4f45-955d-adfbc629dca8,7457,NWSL,2018,1
f5b7cdc7-3f70-4c17-a95f-e63a11072aad,7457,NWSL,2018,0
05fddd47-102c-476a-8f0b-944495605698,7457,NWSL,2018,0
f1f751f7-acc2-4300-9511-0d96f4d6a59c,7445,NWSL,2018,0
4d83e32c-077c-49a0-b800-fe5ca9b69bea,7445,NWSL,2018,1
aceed2b7-4a52-45a5-9bda-fd66307f7632,7445,NWSL,2018,0
2c41d66c-b60a-455c-afb4-e9a83c031ae9,7445,NWSL,2018,0
95a61bd6-da28-4eb3-ba46-52e308eb14c4,7445,NWSL,2018,0
83f7b3cd-72f5-4fd7-8f3c-8ac84e112fc0,7445,NWSL,2018,0
1208642b-6bb7-40e3-87ea-211c4aa1ff81,7445,NWSL,2018,0
8deb3d0b-8df2-4d22-bc95-510cd31e4017,7445,NWSL,2018,1
dcc64a2b-ace8-40c1-8a94-83bf3c4d1284,7445,NWSL,2018,0
58c8e69a-72c1-4a53-9ec9-e32c6889a03c,7445,NWSL,2018,0
504e735e-2255-4a74-909c-213e7489ea4a,7445,NWSL,2018,0
89b78cb6-bee9-4d8e-878b-9ee84b9f9e47,7445,NWSL,2018,0
63e6e67d-4d02-453a-b092-3fd083600787,7445,NWSL,2018,0
c936582f-2d60-4ce6-98a3-71c8c8e87580,7445,NWSL,2018,0
ddfe26b2-d59e-48e2-a2ea-32d20059fd7e,7445,NWSL,2018,0
52438c6c-75a6-40d2-bed0-6d77096aff30,7445,NWSL,2018,0
a544b713-9901-4e05-a6d5-df6865b77fa6,7445,NWSL,2018,0
b600ba06-bf49-4958-83a9-be93dd05a6f7,7490,NWSL,2018,1
9a4b98b1-608d-411f-bd53-63b0de4bc335,7490,NWSL,2018,1
4a54a40d-e0fc-4c80-881f-126fa09e57d1,7490,NWSL,2018,0
08cc9d9f-4439-416a-bfd8-2165ed0d2387,7490,NWSL,2018,0
e01122d5-02be-4f0b-b6e4-a8d8a9708f25,7490,NWSL,2018,0
8d2d2842-1d45-419c-921e-4dab1b9cf2c7,7490,NWSL,2018,0
90dce913-6d6e-4995-aff9-4e6e1adbc94b,7490,NWSL,2018,1
8cef811b-37f9-4d9e-8dca-927bfb1f0053,7490,NWSL,2018,0
ccfce962-bc96-4648-9dae-cfcc28222d03,7490,NWSL,2018,0
455a58ce-c50e-4248-a268-f780f20cd5c0,7490,NWSL,2018,0
631bfd22-9057-4d40-89a0-ca7e5b39c6c1,7490,NWSL,2018,0
fd9e26c2-0a9e-4a31-8f08-f02508c7d69a,7490,NWSL,2018,0
be554271-c2d1-448e-9ad4-a3d95f0660aa,7490,NWSL,2018,0
2f3c6d7f-5eb2-4a1d-977e-4fbbe1b56c56,7490,NWSL,2018,0
21af7002-a9b4-43e7-b056-491faf8a93d2,7490,NWSL,2018,0
c55237f6-be41-4c26-a728-4e2b2207ac37,7490,NWSL,2018,0
e37cb1d3-be56-4720-ab8e-fcaceae29e5e,7490,NWSL,2018,0
eef29da3-1e22-4936-847c-b05b16bb38ae,7490,NWSL,2018,0
f1533a7f-2cc2-4fb5-84d4-453243c1fbe5,7490,NWSL,2018,0
e7221772-5508-4933-bd87-11e3d3b877f4,7490,NWSL,2018,0
cfe2e586-930c-420b-85d8-44bdaf20ecdf,7490,NWSL,2018,0
a12272c7-37b7-409f-b809-d512761c2b5a,7490,NWSL,2018,0
a9c861d4-0360-48dd-9bb5-b4422ad98585,7490,NWSL,2018,0
362ce157-1271-4136-b8ee-1e2102ba0897,7490,NWSL,2018,0
b502531c-6b36-48b8-9afa-80dfd361269e,7490,NWSL,2018,0
3f0724a9-2173-407c-9ee9-b115178a4ce2,7490,NWSL,2018,0
54086641-fc2b-4c4a-95a1-74ab5276547f,7479,NWSL,2018,0
7ee40e2a-2afe-45e1-9000-8220a2b14b44,7479,NWSL,2018,0
911043f6-eeb7-426e-b2ef-cc9b111f4c81,7479,NWSL,2018,0
cf8cfae5-efc3-4afe-8c3d-25c45d373a51,7479,NWSL,2018,0
8f50f305-8be3-4374-8215-c33b9960f81d,7479,NWSL,2018,0
906deb91-068f-47c7-af96-f167b07c5477,7479,NWSL,2018,0
1b6adc59-f84f-4e91-9617-412c441cea58,7479,NWSL,2018,0
406e2908-7015-41ac-81a6-e93b54cba147,7479,NWSL,2018,0
daacb338-4820-452d-ba53-6116e91c1bf4,7479,NWSL,2018,0
8b282b9c-4330-49bc-aedf-10648007528e,7479,NWSL,2018,0
d172ff45-38bb-4c87-ab3a-cf10c60740a9,7479,NWSL,2018,1
c87adcff-894b-41e5-b9c1-e00fe6d94dec,7479,NWSL,2018,0
4ded0a08-2954-4379-b64c-6d46861f42f7,7479,NWSL,2018,0
2b391f2a-fc1e-4e9a-a7d8-7141eb33edfd,7479,NWSL,2018,0
1bfbe8bb-cd7c-407e-9d99-e5f4346e9d3e,7479,NWSL,2018,0
55f2d159-ac75-4f63-be88-0090e60d89ce,7479,NWSL,2018,0
091e7966-2a3f-4b6f-96a4-20629fdfbbcf,7479,NWSL,2018,0
bb3aeb86-17e4-4b6a-9b71-70865b207b06,7479,NWSL,2018,1
82b8b934-f1c4-4fcd-a1fc-47b364b045ae,7479,NWSL,2018,0
fe76d5fc-6001-4c12-bd8b-9ab444fd1d4d,7479,NWSL,2018,0
1cf846d2-274e-4024-a0ad-ee21e6ff0012,7479,NWSL,2018,0
14645735-eeac-4904-b802-539a9d336764,7479,NWSL,2018,0
1a4fefe9-1a52-479a-b860-22b6b892b660,7479,NWSL,2018,0
a995e024-c441-4042-8ac4-66d795b087e9,7479,NWSL,2018,0
b4e0c00f-8aa8-461c-b8a9-e3bf4c8a36d8,7479,NWSL,2018,0
c32b0615-9da3-465a-8121-281dc9b5e38f,7479,NWSL,2018,0
6c1faaa1-eed7-4ff6-a001-ea35a758768b,7479,NWSL,2018,0
04250014-f42a-461c-84c7-dfd62f5a5343,7479,NWSL,2018,0
ec516499-1427-4c9f-aa93-f605dea6de88,7479,NWSL,2018,0
4e8ae63a-bbf8-429e-8a52-c40779cca79b,7479,NWSL,2018,0
d341576a-17b6-4f63-a66c-da225df86968,7479,NWSL,2018,0
ac5e3e7d-defa-4773-b998-34ff61ca0cac,7479,NWSL,2018,0
f340b68c-2105-4eaa-a4a3-9882ef749b00,7479,NWSL,2018,0
42d19951-f2c4-4b0d-8a79-6c7ce1fbe2b5,7479,NWSL,2018,0
73d46258-f65e-4f7f-92bd-91e9bef39433,7479,NWSL,2018,0
96f963a0-88c3-40eb-bbfa-781e81d33a81,7479,NWSL,2018,0
61409c04-8a5e-4e07-a3ce-c10db00cb11a,7479,NWSL,2018,1
707130e7-7e3a-494d-ae42-e6833dc70835,7479,NWSL,2018,0
0ef96e36-2048-440f-acfe-bb91b2a2e54a,7479,NWSL,2018,0
5af4bccd-407e-4276-9b5e-221d70b8828e,7479,NWSL,2018,0
b954eabd-ba72-48f8-b98c-c6fc222a7bae,7479,NWSL,2018,0
27b2e4fd-8bb9-463d-a2de-d6ebc4156a8f,7479,NWSL,2018,0
974211ad-df10-4fac-a61c-6329e0c32af8,7478,NWSL,2018,0
94940de0-25be-4bad-a107-57c6ba80f49a,7478,NWSL,2018,1
f50a4234-0820-4418-92af-d2fc32203bc2,7478,NWSL,2018,0
f4afbb4d-4978-4501-b091-3de0da648a84,7478,NWSL,2018,1
e5f64c54-f326-45a4-9368-e1914d7ce242,7478,NWSL,2018,0
31026472-6bcd-44d0-b273-94cd6d24d35d,7478,NWSL,2018,0
8787b882-1e2f-4c6b-9b43-68e92d93142b,7478,NWSL,2018,0
5226a3c8-f3a1-48bc-a3fb-347f2e440b92,7478,NWSL,2018,0
4c32674d-2567-4917-bcc9-3ca078a5fffc,7478,NWSL,2018,0
6c002c97-7d7e-4a0b-813e-3744b2280238,7478,NWSL,2018,0
8d9493b2-69e4-4cc9-b1c6-64679d0d58c3,7478,NWSL,2018,0
08befe3b-98a1-4a10-a6e9-b67c0eeee1df,7478,NWSL,2018,0
7b4d38c3-9fc5-4537-a1f0-e37ac8623bb4,7478,NWSL,2018,0
ac0ca07c-996e-4cb1-a08f-8fafa96e0fae,7478,NWSL,2018,0
28b6a311-6744-4be2-9b4f-36e6feef6cbb,7478,NWSL,2018,0
5527a949-87ef-4abf-a7a0-033cb667cde1,7478,NWSL,2018,0
def62d89-f1d5-4683-8078-cb697d378012,7478,NWSL,2018,0
acb47572-0309-4267-b9da-a39ee6dfa1a4,7478,NWSL,2018,0
60804d84-52c9-460c-9303-7a9ef41535a5,7478,NWSL,2018,0
805a3621-b8d3-4d86-9792-4f5dd6a52fd5,7478,NWSL,2018,0
25a35150-546d-49ed-be61-cba12b9802cd,7478,NWSL,2018,1
ed56daa1-d761-4cff-b03a-a2f0ce1a717e,7478,NWSL,2018,0
a6ea87bd-c8ea-45de-8356-35059a337c10,7478,NWSL,2018,0
ddc6c24b-6d01-4caa-aba1-a217c9668ccd,7478,NWSL,2018,0
3a3e0567-d5d4-439f-abdd-0592c943eb85,7456,NWSL,2018,0
10150777-18a3-4b10-b9e0-9c17b1033e5b,7456,NWSL,2018,0
734ccb40-0353-4bb5-9558-170714bdb967,7456,NWSL,2018,0
901a4427-3719-445d-8fc9-d48ad9e5135c,7456,NWSL,2018,0
cf29a8af-7175-429d-8f63-c97b702b14a9,7456,NWSL,2018,0
20524903-38da-49ad-b637-0780a684d033,7456,NWSL,2018,0
73410087-524c-4d32-92e7-45a7846bff67,7456,NWSL,2018,0
42ff33a7-83b4-43ab-af5c-3a16ef31884d,7456,NWSL,2018,1
56c6ff15-8605-493a-94d7-017f9bd36e99,7456,NWSL,2018,0
1a1dc58d-5277-4ae0-953a-87e017e9dae6,7456,NWSL,2018,0
082e02bc-44a4-4106-a9c5-18ca44407f66,7456,NWSL,2018,0
ac5ee46d-6e87-4cda-853a-feb34c585069,7456,NWSL,2018,0
fa6a01ce-ac91-4f97-bdee-cc1456618103,7456,NWSL,2018,0
b7c21408-93b1-45ed-be64-ac942a4fe67b,7456,NWSL,2018,1
82e6f6f8-dbfc-468b-8c82-cf410d5472f0,7456,NWSL,2018,0
dde8b117-a2db-49ce-9a86-d9230aef28b4,7456,NWSL,2018,0
abc00a44-1ecf-4c85-9738-0b7b9e1095a9,7456,NWSL,2018,0
058392a3-9fb3-42be-b622-7e7d4a536bf8,7456,NWSL,2018,0
64b42953-d66f-43bb-95b9-dc3bbc250320,7456,NWSL,2018,0
c195aca6-d818-49f1-82e1-53b0b043b9aa,7456,NWSL,2018,0
762d0fe2-ea38-4f8d-9d76-a8f12be44625,7456,NWSL,2018,0
692216d7-f149-4b90-990b-36007de0b5fb,7456,NWSL,2018,0
0bf442d6-b761-45e2-8d06-26e7c611a45f,7456,NWSL,2018,0
98e998ed-044e-489d-99dd-c60f6942e048,7456,NWSL,2018,0
43c3207d-eaa5-482f-b3ab-873e627a6b8c,7456,NWSL,2018,0
b74ee024-e653-465d-abac-064503ffa296,7456,NWSL,2018,0
4d77ffbd-27d0-4406-8adc-baee36c09880,7456,NWSL,2018,0
93b12d3f-02f3-4955-8ae7-23758f8daaee,7456,NWSL,2018,0
29ffd34e-f771-42f0-b7cd-acb919f5df2d,7456,NWSL,2018,0
d6571ccf-5537-42b3-9a48-59142366464a,7456,NWSL,2018,0
b30c1c3b-24ea-4e38-b1db-6fe653bf1345,7456,NWSL,2018,0
b89123bf-773c-40a3-ad3d-2037a79a6948,7456,NWSL,2018,1
e87266ec-1681-4a04-a644-43be43d7722f,7471,NWSL,2018,0
2a89630b-7635-46a8-ba26-329eed0c4b2e,7471,NWSL,2018,0
68688944-e318-4f11-a099-72faa788e479,7471,NWSL,2018,0
a1de3124-53db-4ed2-87b2-f4897b85254e,7471,NWSL,2018,0
3af0cf89-54d4-41b0-bda3-ff09240ac4da,7471,NWSL,2018,0
3f257b8a-09d7-4c42-a942-cfdb9951b0bd,7471,NWSL,2018,0
1685a528-00f3-4e66-b030-47cfaa602b1f,7471,NWSL,2018,0
0fa399c7-7b8a-446d-a6c9-6661f7364586,7471,NWSL,2018,0
cf6a268c-3ff2-45a0-93f3-267c396a57e5,7471,NWSL,2018,1
9f6267da-1f4a-413f-8910-7cbeaa9e7963,7471,NWSL,2018,1
7e0d47b8-02c7-424b-848b-836814c1e30f,7471,NWSL,2018,1
5003a7f1-ea39-4873-afb3-aa673e3df862,7471,NWSL,2018,0
051787ba-6776-4d2a-b124-b71818d71350,7471,NWSL,2018,0
eedb633d-1358-4868-8f9e-541541f6ab6d,7471,NWSL,2018,0
30a547bd-b0d2-4874-b012-2ae67d0021d2,7471,NWSL,2018,0
db25a6db-79da-41e6-a129-35df144c300d,7471,NWSL,2018,0
0889c5ec-ac03-4a9b-8406-e5d0c0cebb5a,7471,NWSL,2018,0
365efa7f-698d-4efc-bef8-820e678e9f17,7471,NWSL,2018,0
230b73e1-b871-46b6-82df-d11363ec893d,7471,NWSL,2018,0
23a79efc-4ead-47ff-8041-cebd3f80825a,7471,NWSL,2018,0
5a71a5cc-da5c-49f1-9b24-45475b9205ef,7471,NWSL,2018,0
bd0a7e35-fa2b-468d-8d9a-c196ef86f2be,7471,NWSL,2018,0
1c63c267-e1b2-4c28-a707-b387685ae1d2,7471,NWSL,2018,0
b2013deb-a273-4aeb-b13c-c0728574769e,7471,NWSL,2018,0
e1665a20-b394-4475-8d9f-e85e749dd667,7471,NWSL,2018,0
0d948597-15cf-4073-8530-b9555a49422b,7471,NWSL,2018,0
e6897c41-68fc-4a5f-910b-910e76eaac7d,7471,NWSL,2018,0
5e2ac4c1-8e04-49fc-aa68-a1fd8ee6e303,7471,NWSL,2018,0
f8f97992-75f6-429b-a836-76072570bac5,7471,NWSL,2018,0
8ff7d6f3-d5ee-4348-9f70-c996cdbcdb5c,7471,NWSL,2018,0
cb2943fd-a7e5-410e-a1a2-201a2e30e3ae,7477,NWSL,2018,1
2c8aec51-8f8e-4d2f-9999-2fad19aad645,7477,NWSL,2018,0
6cefa0f3-72bf-471e-9830-0230c86a08b7,7477,NWSL,2018,0
0b9e370b-4b11-45cb-a105-4009ba92f934,7477,NWSL,2018,0
47d4c80f-8794-46ad-be03-8d3fc7f15277,7477,NWSL,2018,0
878fb451-97f5-419b-9fb4-58ed10dec4e4,7477,NWSL,2018,1
7e529654-0e65-4d87-b274-06979ff93d58,7477,NWSL,2018,1
5cc9be2f-76ad-4da2-a435-95050301017c,7477,NWSL,2018,0
3399d9d5-458f-44b6-8170-3dd35bf1f510,7477,NWSL,2018,0
cf02571d-c2dc-426c-b4b9-824c55f6f79d,7477,NWSL,2018,0
a065b6e9-e14d-4e76-9cb3-f1153ce98fbb,7477,NWSL,2018,1
1c728b01-d8c0-4e75-a161-79162b5e8f77,7477,NWSL,2018,0
877e17e3-8c57-4332-bccf-04508bba820f,7477,NWSL,2018,0
faaa3e77-bcb1-4b94-93c0-d83810e5e2f3,7477,NWSL,2018,0
0f4bcb27-6036-4116-a564-8388986f99bc,7477,NWSL,2018,0
f4b54f16-7404-4209-aba2-112178a91ac9,7477,NWSL,2018,0
04870d66-6534-4c0b-8a35-f42e3fda648f,7477,NWSL,2018,0
4fb7e718-cc4b-46c6-9528-df6304e3bf65,7472,NWSL,2018,0
221c4e1c-a885-47f2-a00b-53d76530672e,7472,NWSL,2018,0
7474f00c-1d21-4fb7-9c50-1dfbec18bc87,7472,NWSL,2018,0
8b51eadc-d9f9-4180-84a9-4612a5b509e6,7472,NWSL,2018,0
83d8c320-1491-4747-8b04-7159f3446992,7472,NWSL,2018,0
f9703599-af13-4959-89b1-05388f3dcf5c,7472,NWSL,2018,0
a7aefd80-133c-4c58-a0da-7ef0460e03b6,7472,NWSL,2018,0
823d8cb0-c69e-49f7-8bbb-799ee5a42de6,7472,NWSL,2018,0
1426ac01-6489-45ea-b0de-acfffc47d834,7472,NWSL,2018,0
b26bad49-18d3-4b38-9f12-22097c1e1587,7472,NWSL,2018,0
cb9ef254-b078-4d20-94f0-dc7bd1a118be,7472,NWSL,2018,0
d1c2ea10-4323-46fa-a535-e48fb7b828f1,7472,NWSL,2018,0
b347c210-ff02-4d2d-82ff-36b6bd4cd487,7472,NWSL,2018,0
a58bf405-e058-4b52-9fec-d510902a7350,7472,NWSL,2018,0
2ca1211a-b70e-4890-8994-658494662746,7472,NWSL,2018,0
3114bbe8-5368-4674-9c67-acf876bfdb03,7472,NWSL,2018,0
b82f3cca-d966-4b9f-8367-2b2fa440da32,7472,NWSL,2018,0
1206757f-b715-44b7-9ad1-ab643c844fba,7472,NWSL,2018,0
00356696-9f58-4ce5-b0eb-575a9987bc70,7472,NWSL,2018,0
ce047c30-17ca-487c-818a-af7520f913c0,7472,NWSL,2018,0
ca44afc5-2444-4702-bd69-24b35bbe8664,7472,NWSL,2018,0
9d377c3e-071f-4e6f-bae0-cfdd023f16da,7472,NWSL,2018,0
34a4c849-154a-4434-bba5-338f64548205,7472,NWSL,2018,0
f7b73853-0c77-4ab3-8507-f22f30b2d21d,7472,NWSL,2018,1
96139467-97d1-499f-966a-1fd4867e208e,7474,NWSL,2018,0
8f7a4145-df88-4d83-9a72-ead126a54e8a,7474,NWSL,2018,0
632ce420-4ae3-4a7a-9d76-46cdb03858f8,7474,NWSL,2018,0
c54a4035-71c1-411e-80fc-23c711cb48eb,7474,NWSL,2018,0
7b5e267e-ffd2-4228-85b1-85b9f280f7c7,7474,NWSL,2018,0
bdf35678-e2dc-4419-bdd4-2b6b344d1ad9,7474,NWSL,2018,0
83b6dcf0-a20c-42e3-93c4-88f9d729d93d,7474,NWSL,2018,0
f91d40b1-8c68-4ba1-bada-ee211e7fb435,7474,NWSL,2018,0
4a856527-cbff-4650-b22f-8a5d2a9eec48,7474,NWSL,2018,0
7f9badef-d66c-4bf7-80fb-93818759e2e3,7474,NWSL,2018,0
760212b9-92d3-4eb0-b556-a2dfb5c01d19,7474,NWSL,2018,1
7c1b682e-f3b5-4ed5-b15f-664d6f7600c9,7474,NWSL,2018,0
51f9951e-2095-4a38-acb8-ef3ec87ddc0f,7474,NWSL,2018,0
7e700187-833d-4675-adac-17d309688e90,7474,NWSL,2018,0
b78c0647-dcd7-4331-8c95-ed16c9bffb20,7474,NWSL,2018,0
96428ab8-ded7-4d4a-8a35-e6ea9a69b8d8,7474,NWSL,2018,0
09d6267e-abcc-4cd3-97bc-8ecbb6967be0,7474,NWSL,2018,0
f2b45588-8931-4890-a497-e35c61fd8960,7474,NWSL,2018,0
a02e2c80-01d2-4c9a-abe5-63e8a4aff66c,7474,NWSL,2018,0
7487795e-8e4f-44b2-a9a4-50eab4d9cc71,7474,NWSL,2018,0
cf8b29d2-a854-47d9-ab51-f58b9cc8898f,7474,NWSL,2018,0
bcd528e8-1d0f-4dc4-b9fe-db45a5b67cad,7474,NWSL,2018,0
e74f80f9-c786-410e-aeb2-2f524a396af1,7474,NWSL,2018,1
d018d476-0419-4ed2-9be5-9348812c63e4,7474,NWSL,2018,0
3a94a559-5973-4dbb-9c32-841c9417c041,7474,NWSL,2018,0
7b68738e-532e-481d-8d2e-a2d7b34e9d10,7474,NWSL,2018,0
f13c0c6e-facd-4309-ad62-a1ff6ca1add3,7474,NWSL,2018,0
68a004b4-74a6-45cf-a2e6-7e6a83e07d30,7474,NWSL,2018,0
7e0eed15-bc3d-4c47-88b8-be8c48fd270b,7474,NWSL,2018,0
9429d9f7-2e2d-4eaf-9e66-e60c1e5457c6,7474,NWSL,2018,0
a5bb2e67-4b87-45e5-9a90-45ccd2d8b35c,7474,NWSL,2018,0
495f79fc-4d9d-4b6c-8572-9cebbd7b1bc9,7474,NWSL,2018,0
120ddd38-90cb-404f-a048-7bfd1bf36a9c,7474,NWSL,2018,0
c4576cdc-0860-46ad-8471-9d05a57ec40c,7474,NWSL,2018,0
ae399581-6fcc-4878-9164-2d220d87be6a,7474,NWSL,2018,0
45b44f64-6ffc-44c6-a6c5-622396f0f36c,7474,NWSL,2018,0
f57adaec-23e0-4885-baa7-89ad2130243e,7474,NWSL,2018,0
45d372e6-4cd0-4252-8502-766d95238cfe,7487,NWSL,2018,0
02dc805c-5782-4f9d-8213-71151c72f0e7,7487,NWSL,2018,0
24a5ab16-1f39-4cc2-85f8-76687bf3651d,7487,NWSL,2018,0
5c9a30d0-a1bb-44e4-9e77-853635327b24,7487,NWSL,2018,0
c5d36add-def8-4d3a-9f84-6198b2102fbe,7487,NWSL,2018,0
4c4c507f-ba66-48b0-b35d-f346c59b4a8e,7487,NWSL,2018,0
68c4e67d-aaa4-4d4b-968f-f40765a975d8,7487,NWSL,2018,0
4a075338-5b21-4f71-bc53-843a5e384cda,7487,NWSL,2018,0
4615283d-2395-4804-a23f-8fefe92b95b1,7487,NWSL,2018,0
95cc9f59-9d27-48d4-b11e-dcaa74491e0b,7487,NWSL,2018,0
4329975e-e083-4fa3-a615-899c7b3b713f,7487,NWSL,2018,0
3444efd6-1add-4a3b-958d-d0a3d638d1e8,7487,NWSL,2018,0
b5410af6-8072-4795-8656-8ed5fb1228be,7487,NWSL,2018,0
79048c63-9d7b-4015-9777-54fd0a2a0e01,7487,NWSL,2018,0
b700f466-4673-4b89-a659-2714117eaabc,7487,NWSL,2018,0
ab505b70-91be-41d5-9433-6d2cb3a8a1f1,7487,NWSL,2018,0
ed8b9cb8-4f98-4108-afe5-8d4e32874cb7,7487,NWSL,2018,0
74c29e08-3bd1-4e3f-a93d-64df98eda41f,7487,NWSL,2018,0
1a0620f7-a957-481d-b7de-25e6ac9dcae0,7487,NWSL,2018,0
58bc05e9-3042-48ae-b77c-8df239195c67,7487,NWSL,2018,0
c3de8405-0433-4769-835a-cecbf8a27efd,7487,NWSL,2018,0
3c1939af-21f4-4200-b627-2c4587abad40,7487,NWSL,2018,0
7065a3de-e712-4982-a7dc-614fe288ea8a,7487,NWSL,2018,0
d1b14530-063e-4bc1-a1d3-21827da5bb3a,7487,NWSL,2018,0
4efeeb40-aaaa-4995-92dd-b5975ea9dc0f,7485,NWSL,2018,0
661de1e8-cb22-42a3-8818-253e7a60ba8c,7485,NWSL,2018,0
76cb1953-3650-4ee2-92b8-12e84906eeac,7485,NWSL,2018,0
3073a14b-7043-4bcd-b6a2-c3097689a066,7485,NWSL,2018,0
1bc8df02-f51e-4fca-90bd-9325ec6ca49b,7485,NWSL,2018,0
5a4b1204-0759-4c46-9ffb-c5a6e33e39a6,7485,NWSL,2018,0
c95a6d9c-c7a3-41b3-b1af-8f50fcce5ddc,7485,NWSL,2018,0
ab2e9f33-1820-497b-9f24-1fdf1cab1f40,7485,NWSL,2018,0
d89f6e06-e509-4e75-af1c-44aecf0c67c0,7485,NWSL,2018,0
5ab7bec5-cafe-415d-8a33-ecf5b54cc871,7485,NWSL,2018,0
ed55a795-1847-4d8e-a442-60f6d2ffc750,7485,NWSL,2018,0
e73d0303-55f7-4ea4-a464-7319bbf420dc,7485,NWSL,2018,0
0cbe47df-f7db-4070-972d-3276aee6e1e7,7485,NWSL,2018,0
f3a88e6e-3789-400b-b39c-00b479708651,7485,NWSL,2018,0
7ba63242-080a-4d01-bcf2-7a96290bdc15,7485,NWSL,2018,0
ffe348a2-7370-421b-a9e9-b430c4451692,7485,NWSL,2018,0
cada6313-a069-4136-aa30-87933a5bd4ea,7485,NWSL,2018,0
437645c7-8967-4ffb-b2a6-e799fb4bb2da,7485,NWSL,2018,0
595bc66b-37d4-44bc-91a9-7e538d0d69e2,7485,NWSL,2018,0
b5889d37-0926-4db3-81eb-e5bcff87c475,7485,NWSL,2018,0
d0b322d2-d20b-49e6-a7d3-b4d40fb5fa10,7485,NWSL,2018,0
52d56806-cb43-40cd-b71f-edf806a3453a,7485,NWSL,2018,0
24885780-5dfa-430b-919d-e26c97209078,7485,NWSL,2018,0
5e8b4f7f-4089-4784-884f-53f2c16c2c52,7485,NWSL,2018,0
e344e4cd-0ab7-44fc-b30e-62710dce1c45,7485,NWSL,2018,0
bea15402-8872-40ec-af86-9450056a5bb5,7485,NWSL,2018,0
ef03ab41-bfdd-4411-8c1c-000dbc429565,7485,NWSL,2018,0
efd759c8-94e2-42ca-a6a4-f5b4fa812945,7485,NWSL,2018,1
9814dbad-fd33-4cc8-a5cf-483053fda4da,7485,NWSL,2018,0
2f951e71-d3b9-4712-a225-4b8a6c5a4467,7485,NWSL,2018,0
320ad3bb-5e93-4947-8164-ae581bb56f62,7483,NWSL,2018,0
b7e5af45-590b-48a1-9c07-57ed4b1933bd,7483,NWSL,2018,1
55d51c1a-e83f-47cf-88bd-fc9f6669d7a7,7483,NWSL,2018,0
53204e5e-2c8b-4355-9e24-5ec1c8633735,7483,NWSL,2018,0
75d5d4ad-943d-498e-b595-b1794518491e,7483,NWSL,2018,0
c8658d0b-9ae2-4624-bb40-30a9dfcadfa2,7483,NWSL,2018,0
fce36e5c-bb26-412a-a521-3fe8a061ca43,7483,NWSL,2018,0
3caa324b-3589-45b5-85d9-da1ad580f86f,7483,NWSL,2018,0
60d196a6-697d-43a6-968a-0a279010c77c,7483,NWSL,2018,1
5181f103-4fe3-4a11-a8c5-040da919778d,7483,NWSL,2018,0
6d0e7d87-347f-4c3c-8c81-c3541ae8a6f1,7483,NWSL,2018,0
31e59eee-313a-4a86-90da-45155e461836,7483,NWSL,2018,0
65b1f9d6-cde9-4b30-95e3-4e572ce5a00c,7483,NWSL,2018,0
05e5c21a-9550-4431-b40e-a13bc88136d1,7483,NWSL,2018,0
ec652a49-dd24-47e8-89e5-9fa97d68efdd,7483,NWSL,2018,0
6004ba49-3637-4e59-8257-1990e6cd44bf,7483,NWSL,2018,0
51e12f04-6aa9-4e1b-aeb2-ab267513e5fc,7483,NWSL,2018,0
808edb37-8f60-47a1-a4c8-1b8236785915,7483,NWSL,2018,0
f3ef6768-ce70-4061-8560-934a8e6cd417,7483,NWSL,2018,0
6ab67003-beba-4032-8c52-ccacdb9cb4f4,7483,NWSL,2018,0
9848d3a6-448d-4b9c-8743-2d519857f24d,7451,NWSL,2018,0
e05568f4-b96a-4ffb-bb02-ba7bba7c084e,7451,NWSL,2018,0
c9bb0f0d-99e6-4890-9770-e88f13060726,7451,NWSL,2018,0
eb5f383b-1e80-42ab-bb36-148eef656f61,7451,NWSL,2018,0
11037953-476e-484c-9436-77970b9bd17a,7451,NWSL,2018,0
d15a4e07-016f-493d-bb37-a5cf2b7392c9,7451,NWSL,2018,0
692643b3-aa5f-4929-b31c-a557c65b053a,7451,NWSL,2018,0
ad507405-7cda-4f58-bad7-df5d6be2dce8,7451,NWSL,2018,0
f2ad33e6-99c2-4161-8002-dad2eb93d690,7451,NWSL,2018,0
4171f6fb-2aa2-48fb-9d1b-2046ae29f8b6,7451,NWSL,2018,0
9e7d1fca-1289-4aea-be40-b110f55ccf44,7451,NWSL,2018,0
cc39d19d-228f-4f05-bb23-2f75257a7dc2,7451,NWSL,2018,0
82011de6-4830-476c-b782-7ed741b0d554,7451,NWSL,2018,0
8141eca6-0315-4c14-ae46-972023874981,7451,NWSL,2018,0
43312174-994f-42b5-9c7b-0ca0709d458d,7451,NWSL,2018,0
6a598d74-9372-478d-b790-9cb8ed2b1294,7451,NWSL,2018,0
895de69c-f642-46c2-9337-d2d1b0413fa9,7451,NWSL,2018,0
fb388802-89de-41ad-bda8-de44963afccd,7451,NWSL,2018,0
d9f08362-6756-42b3-a712-e3a112a5a44e,7451,NWSL,2018,0
f9d62991-577a-4c07-9702-0f6ed39eee35,7451,NWSL,2018,0
7d8fe7d0-c375-48ce-a020-9ba7ca53b236,7451,NWSL,2018,0
53e55ab3-c159-49d7-90ae-a7fb1785aedc,7451,NWSL,2018,1
5c5f01b5-7f5c-4d19-b922-1cea7a67ef55,7451,NWSL,2018,0
28ea3ffe-dd0b-4bcd-af04-1cc6f4a5e047,7451,NWSL,2018,0
8d38467a-cefc-4a5d-b3d6-1f08629dad71,7451,NWSL,2018,0
dc037f31-76d8-4c6d-85eb-59aeac43f12c,7451,NWSL,2018,0
794e7625-5404-4fd9-839a-dbf0ab81a1fb,7451,NWSL,2018,0
7b4dfcff-15fc-4815-a20f-51fbf2c9ca1b,7451,NWSL,2018,0
6accecbb-5d4a-4873-8212-c2f60a902b7f,7451,NWSL,2018,0
fb772423-ee83-47bf-acd9-6f2bb8854a95,7480,NWSL,2018,0
a709d1e6-5e59-4b1e-8e86-2e134decc1cc,7480,NWSL,2018,0
2489193d-8f76-47fb-9f15-44e96c6aa267,7480,NWSL,2018,0
19450acc-e0c9-41f0-a8db-7021842343ad,7480,NWSL,2018,0
93492d4b-22e0-4465-a0a9-0fb85dabafcc,7480,NWSL,2018,0
c9bc56fe-5850-4002-a9ba-49e8e7cda104,7480,NWSL,2018,0
a74f463f-199f-45dd-bbac-ad1b6b6acfa1,7480,NWSL,2018,0
15bd4090-0883-478a-8b41-715126975f2c,7480,NWSL,2018,0
cefd3c60-d0c4-40d5-905b-fabebfabde83,7480,NWSL,2018,1
e50302bf-069d-4554-82f1-0dc18ccb9941,7480,NWSL,2018,0
331b2d93-4582-4572-89ee-6a6e5a8d0fdf,7480,NWSL,2018,0
59d75e1e-49c4-4a0f-ad68-1ff5cf29af86,7480,NWSL,2018,0
54317cf0-bdf8-405d-9cca-9c7a019cfff8,7480,NWSL,2018,0
b095382a-9177-49ba-88a5-af091a924911,7480,NWSL,2018,0
57bbafe1-e910-4085-9fe2-d05e53feb870,7480,NWSL,2018,0
39edac45-b745-46f6-81c2-c1b690274de0,7480,NWSL,2018,0
1c408922-4a01-4649-9e17-e231698ee0de,7480,NWSL,2018,0
01fddff0-0d39-401d-9dca-5bf68611434d,3835331,UEFA Women's Euro,2022,0
e5b140cf-5588-428a-bd54-11f5c08e50e2,3835331,UEFA Women's Euro,2022,0
15d74003-3c35-4332-8c33-d2e65cbd6168,3835331,UEFA Women's Euro,2022,0
12bb8c69-aa64-4d82-8079-1928168dee69,3835331,UEFA Women's Euro,2022,0
1024a61e-7964-4f69-a604-2d831c96b602,3835331,UEFA Women's Euro,2022,0
c569076a-a1c6-43c3-98c6-af274a498aa9,3835331,UEFA Women's Euro,2022,0
20f42c28-1dad-4ccf-b509-09d207b282c3,3835331,UEFA Women's Euro,2022,0
d947a792-75f1-4e3f-b8d0-1f20e6235ea9,3835331,UEFA Women's Euro,2022,0
78ab73ba-cd07-4abf-b9af-193cb93bfd35,3835331,UEFA Women's Euro,2022,0
bd70f5dc-dd4d-4602-ad9d-6864e8cd39a7,3835331,UEFA Women's Euro,2022,1
bd6dc0b9-8d61-46b7-8719-b9d9ead45e94,3835331,UEFA Women's Euro,2022,1
6782430e-63b9-4ae9-9611-998f647d1732,3835331,UEFA Women's Euro,2022,0
c08951c8-85f6-4bab-b091-2ef396e38211,3835331,UEFA Women's Euro,2022,0
69577a47-0aa9-4393-997a-a040a39c2f35,3835331,UEFA Women's Euro,2022,0
31b77ed8-7ddd-44d0-952e-c4a933715083,3835331,UEFA Women's Euro,2022,0
eb533122-3c68-48f8-9753-e8f1170a31a2,3835331,UEFA Women's Euro,2022,0
832bbd9b-1a8f-4b6e-a9b3-38fc8d960e1a,3835331,UEFA Women's Euro,2022,0
34de5a90-a01d-4dfc-8cbb-b1c672deff36,3835331,UEFA Women's Euro,2022,0
d152e901-9279-4674-9211-a7a382408cb4,3835331,UEFA Women's Euro,2022,0
add42adc-73cf-4e98-b712-6f5020ce74ce,3835331,UEFA Women's Euro,2022,1
874601a0-8ef2-4fe5-a442-63a378a3ba45,3835331,UEFA Women's Euro,2022,0
d130ab2a-9d97-4a4a-928e-f294257a9a18,3835331,UEFA Women's Euro,2022,0
a98df75f-b78d-43f7-8d43-f0dca2b1ccc8,3835324,UEFA Women's Euro,2022,0
ed97a39e-0fe1-4a3f-8027-e9a7a86c2508,3835324,UEFA Women's Euro,2022,0
920a4bb6-968d-49bb-9de7-fe3861866392,3835324,UEFA Women's Euro,2022,0
a9ada863-0bd8-46a9-93c3-5a5d41f9a3bf,3835324,UEFA Women's Euro,2022,0
06dda4c0-d35f-436f-96f1-bb79bd95e0dc,3835324,UEFA Women's Euro,2022,0
5c08ac40-9c80-4638-8855-e085f9b46375,3835324,UEFA Women's Euro,2022,1
1b87b779-5c54-41f2-ba0d-130f2e3345d6,3835324,UEFA Women's Euro,2022,0
4ea12ba9-9f70-4200-89dd-c47df0039db2,3835324,UEFA Women's Euro,2022,0
be0e8c42-a35f-4a70-89d6-ad2b7e190f3b,3835324,UEFA Women's Euro,2022,0
8faa08af-3199-4a12-b333-08a584e64d08,3835324,UEFA Women's Euro,2022,0
4acfa8e5-1c0b-4242-9ccb-65e831806448,3835324,UEFA Women's Euro,2022,0
028d2cad-c903-4974-b137-20631a67851e,3835324,UEFA Women's Euro,2022,1
075970c2-47f7-4ff5-b2c0-48071faef245,3835324,UEFA Women's Euro,2022,0
4ab464a2-6f9a-4284-b449-5091e9441e07,3835324,UEFA Women's Euro,2022,0
adcc70b8-e145-4dcf-8274-f966fcee66ab,3835324,UEFA Women's Euro,2022,0
70968b17-9655-4b84-8884-d4701dce6506,3835324,UEFA Women's Euro,2022,0
bbae0b1b-50bd-4e65-99d6-62901c1aeb79,3835324,UEFA Women's Euro,2022,0
46e65038-822a-455c-896e-0cf3745f8ab0,3835324,UEFA Women's Euro,2022,0
776fc7a8-7ecc-42b3-9311-9fe09904def7,3835324,UEFA Women's Euro,2022,0
5f894fb7-9720-4035-8268-3564c538999a,3835324,UEFA Women's Euro,2022,0
90e448e2-e11d-46ea-b7ed-32b41669dcba,3835324,UEFA Women's Euro,2022,0
cfc2dc9c-81c0-4f7b-969d-ee53878afd1e,3844384,UEFA Women's Euro,2022,0
6f323f25-4594-4ef6-b46e-ce1a702fbfc0,3844384,UEFA Women's Euro,2022,0
34163322-30ff-4c50-b215-29093f1c6028,3844384,UEFA Women's Euro,2022,0
4e507706-9c4a-47ed-a3bb-5efe22673a31,3844384,UEFA Women's Euro,2022,0
b7e0cd0f-a465-40cd-849a-0ae9104d0bbb,3844384,UEFA Women's Euro,2022,0
370efb0e-ab9b-43a5-8063-9414a6ebecd7,3844384,UEFA Women's Euro,2022,0
928658a4-a0d0-42b8-9e9a-4ae8c306d85d,3844384,UEFA Women's Euro,2022,0
3707e189-db53-48d1-b5b4-8a5b57c15d95,3844384,UEFA Women's Euro,2022,0
6005103e-82d6-4b47-9393-f27676c0ff19,3844384,UEFA Women's Euro,2022,1
04ab658d-b067-4203-b877-811cc20b8e63,3844384,UEFA Women's Euro,2022,0
79749447-10e4-44ec-bfc4-271d5677756d,3844384,UEFA Women's Euro,2022,0
2bb424b5-5740-4df7-b3d1-5e7811c74b67,3844384,UEFA Women's Euro,2022,0
61c61b46-3629-43b9-b7a2-e66a4bc29601,3844384,UEFA Women's Euro,2022,0
e1c50328-2852-4d24-bb26-6ba34536023e,3844384,UEFA Women's Euro,2022,0
b1ccce9e-3af6-4c75-ba73-8b8a9c36c968,3844384,UEFA Women's Euro,2022,0
2a3f24a8-bbe5-494f-910c-459356bd161c,3844384,UEFA Women's Euro,2022,0
df6f17cd-e8a9-4100-ba07-5a3bbf2981d0,3844384,UEFA Women's Euro,2022,0
5db52ee6-6492-4706-9eaa-889d2a730312,3844384,UEFA Women's Euro,2022,1
940474c3-c654-4438-bc41-3bd652cc1057,3844384,UEFA Women's Euro,2022,0
411b0b0d-174a-4e75-8ad7-b2211c093b39,3844384,UEFA Women's Euro,2022,0
dab0ec83-2180-44cb-8d21-62ecee04ab65,3844384,UEFA Women's Euro,2022,1
1bd57bc6-7919-4f88-8b06-803402c1c0c9,3844384,UEFA Women's Euro,2022,0
063ff013-703a-40c4-b07f-2761cdbe79c7,3844384,UEFA Women's Euro,2022,0
be11fd03-a76d-4c32-98a9-6e918dbcffb1,3844384,UEFA Women's Euro,2022,0
4eb40d08-4ee9-4caf-831a-3070d875c43b,3844384,UEFA Women's Euro,2022,0
28da7b54-c4a1-4fb1-a9d1-19ce077bdb0b,3844384,UEFA Women's Euro,2022,0
4c97348d-cc5b-49c8-b081-c600e5afc381,3844384,UEFA Women's Euro,2022,0
a5b06861-52dc-4bbe-99c4-922070587f10,3844384,UEFA Women's Euro,2022,0
53c6aaea-3820-4557-89a6-dbbab29e6649,3847567,UEFA Women's Euro,2022,0
e4a3ce60-b560-46ae-bd4a-071a812cd851,3847567,UEFA Women's Euro,2022,0
c48beadc-5dd6-4e1c-b6bc-3200a72aed4f,3847567,UEFA Women's Euro,2022,0
fd5b357d-de1e-4889-98f0-6c5ccbed66ee,3847567,UEFA Women's Euro,2022,0
f353c273-0954-4f09-a6db-4674c7fa5957,3847567,UEFA Women's Euro,2022,0
95b852d1-cdf2-415a-bebd-33db131cba56,3847567,UEFA Women's Euro,2022,0
605a7e00-eea2-488b-9355-edc6e7216cfe,3847567,UEFA Women's Euro,2022,0
c2b7a142-a325-4617-8eef-ed2432fe293c,3847567,UEFA Women's Euro,2022,0
e2e34ac4-f994-477e-a0af-461ea18a5586,3847567,UEFA Women's Euro,2022,0
bfb74e09-ca1e-4ce5-96a7-4f5904a59a21,3847567,UEFA Women's Euro,2022,0
b1b93939-dd21-4a33-9c66-532c360a689a,3847567,UEFA Women's Euro,2022,0
ab904b3f-f6ee-4781-bc42-c38b2af2bb29,3847567,UEFA Women's Euro,2022,0
d06fcfff-b660-4401-8f00-680fccdf8705,3847567,UEFA Women's Euro,2022,0
a2d281b0-d9d6-4e19-9949-ec2e787efe79,3847567,UEFA Women's Euro,2022,1
ba417ceb-5d24-4a03-ac43-bcfc5b92faf5,3847567,UEFA Women's Euro,2022,0
5047da9b-00e9-4ef4-b7cf-36e8bcb20c7c,3847567,UEFA Women's Euro,2022,0
9ad7d7ce-f7e6-4db1-adb6-b01c54f32894,3847567,UEFA Women's Euro,2022,0
914fd15a-beeb-449f-a626-df664f305674,3847567,UEFA Women's Euro,2022,0
c61919ef-1204-4520-8071-a8d5734ab53f,3847567,UEFA Women's Euro,2022,0
844c1612-71ce-43cd-95d1-8c1c60233e22,3847567,UEFA Women's Euro,2022,1
5204a1df-d4c8-4549-b16d-c1ff2cc1fd6a,3847567,UEFA Women's Euro,2022,0
a777c273-c5ca-4b6d-ad7f-213ed715f495,3847567,UEFA Women's Euro,2022,0
d6b5d246-1352-4a2e-86b0-00d3d8493882,3847567,UEFA Women's Euro,2022,0
f741958e-fe7d-493e-8527-292de840c530,3847567,UEFA Women's Euro,2022,0
1a91f72d-faf1-4b72-aa6f-53945d830f9c,3847567,UEFA Women's Euro,2022,0
4a3c572d-edd1-4a7b-b5aa-f56291d78383,3847567,UEFA Women's Euro,2022,1
e81a087b-fcb4-4dc4-b951-9d20654eb7c9,3847567,UEFA Women's Euro,2022,0
d1a09bda-9630-4b41-a5e1-04c3132c7057,3847567,UEFA Women's Euro,2022,0
763f23cf-485c-48a8-973b-903fc6d407d0,3845506,UEFA Women's Euro,2022,0
ebaf18d8-93b4-4b99-bca9-8999a0ded394,3845506,UEFA Women's Euro,2022,0
53f78998-0789-44dd-b163-950d76fab531,3845506,UEFA Women's Euro,2022,0
7ca6174f-6c4e-417c-914a-143f1d536d7d,3845506,UEFA Women's Euro,2022,0
00823dd8-5b00-4a1b-b896-93dc7073163d,3845506,UEFA Women's Euro,2022,0
88fdfd5d-208a-492c-9c71-b869b49ad168,3845506,UEFA Women's Euro,2022,0
e6e83a1b-2d0c-4bb9-a32e-689ce1563538,3845506,UEFA Women's Euro,2022,0
21382494-48ae-4e79-baa8-9a78257f38b4,3845506,UEFA Women's Euro,2022,0
20995bd8-e722-404f-bd3e-3c99488b7056,3845506,UEFA Women's Euro,2022,0
b7571deb-c8e9-4198-aaf0-03d1b3f82c17,3845506,UEFA Women's Euro,2022,0
cb3409e4-f757-4646-a95e-0c0c38c7aad8,3845506,UEFA Women's Euro,2022,0
b5b36e0e-4d8b-43dc-8e6d-82ed65d27d35,3845506,UEFA Women's Euro,2022,0
9008f557-2803-4edd-a621-9db98605c9a9,3845506,UEFA Women's Euro,2022,0
47acd603-47bd-4525-b088-7207b485e6a0,3845506,UEFA Women's Euro,2022,1
7434efdb-d9de-47eb-acaa-8f497541bde6,3845506,UEFA Women's Euro,2022,0
d043e89a-6e95-464f-8499-2e9f71337dc3,3845506,UEFA Women's Euro,2022,0
b925dda4-e444-4b9b-b5ea-17b931d2573f,3845506,UEFA Women's Euro,2022,0
79cec949-a921-4521-a2c4-bf4356510fe2,3845506,UEFA Women's Euro,2022,1
98c4d61d-ccd0-44f5-ac9a-073fae6c6a1c,3845506,UEFA Women's Euro,2022,0
1c35418b-ece5-42d7-9023-0eed726cebc7,3845506,UEFA Women's Euro,2022,0
d3c6e27d-b982-4a48-bf3e-871e391f67f3,3845506,UEFA Women's Euro,2022,0
990131ba-56b9-48c0-874e-2af4c14d7da1,3845506,UEFA Women's Euro,2022,0
fb60de7d-4222-43fb-a834-39f0eaef8836,3845506,UEFA Women's Euro,2022,0
cf94df5c-ed9c-4b1e-b989-e1e2e3fa4dca,3845506,UEFA Women's Euro,2022,0
4e5f9e17-3c06-40f5-a76c-aafb62a5751e,3845506,UEFA Women's Euro,2022,1
7e67ed93-637d-4a5d-85db-d23db402c02a,3845506,UEFA Women's Euro,2022,0
683b8c10-185d-4db2-97c8-8723ebb9f237,3845506,UEFA Women's Euro,2022,1
6bd7fa5e-4db8-440b-a7ac-be586bbe387a,3845506,UEFA Women's Euro,2022,0
36113bb8-58c9-4cf7-bfa5-17fcd9cf01b9,3835335,UEFA Women's Euro,2022,0
5372aad0-d865-4fd2-9657-f8af4a11053c,3835335,UEFA Women's Euro,2022,0
2158bbd1-e978-4df1-9bcc-55a83d9e6706,3835335,UEFA Women's Euro,2022,0
54d79def-b43d-4337-b876-a7bdb1db3659,3835335,UEFA Women's Euro,2022,0
ceaabd97-2d65-4f72-a3d5-74a74f71331c,3835335,UEFA Women's Euro,2022,0
1b74622a-1ad5-43d5-81ef-00385e4a4550,3835335,UEFA Women's Euro,2022,0
bc7dabf2-a70a-4959-a2b6-441d52e21226,3835335,UEFA Women's Euro,2022,0
aaed4689-e821-4d22-a23d-7a7f749db19c,3835335,UEFA Women's Euro,2022,0
a95e7ba8-4f9e-418b-b5e2-9315ccd55822,3835335,UEFA Women's Euro,2022,0
57198f8b-f0e6-45e1-93d7-92f1e72ebe0c,3835335,UEFA Women's Euro,2022,0
922096a0-353e-4a85-a567-9e85a06cafe3,3835335,UEFA Women's Euro,2022,0
b17c0229-e0f3-47aa-aab2-1afb03eea9cd,3835335,UEFA Women's Euro,2022,0
78ff0060-1551-4952-8285-dbccd5c4ff95,3835335,UEFA Women's Euro,2022,0
a8c9f1b4-6a15-4eb1-9bfe-c7d88c143d71,3835335,UEFA Women's Euro,2022,0
4b6c85a4-a885-4607-8885-3470593bb88a,3835335,UEFA Women's Euro,2022,0
faa7d842-9380-416c-a6ce-e46398330d86,3835335,UEFA Women's Euro,2022,0
ce820ab4-6858-419f-9db7-19b2a552d13f,3835335,UEFA Women's Euro,2022,1
8d7aa82d-889e-40e5-9ae6-4a2879626121,3835335,UEFA Women's Euro,2022,0
4eabe138-6dff-4936-a047-4954d81b43da,3835335,UEFA Women's Euro,2022,1
6f54e5f5-0f8e-4481-b6a6-980cfb445ace,3835335,UEFA Women's Euro,2022,0
19f5f3c6-152f-40ab-8d4e-5639912114d1,3835335,UEFA Women's Euro,2022,1
adc53e0f-e3b0-42db-8d50-e2dbe3edec1a,3835335,UEFA Women's Euro,2022,1
58c4acb2-030d-4d3a-9ca2-69c09e28696e,3835335,UEFA Women's Euro,2022,0
a103a123-0fd3-4838-987e-feeb422d5074,3835335,UEFA Women's Euro,2022,0
e8ec9921-6f85-450a-b5b7-fdc68631d487,3835335,UEFA Women's Euro,2022,0
58c6e5a0-04f1-4189-901a-07d3c187bf34,3835335,UEFA Women's Euro,2022,0
d9e1760f-1848-482d-9138-9d70b19f8ad0,3835335,UEFA Women's Euro,2022,0
e0a58ad7-eaf5-4006-b676-9dda139bda5f,3835335,UEFA Women's Euro,2022,0
3aebe781-7781-4911-8051-0266a829393c,3835335,UEFA Women's Euro,2022,0
afb8864d-c5ce-4dfd-8f02-c88a862ad78a,3835335,UEFA Women's Euro,2022,0
ae5da5b7-ded5-4dd0-9be6-e49b09be8d3a,3835335,UEFA Women's Euro,2022,0
680ace38-e2f2-46df-985c-b7f6e4a6440f,3835335,UEFA Women's Euro,2022,0
03a2c68f-6ffb-46d0-b337-1b30ea886cbe,3835335,UEFA Women's Euro,2022,0
c6e2d302-0d76-4773-939e-85d60c37bd31,3835323,UEFA Women's Euro,2022,1
5db5b445-2f1f-4e28-8c99-9133ddd97607,3835323,UEFA Women's Euro,2022,1
7c0e2465-71a5-4445-8096-f06a41e361b1,3835323,UEFA Women's Euro,2022,0
b87b68d4-c1a9-4ef6-a900-d58c2534af91,3835323,UEFA Women's Euro,2022,0
be1bcd89-17b1-48f4-a5e3-0ea4a0a59abe,3835323,UEFA Women's Euro,2022,0
3703d298-85fb-4ac3-9e93-786b5394d68f,3835323,UEFA Women's Euro,2022,0
b703f6e0-a11b-477f-bf44-d5a2cd70a53a,3835323,UEFA Women's Euro,2022,0
8189fa3e-69e5-4b5c-9c05-1497ee728186,3835323,UEFA Women's Euro,2022,0
d9c27fad-f872-4507-aad7-5b38a7d319b2,3835323,UEFA Women's Euro,2022,0
0e172b1e-a7b2-4ee3-9048-369104467f06,3835323,UEFA Women's Euro,2022,0
ced6d1be-2911-4e37-8275-131d2811baaa,3835323,UEFA Women's Euro,2022,0
cf44d337-d21c-4fca-b695-74ec69415192,3835323,UEFA Women's Euro,2022,0
578859ed-a715-4bc4-ac7e-a6d6a3ebadc0,3835323,UEFA Women's Euro,2022,1
61cb30d4-2306-435e-96a7-7c48c42b9f8d,3835323,UEFA Women's Euro,2022,0
1d45deb2-68da-498b-b39a-1025dd9f0118,3835323,UEFA Women's Euro,2022,1
bffe86e6-e9fc-4932-8dbe-59621f62e6b2,3835323,UEFA Women's Euro,2022,0
cdc49408-ab6b-4ab2-8ce9-0fed6df5640f,3835323,UEFA Women's Euro,2022,0
6fda16d6-97af-43f9-93f2-b878cc9741dc,3835323,UEFA Women's Euro,2022,0
d50a17ea-b671-4a2f-967a-0a59e64da368,3835323,UEFA Women's Euro,2022,0
7a18f6d0-5c4c-4424-a5a2-bb2f5f71f46d,3835323,UEFA Women's Euro,2022,0
764fe796-d27d-43d4-99fe-cb02c71f50b2,3835323,UEFA Women's Euro,2022,0
def01df8-c1aa-46ea-9fe2-d5e48824e427,3835323,UEFA Women's Euro,2022,0
d64b60da-02a7-4ee4-96bf-f844d15e2ec1,3835323,UEFA Women's Euro,2022,0
a7755a6c-bf61-4814-8e9e-29f67662c002,3835325,UEFA Women's Euro,2022,0
0db1529c-a7f9-49bd-855b-5e5a7d438164,3835325,UEFA Women's Euro,2022,0
0c6057a8-801c-45e1-beda-cc26e402c88e,3835325,UEFA Women's Euro,2022,0
7cf501e2-8385-4551-9fee-0397118548d4,3835325,UEFA Women's Euro,2022,0
9f1b5085-c4ca-4c17-9ed7-d655c6c3d4ad,3835325,UEFA Women's Euro,2022,1
0cb9cf44-8585-4394-8c2b-add7b9a538ce,3835325,UEFA Women's Euro,2022,0
86362af4-1852-4380-af7d-a7e4593cc646,3835325,UEFA Women's Euro,2022,1
59283622-6a42-4467-b3b6-31d59c925c9b,3835325,UEFA Women's Euro,2022,0
eb7c1a47-54a5-41ba-a17b-8a3d98f4270f,3835325,UEFA Women's Euro,2022,0
5b901470-e601-4443-be75-bba3824536d8,3835325,UEFA Women's Euro,2022,0
ad46256e-0dfe-49a9-b000-c9a1fe888d2e,3835325,UEFA Women's Euro,2022,0
a56c5011-dbe3-4cbe-b610-d2b0d4eff883,3835325,UEFA Women's Euro,2022,0
fd0bf2c7-2a59-4b78-8849-2d0e8bd43a43,3835325,UEFA Women's Euro,2022,0
f3bb441b-30b4-4477-b37d-1da8fa1757a8,3835325,UEFA Women's Euro,2022,1
10be764a-668c-41aa-89a9-db3807d613cb,3835325,UEFA Women's Euro,2022,1
490bf1c0-7f29-4d35-a676-748793f607b3,3835325,UEFA Women's Euro,2022,0
5b22747e-6111-46c2-9a41-3c73da028a5d,3835325,UEFA Women's Euro,2022,1
e0f96d47-8437-4dae-8c93-686373986395,3835325,UEFA Women's Euro,2022,0
e8b26485-1195-4370-b452-2a5b47d80f00,3835325,UEFA Women's Euro,2022,0
025b5a2d-dbcb-4e61-b5e0-7e1e5911168d,3835325,UEFA Women's Euro,2022,0
0ba92256-4a79-4217-b6c5-108c11c650bb,3835325,UEFA Women's Euro,2022,1
ef3ec339-cfaf-4375-9669-ee214df7ec2f,3835325,UEFA Women's Euro,2022,0
3934614b-e7c7-49d9-a241-11c82acc1c5a,3835325,UEFA Women's Euro,2022,0
87894403-500e-4b3a-833c-ebc2f58b1502,3835325,UEFA Women's Euro,2022,0
b53a388b-9d9b-4dc3-9e3f-d4a3693a1c5c,3835325,UEFA Women's Euro,2022,0
bd5965e4-8053-4ac6-a1be-6775212d65e4,3835325,UEFA Women's Euro,2022,0
15d892b8-9eaf-4fe2-9948-793883d749e0,3835325,UEFA Women's Euro,2022,0
ffb9d8ce-102a-4b47-a6ea-2545731d192d,3835325,UEFA Women's Euro,2022,0
795db53e-81cd-4b33-b58d-6db529bee706,3835325,UEFA Women's Euro,2022,0
0a58e0b6-a827-4406-acc1-c9b5816c30ff,3835320,UEFA Women's Euro,2022,0
c7082141-2286-4a14-bec5-6dee281df3da,3835320,UEFA Women's Euro,2022,0
a48c95da-38d3-4a62-acfd-10ef6a5985fe,3835320,UEFA Women's Euro,2022,0
b32eba42-786f-4703-8cd4-4ef701ed0f5e,3835320,UEFA Women's Euro,2022,1
3ef2b2cd-fe34-4544-adbe-337acd8353b8,3835320,UEFA Women's Euro,2022,0
3d0887ce-4dd6-4039-91d6-1a58a40411ac,3835320,UEFA Women's Euro,2022,0
05f88940-1ed0-4c51-a6f5-5c224137e46e,3835320,UEFA Women's Euro,2022,1
e68ed402-f407-4ebb-b213-4a7732c42423,3835320,UEFA Women's Euro,2022,0
a38dbe2f-e659-40ed-85db-328b89df4f84,3835320,UEFA Women's Euro,2022,0
e86d9ad7-af3e-4fcb-8c76-229e93a65bee,3835320,UEFA Women's Euro,2022,0
bf6a6953-fafc-4dd4-8a1e-5fdb30f8a3ea,3835320,UEFA Women's Euro,2022,0
955177cc-d054-40f0-8ccf-493a556ff250,3835320,UEFA Women's Euro,2022,0
058f5722-3acc-49a7-9d32-0408b23f5cd1,3835320,UEFA Women's Euro,2022,0
a6de95e2-d67d-4c9f-b1f8-7394804a0a07,3835320,UEFA Women's Euro,2022,0
f3d38823-f776-43eb-aff7-786c16287659,3835320,UEFA Women's Euro,2022,0
3451d589-eacb-46a5-b2fd-55f1060c87f3,3835320,UEFA Women's Euro,2022,0
34466abe-a984-48df-9c9c-8e7a0909bb0c,3835320,UEFA Women's Euro,2022,0
88f08579-c064-4bf0-aade-deb12cda5893,3835320,UEFA Women's Euro,2022,0
8246ee3c-ab6d-4a7c-bdfb-d6d6c866628a,3835320,UEFA Women's Euro,2022,0
214059dd-3b3e-4532-8689-9dd85ea0e8c2,3835320,UEFA Women's Euro,2022,1
f0dd1fc5-4532-4011-ada1-057b6c48edc5,3835320,UEFA Women's Euro,2022,0
ac434618-540a-4c02-a7c4-7466ade2e5f8,3835320,UEFA Women's Euro,2022,0
dfd22006-fe70-4e30-825a-b0fdc7c64ab8,3835320,UEFA Women's Euro,2022,0
3980d50d-fb7e-43a7-82cb-0815135002a0,3835320,UEFA Women's Euro,2022,0
3742be15-4389-467e-b671-bc44c13eb887,3835320,UEFA Women's Euro,2022,0
5b5590a6-546e-4ecb-be0c-788b17f41e95,3835320,UEFA Women's Euro,2022,0
793501b6-fb24-4f49-b617-721bbefb41a8,3845507,UEFA Women's Euro,2022,0
050db6f1-5db7-46e5-894d-00d743307bc9,3845507,UEFA Women's Euro,2022,0
36897094-eee0-4767-9724-baab895b82b3,3845507,UEFA Women's Euro,2022,1
ab20b9d5-ba48-4c68-988b-ab81a295b463,3845507,UEFA Women's Euro,2022,0
4be7a85d-5fcb-437a-881e-bb8c8c9f8809,3845507,UEFA Women's Euro,2022,0
40965dad-b8e6-4a32-a878-12a1aa4a6cb3,3845507,UEFA Women's Euro,2022,0
9e272489-1264-4166-a6c7-3986477a577a,3845507,UEFA Women's Euro,2022,0
018d51a9-62c5-46b1-b55b-831840445827,3845507,UEFA Women's Euro,2022,0
be3302e4-efa0-40fd-87ad-a0743cc2ae4f,3845507,UEFA Women's Euro,2022,0
4761d69c-7f09-4eeb-8480-c75abe80b187,3845507,UEFA Women's Euro,2022,0
2af949c1-7e53-4a62-9504-37f2a7afe732,3845507,UEFA Women's Euro,2022,0
0e904118-2e52-4456-9421-132381b29f9c,3845507,UEFA Women's Euro,2022,0
a3feab29-de75-402d-b25c-ecb612677f6d,3845507,UEFA Women's Euro,2022,0
efc20ba5-be18-4cca-b042-aae4b3219a44,3845507,UEFA Women's Euro,2022,0
7fb1a57c-4e2d-4b06-ad37-aeccf682d4f2,3845507,UEFA Women's Euro,2022,1
37ea6705-a23a-4fba-9332-b9f69df3ce6c,3845507,UEFA Women's Euro,2022,0
7c7069d2-78e6-44c9-9783-48a83f918382,3845507,UEFA Women's Euro,2022,0
1e3f54f8-dd52-4b5e-b5b8-ea64a224695b,3845507,UEFA Women's Euro,2022,0
c42ab3bb-e600-4312-ba78-124107b4dd95,3845507,UEFA Women's Euro,2022,0
47dd7cdb-bf75-4d41-b5a2-37a00a205ac7,3845507,UEFA Women's Euro,2022,0
e4ebc17f-3a35-47fa-a1b3-ca4bd72d6544,3845507,UEFA Women's Euro,2022,0
9791c47e-9084-46b5-83cc-8b244439eb91,3844387,UEFA Women's Euro,2022,0
ead520c8-4a06-456c-961d-bf548110863d,3844387,UEFA Women's Euro,2022,0
a8497f15-9bbb-4b59-af9c-bcb907d9b214,3844387,UEFA Women's Euro,2022,0
6ca8383f-68eb-40d2-b640-31a99917e9bf,3844387,UEFA Women's Euro,2022,0
cc304dbe-94ef-4a26-9ea8-8b3bf41a2bb4,3844387,UEFA Women's Euro,2022,0
d6525ffa-f05d-48a5-8d08-051d20c275bf,3844387,UEFA Women's Euro,2022,0
f3fe388d-67e2-4731-b915-9a9f4b2b9e00,3844387,UEFA Women's Euro,2022,0
d17a79af-1873-4e4e-b22d-1274354a3de3,3844387,UEFA Women's Euro,2022,0
13882dae-9bad-4bb6-ba26-7e0c4e8b08d3,3844387,UEFA Women's Euro,2022,0
50d90e04-5ad7-4ffa-9790-5571020babfc,3844387,UEFA Women's Euro,2022,0
1d56f57a-0573-4907-93c0-a1af6a3a8643,3844387,UEFA Women's Euro,2022,0
2815de3e-c554-467c-bbda-6830c5f01aa4,3844387,UEFA Women's Euro,2022,0
23ccf619-e019-4b15-a952-068a8f771de5,3844387,UEFA Women's Euro,2022,0
63deb3a8-f55f-4643-8815-a56bfcd0a0b4,3844387,UEFA Women's Euro,2022,0
bf46f40e-5937-48e0-939a-cdf3f988292a,3844387,UEFA Women's Euro,2022,0
59537672-099d-46af-8be3-7e9fd84608a4,3844387,UEFA Women's Euro,2022,0
985726e7-4cd4-48b2-91c1-964f4b27310f,3844387,UEFA Women's Euro,2022,0
a97aaf7b-d40c-4bf0-99a6-4ba4359b9215,3844387,UEFA Women's Euro,2022,0
d4772b6b-023a-4e6b-ab02-b07c1bedcca1,3844387,UEFA Women's Euro,2022,0
41e93821-c39d-4ba6-9c46-0cb4a0148771,3844387,UEFA Women's Euro,2022,0
7101b811-8906-4465-ba5c-c376fad572b7,3844387,UEFA Women's Euro,2022,0
dfedb9c0-fc99-4f89-a880-dd716935f38b,3844387,UEFA Women's Euro,2022,0
a82ca828-6259-4740-a70c-f6fe732a3125,3844387,UEFA Women's Euro,2022,0
6cc619c7-8ece-4a58-8904-3d674a44fce0,3844387,UEFA Women's Euro,2022,0
899976da-7257-4c19-95e6-6985bf971835,3844387,UEFA Women's Euro,2022,0
c55ecf9f-26b4-49a8-852b-12b9ab5feaf4,3844387,UEFA Women's Euro,2022,0
fb0216a6-36e6-4e61-a38f-db6b43691ead,3844387,UEFA Women's Euro,2022,0
977fb2f5-95e1-46a9-bfd4-4895d88d097d,3844387,UEFA Women's Euro,2022,0
b7a40c97-1418-48a3-af45-bdf1f7b152f0,3844387,UEFA Women's Euro,2022,0
ac340eb9-906e-4935-b836-83909bdae138,3844387,UEFA Women's Euro,2022,0
a7aee7fc-cc30-49b1-93a3-320194dda77a,3844387,UEFA Women's Euro,2022,0
9636dd5b-0ca7-4629-a6cf-ea461cf066f4,3844387,UEFA Women's Euro,2022,0
78344f6c-d805-43f2-a36e-0267941fd3b2,3844387,UEFA Women's Euro,2022,0
b981310d-d99c-40da-856a-1aa093fdae9f,3844387,UEFA Women's Euro,2022,0
4e95b376-d4d0-4162-a829-a3e9eb1080d3,3844387,UEFA Women's Euro,2022,0
99b1a7c1-f57d-4954-9bca-373c8ab5fcba,3844387,UEFA Women's Euro,2022,0
1de3fd3a-3ea4-44cb-949b-87092738b447,3844387,UEFA Women's Euro,2022,0
17db0dda-ff8a-40a6-be6b-8c7554846073,3844387,UEFA Women's Euro,2022,0
56f3ea3f-de17-4450-945d-6444bf456d95,3844387,UEFA Women's Euro,2022,0
f8abebcf-c180-4a25-90ad-349f500edd72,3844387,UEFA Women's Euro,2022,0
af6975de-4af8-455f-85ed-58f7d56e730c,3844387,UEFA Women's Euro,2022,0
289325ee-d3ea-40d2-a947-8aff830786c8,3844385,UEFA Women's Euro,2022,0
954fa56f-fff9-458d-a6aa-8861ba2e45a3,3844385,UEFA Women's Euro,2022,0
f769a1c7-9f68-47c7-8645-52c4ba234b63,3844385,UEFA Women's Euro,2022,0
eec1c9ff-ee56-43eb-8344-2121d93bf70a,3844385,UEFA Women's Euro,2022,0
5dfa3dc1-10cd-4774-8d57-90421b3642aa,3844385,UEFA Women's Euro,2022,0
f8748a75-a809-4f23-8324-656f3ee2aea3,3844385,UEFA Women's Euro,2022,1
ede72f4f-bdd2-4310-b3ca-701f33e8f9c8,3844385,UEFA Women's Euro,2022,0
6b0cebfb-ca48-4a49-8e97-55672debc5c6,3844385,UEFA Women's Euro,2022,0
7490e770-067b-4699-96ac-f6625c9a73b0,3844385,UEFA Women's Euro,2022,0
1e1375f9-66de-444c-8b5a-9d4c3f274f29,3844385,UEFA Women's Euro,2022,0
b79a4a09-d699-4278-ac9b-c84369893f19,3844385,UEFA Women's Euro,2022,0
73734a79-6810-449a-a222-cb7d4b335564,3844385,UEFA Women's Euro,2022,0
b7d628b8-affc-4af9-8744-31da50708f23,3844385,UEFA Women's Euro,2022,0
84ca433d-8335-4d2e-9dfd-3cb4a22c56a0,3844385,UEFA Women's Euro,2022,0
1b14ee1e-075f-43c2-9e19-a28a9d0a1708,3844385,UEFA Women's Euro,2022,0
5ec81219-a08d-404b-94ec-624666fa104d,3844385,UEFA Women's Euro,2022,0
2c6fdc56-b025-4d9e-8f64-99f3f753cbd6,3844385,UEFA Women's Euro,2022,0
f2f795a1-e7fb-44e9-aa8f-2114649d7130,3844385,UEFA Women's Euro,2022,0
bc2f5ab0-5879-425a-bfc5-2a3f3db8691a,3844385,UEFA Women's Euro,2022,0
ffff7c8f-4866-4d6e-921f-09644bb96585,3844385,UEFA Women's Euro,2022,0
0dc7d69e-bc85-4ca3-ad42-a3e9a2fa58fa,3844385,UEFA Women's Euro,2022,0
753af162-0aaa-4e2c-bcc7-86ec40bd2e30,3844385,UEFA Women's Euro,2022,0
ed42e211-0ecd-408f-8939-f649e3b940e3,3844385,UEFA Women's Euro,2022,0
a9290761-5ced-43d3-a8e9-75423d67f35b,3844385,UEFA Women's Euro,2022,0
99e70509-0da9-4c38-9b58-2e62905bb91b,3844385,UEFA Women's Euro,2022,0
4c589d9c-11c5-42d7-8c93-fa209bda28ae,3844385,UEFA Women's Euro,2022,0
23746eec-26d6-4ab9-8871-6ed7bea983be,3844385,UEFA Women's Euro,2022,0
313f2658-dcaf-40da-989b-4bc9b5a88a2e,3844385,UEFA Women's Euro,2022,0
198e2293-79e1-422c-9ba9-e4962c272071,3844385,UEFA Women's Euro,2022,0
bddafa37-452d-4323-ba6d-bb808443ed05,3844385,UEFA Women's Euro,2022,0
9b5a8293-995f-44e0-a878-c6260a9a7621,3844385,UEFA Women's Euro,2022,0
d51e35c5-2380-4265-bb83-fef34182c18f,3844385,UEFA Women's Euro,2022,1
8cdd14d8-f712-4607-b1f6-d35916e683ae,3844385,UEFA Women's Euro,2022,0
b31943ca-5120-4c7d-a411-2c6445f50e39,3844386,UEFA Women's Euro,2022,0
4276456e-62af-47e3-bb08-c7e72f539735,3844386,UEFA Women's Euro,2022,0
3313ec64-ef51-4352-b7c4-4b650b314882,3844386,UEFA Women's Euro,2022,0
c35e131e-303e-437b-aaf6-20184b2aa4a6,3844386,UEFA Women's Euro,2022,0
e66a3144-ab5f-44eb-b71e-c83735d603f6,3844386,UEFA Women's Euro,2022,0
f848b59b-9ea7-415c-9261-0baa6404fff0,3844386,UEFA Women's Euro,2022,0
f89d5344-d519-48a4-b8c0-c37b642732f3,3844386,UEFA Women's Euro,2022,0
70eaeb36-b185-4e0c-808d-15a5a2670995,3844386,UEFA Women's Euro,2022,0
c51f4e29-5d35-4349-8ed4-100728b3998f,3844386,UEFA Women's Euro,2022,0
46b720b6-7f43-439e-a105-8d2fb2c342a4,3844386,UEFA Women's Euro,2022,0
ed21b968-3189-4998-b955-fd445eae4af4,3844386,UEFA Women's Euro,2022,0
0f1a7af5-37e5-414c-a7db-f3f31ad9b554,3844386,UEFA Women's Euro,2022,0
e8ae467c-8a6b-43a2-bbfe-5a630771b5dc,3844386,UEFA Women's Euro,2022,0
8e352f4e-99fc-48f8-b7a6-25d5f30c76e9,3844386,UEFA Women's Euro,2022,0
ac1f3b17-b336-4a84-8f01-9d38a5597564,3844386,UEFA Women's Euro,2022,0
61338c5a-869b-4918-9556-9709d141da4b,3844386,UEFA Women's Euro,2022,0
7407f39f-28b3-4d1e-9dcb-bb8d009cdbfd,3844386,UEFA Women's Euro,2022,0
65a0b440-d1b1-4d97-9edb-19d0c362a8fd,3844386,UEFA Women's Euro,2022,0
e3d4e9f2-a730-48ef-8bf4-239d4a335dd7,3844386,UEFA Women's Euro,2022,0
a34e21e8-a145-4324-b537-5676ec26e16c,3844386,UEFA Women's Euro,2022,0
0e55f41c-bcab-48c0-abc7-6eef514f51da,3844386,UEFA Women's Euro,2022,0
3ba48248-2b02-4985-a523-96ba53a8218d,3844386,UEFA Women's Euro,2022,0
15fc11c7-6206-444b-a287-c5c764c6b127,3844386,UEFA Women's Euro,2022,0
85520580-c134-479e-afa2-ba97f0065678,3844386,UEFA Women's Euro,2022,0
9e3243c9-5ccf-44aa-a562-7bf99dee673f,3844386,UEFA Women's Euro,2022,0
eef19b8b-5266-4fa4-918b-622c09483461,3844386,UEFA Women's Euro,2022,0
8baf7ddf-804c-4a20-920e-5d2f2f3d7b04,3844386,UEFA Women's Euro,2022,0
37883925-26dc-401c-a8f6-146aa57b84f1,3844386,UEFA Women's Euro,2022,0
2dcc898c-b83a-499f-a3b3-d2ca7e79de33,3844386,UEFA Women's Euro,2022,0
68f478c6-7e09-4637-8851-7520cd5604bc,3844386,UEFA Women's Euro,2022,0
bf54924a-5ff5-4d7c-a966-d0715f4b51d7,3844386,UEFA Women's Euro,2022,0
e4f938c0-49ee-4ce7-9417-d6829c2b8d3f,3844386,UEFA Women's Euro,2022,0
db7f1033-f4dc-4080-a31b-0d0461c89b94,3844386,UEFA Women's Euro,2022,0
571b31a6-6c84-4409-9e99-acc85ade38f6,3844386,UEFA Women's Euro,2022,0
1408fe24-7887-4b50-8311-3e6f67f3a9b3,3844386,UEFA Women's Euro,2022,0
91e162c6-7547-42f3-a6ba-cd2fbc3ae21e,3844386,UEFA Women's Euro,2022,0
b8cbac65-12c8-47fe-95cc-a205bc9ce411,3844386,UEFA Women's Euro,2022,1
2f233f1e-0239-4aea-9f84-eb54f6109b32,3835342,UEFA Women's Euro,2022,0
e5c6c52f-51db-4274-a8b6-92cb8e916ad6,3835342,UEFA Women's Euro,2022,1
884c77d0-672a-44ea-b3fb-5f8965628445,3835342,UEFA Women's Euro,2022,0
2a922730-1723-4134-8bf9-8e7ccf5e69ed,3835342,UEFA Women's Euro,2022,0
0cdedd45-b287-4f91-a34f-919fd2ca4308,3835342,UEFA Women's Euro,2022,0
30177fc4-be3e-4ae8-b8f1-519b58c243e2,3835342,UEFA Women's Euro,2022,0
801bf4fa-ced5-4465-b9c6-7021b8bd49e0,3835342,UEFA Women's Euro,2022,0
0398d84b-844d-4dc1-89fa-00a887f378b1,3835342,UEFA Women's Euro,2022,0
0d4a2452-df87-49cf-b8d0-b2b109d9e487,3835342,UEFA Women's Euro,2022,0
cfe57b2c-aef7-4ee5-bd3d-0e1229533cda,3835342,UEFA Women's Euro,2022,0
d65e1aec-c492-4573-8820-68034129dbdc,3835342,UEFA Women's Euro,2022,0
f6a2bc36-a647-4dbd-9213-ad398f527428,3835342,UEFA Women's Euro,2022,0
055a5dd5-2dc1-4d5c-b5c8-eca110df6b16,3835342,UEFA Women's Euro,2022,0
0c570968-dc09-4888-bf37-38037c2cf384,3835342,UEFA Women's Euro,2022,0
e32cf9b1-6402-43ea-a04d-d762e4c1795a,3835342,UEFA Women's Euro,2022,0
e7220a5a-4d34-412f-b1fd-c584d1948598,3835342,UEFA Women's Euro,2022,0
f168f759-7c2c-428c-8445-e3038f6c5774,3835342,UEFA Women's Euro,2022,0
138fb45f-f46c-4a83-a78f-06a62d22091a,3835342,UEFA Women's Euro,2022,0
8710515b-e7d2-4494-9099-15d0be2d1b73,3835342,UEFA Women's Euro,2022,0
0dbb0e11-9692-47d4-96a8-47516833135b,3835342,UEFA Women's Euro,2022,0
ee948ef5-c862-4568-9da5-5360fa70c8c5,3835342,UEFA Women's Euro,2022,0
f99e0738-957d-4208-9c6d-980d33d4bea3,3835342,UEFA Women's Euro,2022,0
c90eca7b-246a-41d3-8c53-431482bbf0b3,3835342,UEFA Women's Euro,2022,0
e1f200ed-dba3-4e22-b31f-13d6dd7353fc,3835342,UEFA Women's Euro,2022,0
e68d2c88-0d49-4f78-8a4b-b2e8b79f3e8f,3835342,UEFA Women's Euro,2022,0
5c703280-a1cd-499d-8b1c-e4be4d6e8a16,3835337,UEFA Women's Euro,2022,0
d0bb1484-c318-425c-a1ff-7a88783e0118,3835337,UEFA Women's Euro,2022,0
13ee92cf-7b7d-489f-a418-9ae75995236a,3835337,UEFA Women's Euro,2022,0
f343fe99-4912-49cb-bbe4-ab498f0d0936,3835337,UEFA Women's Euro,2022,0
76494769-386b-4d45-85be-6692c9d56e52,3835337,UEFA Women's Euro,2022,0
93b67007-282a-40b0-9b30-35e4df2ce19a,3835337,UEFA Women's Euro,2022,0
6d8af9b9-4424-4952-80e5-fba769bc26c4,3835337,UEFA Women's Euro,2022,0
64e8e209-2d36-4132-b970-3491aefc7414,3835337,UEFA Women's Euro,2022,0
d45f929b-f22b-456b-853f-1c36f5683f36,3835337,UEFA Women's Euro,2022,0
ec89901b-8870-4b39-bea5-53e7bd1021d0,3835337,UEFA Women's Euro,2022,0
312b0292-bae9-4c87-8460-53c7de639f4d,3835337,UEFA Women's Euro,2022,0
ea5d3f56-d99a-4fb4-9be3-3932642ef32a,3835337,UEFA Women's Euro,2022,0
d6e97fa8-8d5b-4d74-bc2c-3fe85fc595c4,3835337,UEFA Women's Euro,2022,0
80c54aa3-b2cd-4a00-82e6-9963f3a6b3bc,3835337,UEFA Women's Euro,2022,0
cd974b94-83aa-47c5-9a2e-7b25239d66f4,3835337,UEFA Women's Euro,2022,0
6e562879-69a7-4dc9-b008-d85655f1198b,3835337,UEFA Women's Euro,2022,0
93d163a3-a1df-44ba-9e0f-f1b818e1a989,3835337,UEFA Women's Euro,2022,0
d4297295-471b-4070-af9f-83ae65d1565a,3835337,UEFA Women's Euro,2022,0
022adcf8-ae35-4e4b-b9fb-e82f193e4873,3835337,UEFA Women's Euro,2022,0
199a128d-e5cc-42df-abf8-d0340003db8d,3835337,UEFA Women's Euro,2022,0
5a1a857c-4cd6-4606-b3a9-c947242007fe,3835337,UEFA Women's Euro,2022,0
5e76c528-19a9-4c29-a745-7a0c8c59927a,3835337,UEFA Women's Euro,2022,0
5adac7da-f040-46e5-9eeb-042194c34413,3835337,UEFA Women's Euro,2022,0
eef2ff0c-4c12-46b5-b963-7e4dd137e591,3835337,UEFA Women's Euro,2022,1
926ffe49-6d18-4d6b-8ca9-8aae1884dc91,3835338,UEFA Women's Euro,2022,0
7a0dd696-32d5-4b82-9e89-e4e1090dc100,3835338,UEFA Women's Euro,2022,0
95e12078-db9b-41dd-9686-04f7bd02efc9,3835338,UEFA Women's Euro,2022,0
24ef4fcc-1314-401f-b745-f46c9a055692,3835338,UEFA Women's Euro,2022,0
bbec7e49-555a-4527-9341-d79f0e25c243,3835338,UEFA Women's Euro,2022,0
fab73121-fe51-437c-bb8e-fc077a44cb5d,3835338,UEFA Women's Euro,2022,0
3eb6a801-b69f-4a2f-8a81-aa25a8466c80,3835338,UEFA Women's Euro,2022,0
cf9fa24f-a1e7-4fb8-8402-ed903bfacbb5,3835338,UEFA Women's Euro,2022,0
87accb30-da82-4fb3-9cd2-4b61e51e23bf,3835338,UEFA Women's Euro,2022,0
b882630b-7dbe-48cf-929e-a1611ca46103,3835338,UEFA Women's Euro,2022,0
ad6027a9-99c1-4b81-be7b-ccf5bf312568,3835338,UEFA Women's Euro,2022,0
9f1c6db3-31e0-43ca-a9a6-b38b6ff8236a,3835338,UEFA Women's Euro,2022,0
a335f27f-9f9a-4ef0-b3a2-b36cd7ab8be1,3835338,UEFA Women's Euro,2022,0
4e406e6e-72d4-45eb-8adc-5ce1ac3778f9,3835338,UEFA Women's Euro,2022,0
aeaed139-627f-469d-8f77-2b7a86e66bdc,3835338,UEFA Women's Euro,2022,0
497f97e4-355f-4cd5-877d-aced3926a42d,3835338,UEFA Women's Euro,2022,0
3c9ba55f-9e1e-44ef-90f0-6d7030588bfa,3835338,UEFA Women's Euro,2022,0
7f7ef759-462a-41d4-99a5-04e0c601d3b1,3835338,UEFA Women's Euro,2022,1
346cbec9-96b5-4968-956a-04a2b5b23740,3835338,UEFA Women's Euro,2022,0
91856a77-e3df-4e86-a933-c806e26ddb8b,3835338,UEFA Women's Euro,2022,0
64f826c4-57c1-4a7f-a878-e3cb92074f76,3835338,UEFA Women's Euro,2022,1
8047f592-7a21-48d0-b62a-38b5169cd0ad,3835338,UEFA Women's Euro,2022,0
64f4efd1-bd75-4725-be09-64c6c966db80,3835338,UEFA Women's Euro,2022,0
cfd79aa5-9441-4531-9065-a6dae9002e7b,3835338,UEFA Women's Euro,2022,0
d1574658-6911-4f9f-958b-0fdf2d60666f,3835338,UEFA Women's Euro,2022,0
164a4b6d-7fc2-4046-811d-5a875df14026,3835338,UEFA Women's Euro,2022,1
c909e9e1-08bf-479f-84b5-9e3ab5d0abd1,3835338,UEFA Women's Euro,2022,0
7274ab5d-13e6-4a05-972a-36321a7112ec,3835338,UEFA Women's Euro,2022,0
8e73077e-f33d-4116-8a5c-e4a0fead6550,3835338,UEFA Women's Euro,2022,0
ccd582b9-4448-47eb-b0a5-654bf2eb7994,3835338,UEFA Women's Euro,2022,0
2b2b9b14-8d47-404d-9627-eeca66975cf3,3835338,UEFA Women's Euro,2022,0
7c762d29-1189-415e-8c09-a46f036f773b,3835338,UEFA Women's Euro,2022,0
cf65def6-03e1-4e9b-b520-6dc95eea55e4,3835330,UEFA Women's Euro,2022,1
7e0751ff-3be8-4566-952f-586dbb2bf32e,3835330,UEFA Women's Euro,2022,0
e69010ae-cc63-40e4-8a90-1a5583ee896a,3835330,UEFA Women's Euro,2022,0
c27a4cc8-bdca-40b4-b2aa-180be61eb65e,3835330,UEFA Women's Euro,2022,0
ba9aaefe-2df9-41ff-a704-61e506897918,3835330,UEFA Women's Euro,2022,0
66389e77-9b8c-480e-87b5-3e3e54cf18e6,3835330,UEFA Women's Euro,2022,0
9957256e-ad71-4b1c-9d5e-2dd70425bc2a,3835330,UEFA Women's Euro,2022,1
3e98f0de-a1b0-46c5-909d-de64360a7206,3835330,UEFA Women's Euro,2022,0
5f50b8f4-3b9f-4480-add2-b363d549a4ec,3835330,UEFA Women's Euro,2022,0
634dd891-7535-4968-bd3b-05b5a8f38838,3835330,UEFA Women's Euro,2022,0
65fecadb-f809-422b-8acb-d31a8f93692f,3835330,UEFA Women's Euro,2022,0
55010772-2477-4e15-ad19-3b901e9f15b2,3835330,UEFA Women's Euro,2022,0
42eedf64-52e6-4535-b90e-2a415cf6eef7,3835330,UEFA Women's Euro,2022,0
0ba47413-1546-4af5-9c0f-ee82213eec96,3835330,UEFA Women's Euro,2022,0
766b7d06-e27a-41e5-8c5e-a34c6585f957,3835330,UEFA Women's Euro,2022,0
236e0967-2ec3-46cf-ad80-db08d56be558,3835330,UEFA Women's Euro,2022,0
50b532f1-aee5-4d9a-ba71-d30fafec5e94,3835330,UEFA Women's Euro,2022,0
10ac129d-afc2-4758-9e1b-0f7bf6c081f7,3835330,UEFA Women's Euro,2022,0
fe403f4a-1cf6-4ae6-941f-715635f81b42,3835330,UEFA Women's Euro,2022,0
e5bc9d78-b45b-4d98-ae2a-412f49ccee13,3835330,UEFA Women's Euro,2022,0
502fe0a6-9c7e-4592-9ed8-ba6dedac48e3,3835329,UEFA Women's Euro,2022,0
7a156250-8704-4f89-b030-34d9afdb669b,3835329,UEFA Women's Euro,2022,0
dd5cf39e-2534-473d-94d0-9cc66b938c24,3835329,UEFA Women's Euro,2022,0
d6ca9d8f-c86d-4953-b1fb-627ff3456830,3835329,UEFA Women's Euro,2022,0
1c9cb33b-d565-4bcc-ba24-4898e03fe223,3835329,UEFA Women's Euro,2022,0
8167bb86-66be-4c0d-a8d4-954c31ecdc19,3835329,UEFA Women's Euro,2022,0
5b9e7756-1bea-46f0-8bd1-4440e8c640be,3835329,UEFA Women's Euro,2022,0
8bb41fde-d008-4416-bcff-00b8dd906e93,3835329,UEFA Women's Euro,2022,0
0bcd09cb-25da-4869-95a0-82981843f278,3835329,UEFA Women's Euro,2022,0
2d930682-4c81-44a2-8ad8-ee2326de39bb,3835329,UEFA Women's Euro,2022,0
e2c57a93-fc92-42a8-b347-e0c6ebf67741,3835329,UEFA Women's Euro,2022,0
66bccdad-c541-4335-b227-e20c1fa57137,3835329,UEFA Women's Euro,2022,0
cd1d9656-f206-4615-85ae-1f8a41aca0bf,3835329,UEFA Women's Euro,2022,0
0d38d775-6ed2-428a-bdf9-619bf8b0e40f,3835329,UEFA Women's Euro,2022,0
04b525c0-e28e-4675-b86c-9b073675556c,3835329,UEFA Women's Euro,2022,0
eaf0f9f2-a3dc-488e-831e-703f42e19599,3835329,UEFA Women's Euro,2022,0
3cc07b39-19e3-4682-b1d3-8d4c83c2e5dc,3835329,UEFA Women's Euro,2022,0
1f3fa48c-8b37-4ede-94b4-0dd1352c1a2c,3835329,UEFA Women's Euro,2022,0
581f1d19-1c9e-4c9e-b7b3-35eb60a22741,3835329,UEFA Women's Euro,2022,0
dbce3c52-7af1-4852-a603-8878a2ebcdc8,3835329,UEFA Women's Euro,2022,0
ad855911-7e5b-49fa-a6e7-41947cd2a9f9,3835329,UEFA Women's Euro,2022,0
3c028373-1527-4838-ac28-27530e9e7db0,3835329,UEFA Women's Euro,2022,0
9cb4ca6f-2eab-43f1-a072-04f339e7aa54,3835329,UEFA Women's Euro,2022,0
0488f9ee-63e1-4bcc-8407-d6620560804f,3835329,UEFA Women's Euro,2022,0
6648c49b-b66f-4896-a7d2-c9605c2fbb1b,3835329,UEFA Women's Euro,2022,1
25598f8f-12c8-4cc8-b1f5-9bc448639e61,3835329,UEFA Women's Euro,2022,0
6d8085bb-c6ba-4bce-b1fd-a9334752db3a,3835329,UEFA Women's Euro,2022,0
2672eeef-9485-4eea-8964-0d4e05e6dcc4,3835329,UEFA Women's Euro,2022,0
d1e8b0ca-ee55-4869-a06a-e356bb7a7830,3835322,UEFA Women's Euro,2022,0
b4384d54-3d0a-4ade-bf2b-ab5715251750,3835322,UEFA Women's Euro,2022,0
02904bcf-7441-4b52-958b-f0b560f4ba24,3835322,UEFA Women's Euro,2022,0
c098e193-9b97-4889-aaca-4a112967857d,3835322,UEFA Women's Euro,2022,0
e4f9513f-82f8-4da9-8812-9c335d5ebebe,3835322,UEFA Women's Euro,2022,0
e35312a0-84cc-4000-b6f9-6c2a61ff81d2,3835322,UEFA Women's Euro,2022,1
e9039662-9f29-4ab7-90e2-92a429c3cb81,3835322,UEFA Women's Euro,2022,0
6607de14-a5d8-4fa7-ac21-d72e5900028c,3835322,UEFA Women's Euro,2022,0
b6a804ed-f1bf-4a14-a03e-e44ad99fa092,3835322,UEFA Women's Euro,2022,0
ea3cd482-f54c-44a5-8f7e-1261b2794eff,3835322,UEFA Women's Euro,2022,0
3ec2fb0f-3dd2-44a7-8f76-59c403c9b226,3835322,UEFA Women's Euro,2022,0
5d5ec39c-2bbc-46e6-ad2e-24b36c3f5719,3835322,UEFA Women's Euro,2022,0
f012aac4-94e6-4280-8767-667cf882b05f,3835322,UEFA Women's Euro,2022,0
fd75ae1a-4906-4c70-bb3f-1b38344e416e,3835322,UEFA Women's Euro,2022,0
4ee9269e-c16e-45f0-b850-db41870a1728,3835322,UEFA Women's Euro,2022,0
5259af43-783c-486b-9825-b535d646036d,3835322,UEFA Women's Euro,2022,1
a2167c83-ab09-419e-bb81-3fa646721e31,3835322,UEFA Women's Euro,2022,0
3e6558f4-d872-4f51-8a57-28b1dd609a1a,3835322,UEFA Women's Euro,2022,0
abe27e15-4955-4fc5-bacf-e26621dc8845,3835322,UEFA Women's Euro,2022,0
42be812e-fc7c-4f78-a24c-21611879f7fc,3835322,UEFA Women's Euro,2022,0
9c353c67-35a6-4c5b-a758-45c3251f1a88,3835322,UEFA Women's Euro,2022,0
7d5d78a3-7dbc-4910-9890-4f59d85f6f3d,3835322,UEFA Women's Euro,2022,0
cf2556d0-0414-4280-a074-4ac88e262400,3835322,UEFA Women's Euro,2022,0
ac784ed2-e7bb-4707-bc34-875fc7921b75,3835322,UEFA Women's Euro,2022,1
28d8f213-8ab9-4daf-9d59-40a174680b85,3835322,UEFA Women's Euro,2022,0
016e4c63-4752-474f-98cd-039e46bb2370,3835322,UEFA Women's Euro,2022,1
ceb04eef-c165-4e8c-bc69-5c84e8b863c2,3835322,UEFA Women's Euro,2022,0
00ccfed0-5280-4b3a-ac84-539e3480f0a3,3835322,UEFA Women's Euro,2022,0
58d2b084-06af-432c-ac7d-6474a58e3788,3835332,UEFA Women's Euro,2022,0
703a7999-c7b7-4eb3-a49b-d9884bba21f7,3835332,UEFA Women's Euro,2022,0
564ac2e0-4383-4f0b-b522-1ec3b404075a,3835332,UEFA Women's Euro,2022,1
452dc6c2-6446-4e5b-9109-bfb9f81a44ef,3835332,UEFA Women's Euro,2022,0
ebfe0c31-0018-4736-85ff-b604674cca1b,3835332,UEFA Women's Euro,2022,0
68629fcb-ff4d-4313-bf17-db32cdf3ee1b,3835332,UEFA Women's Euro,2022,0
5db1514d-5bc3-48f9-bb71-f43e6f9d8a65,3835332,UEFA Women's Euro,2022,0
5a65aedc-95c8-4d39-9c97-8b4c86d2b988,3835332,UEFA Women's Euro,2022,1
03ea7a8c-1039-4ca9-94cb-d1af0b329ac9,3835332,UEFA Women's Euro,2022,0
718c43c5-bcf7-42dc-ab62-09da8a3530f1,3835332,UEFA Women's Euro,2022,0
cd6a30c6-82c5-4dbe-95ec-6085a0945f4f,3835332,UEFA Women's Euro,2022,0
9850ce1e-69ec-4640-9474-41811528c5f4,3835332,UEFA Women's Euro,2022,0
849f1ea3-183e-49ec-bfc2-43fb79ca80aa,3835332,UEFA Women's Euro,2022,0
8e13c4a4-3948-4770-a950-74e99cd7cb28,3835332,UEFA Women's Euro,2022,0
2820e62e-6749-49e2-b9e2-31388402e48d,3835332,UEFA Women's Euro,2022,0
706f4cf6-38b2-4e21-8a39-10a8c59d458e,3835332,UEFA Women's Euro,2022,0
94da09dc-2e71-40ca-a2af-0cb43ab72050,3835332,UEFA Women's Euro,2022,0
9eb1b5f1-a006-487a-a193-df849a75932f,3835332,UEFA Women's Euro,2022,0
beeb1081-50a4-4bac-bc6b-0daa6623f70b,3835332,UEFA Women's Euro,2022,0
3a3a8494-eba1-4756-839a-649407f070a1,3835332,UEFA Women's Euro,2022,1
0c2c527f-e3d9-439a-a9ba-9f4e4a503505,3835332,UEFA Women's Euro,2022,0
33a1f795-e534-4e0e-b13f-765209829f9d,3835332,UEFA Women's Euro,2022,0
cc21907a-a95e-474e-a2eb-88e39affc14d,3835332,UEFA Women's Euro,2022,1
c0374a16-2df4-4ac7-a8bd-7a8f2522e452,3835332,UEFA Women's Euro,2022,0
8620b449-3c27-4af3-8514-41b2ceb1c922,3835332,UEFA Women's Euro,2022,0
1aa08ee1-7783-42e3-b704-42e182856de5,3835332,UEFA Women's Euro,2022,0
c67ea962-e938-4068-bc9b-a0cb6a4067f6,3835327,UEFA Women's Euro,2022,0
20f4dca2-7459-4721-9271-301d843a01c2,3835327,UEFA Women's Euro,2022,1
1a87cfb9-8ec0-4af4-9292-11cc9f295072,3835327,UEFA Women's Euro,2022,0
b3c309ba-2c9d-4b71-ba75-f19a930a4075,3835327,UEFA Women's Euro,2022,0
e99e7c52-699d-44fa-a6a3-9606f2e84c36,3835327,UEFA Women's Euro,2022,0
ca84842a-a55e-4369-b8dc-280a60d34529,3835327,UEFA Women's Euro,2022,1
5220a7de-9816-4044-8fef-579ffea01444,3835327,UEFA Women's Euro,2022,0
3ccbfe55-ef70-4837-803f-4602c94be7dc,3835327,UEFA Women's Euro,2022,0
ab14bd63-8678-48fc-83ae-351b13670e50,3835327,UEFA Women's Euro,2022,0
4d747f90-375c-4014-a58c-c7c8294c7bc2,3835327,UEFA Women's Euro,2022,1
fb440003-6463-44a2-b95d-ae3bec715b66,3835327,UEFA Women's Euro,2022,1
c4613a89-f864-474a-9f25-72e4ed3c3303,3835327,UEFA Women's Euro,2022,0
c6d95551-7968-4d2e-a8a0-acf600962e9b,3835327,UEFA Women's Euro,2022,0
ce5088a0-d853-402d-88b4-2ff673ddf7ec,3835327,UEFA Women's Euro,2022,0
ad8b49fe-65ce-43ef-9129-df821d19294a,3835327,UEFA Women's Euro,2022,1
da9b949e-af73-4d29-9a62-afeb9a277621,3835327,UEFA Women's Euro,2022,0
89c7bcf0-454e-4967-a37b-a7cb50ca567a,3835327,UEFA Women's Euro,2022,0
03f80cf0-fbea-44c0-8ff5-6fd16a41665e,3835327,UEFA Women's Euro,2022,0
4ee6d4df-9bcf-40b7-9a9d-4d80a705765a,3835327,UEFA Women's Euro,2022,0
a61bdadb-6f60-420a-831a-51dea39ddab7,3835327,UEFA Women's Euro,2022,0
8ff96741-87b3-4e1a-bed0-30074485078e,3835327,UEFA Women's Euro,2022,0
4448edfb-63d6-46d9-9899-ed53b5ad5df9,3835327,UEFA Women's Euro,2022,1
9c762b30-5cb7-4263-b430-fed6205ca70a,3835327,UEFA Women's Euro,2022,0
605423e1-c97b-4f09-985e-a8e2a6a8a40b,3835327,UEFA Women's Euro,2022,0
e45ff198-dc62-4524-86b5-251ac6ca2af8,3835327,UEFA Women's Euro,2022,0
67c1c88c-da65-419c-ad96-279a86bec6f1,3835326,UEFA Women's Euro,2022,0
20e81089-d6d6-40d5-8b4a-b69c834be34d,3835326,UEFA Women's Euro,2022,0
ed554d6e-da65-4039-96d6-ff03c51c838b,3835326,UEFA Women's Euro,2022,0
1f6db0c1-20cf-4aef-8287-bdf2329b0f13,3835326,UEFA Women's Euro,2022,0
5e76446b-e2e9-4cec-896f-70eadd9a7b5a,3835326,UEFA Women's Euro,2022,0
8945ae59-58a4-41ac-990d-066e168b22bf,3835326,UEFA Women's Euro,2022,0
b7112af5-8a1b-437c-b94a-826dfdf99c94,3835326,UEFA Women's Euro,2022,0
d3a86ccb-f778-4d28-9fc3-0d3d16240aa7,3835326,UEFA Women's Euro,2022,0
778e8436-6ec7-40e0-9e50-47bdffea28cf,3835326,UEFA Women's Euro,2022,0
f02abdbb-c25e-4b20-a5ae-666152945dfa,3835326,UEFA Women's Euro,2022,1
50ad66d3-419d-434c-a39b-2ee0999d4eea,3835326,UEFA Women's Euro,2022,0
9a679bfe-e65d-47a4-85eb-418df72e7e41,3835326,UEFA Women's Euro,2022,0
24a11850-f36e-49c0-840f-486b6ba51339,3835326,UEFA Women's Euro,2022,0
826dee93-99e2-460d-99e0-a8b88a0fa0e2,3835326,UEFA Women's Euro,2022,0
3c819594-9fcd-43d9-8e1b-c1ec0ee0dee1,3835326,UEFA Women's Euro,2022,0
659173bf-67b5-4f7c-ac6e-7d3a2965ec6a,3835326,UEFA Women's Euro,2022,0
af24a2d8-24be-4134-af5a-c9e5fa8eddb7,3835326,UEFA Women's Euro,2022,0
03c1daca-df0b-44e2-bc58-1db4fc35d7dd,3835326,UEFA Women's Euro,2022,0
210a6c72-c765-4363-a5b5-2d8cfd500e31,3835326,UEFA Women's Euro,2022,0
ed7e27b8-34bd-40f0-b1be-9fefc9d5cb0e,3835326,UEFA Women's Euro,2022,0
a3e97f1d-31db-43ba-a16f-c02233ce0541,3835326,UEFA Women's Euro,2022,0
2904dfcd-eb79-49bd-9587-623695b07be8,3835326,UEFA Women's Euro,2022,0
82cb8c7c-80b5-46e1-8c0d-f7f5a2dbf6a8,3835326,UEFA Women's Euro,2022,0
a7804093-03f8-4d72-886c-aa4c7fd2d285,3835326,UEFA Women's Euro,2022,0
5967b3c2-379b-4431-917e-a99bd57355b2,3835326,UEFA Women's Euro,2022,0
22a71351-728a-47e2-83ab-b6ed6448233e,3835326,UEFA Women's Euro,2022,0
1cc12a70-8ae7-4c04-aeb4-9112fd9b4dca,3835326,UEFA Women's Euro,2022,0
faea66ae-e421-4a8c-83ef-f03f12f961ed,3835326,UEFA Women's Euro,2022,0
5c26cda5-81d4-489c-aa79-117ded9e92b7,3835341,UEFA Women's Euro,2022,0
7116cff4-0612-4add-a741-72049f23d950,3835341,UEFA Women's Euro,2022,0
6ce63601-8c89-4760-aad1-0d2f2702e7b3,3835341,UEFA Women's Euro,2022,0
c4003ec6-39d6-45e4-93d3-e5cef7a7df87,3835341,UEFA Women's Euro,2022,0
1461a935-6e9c-449b-b91c-738822e0509b,3835341,UEFA Women's Euro,2022,0
5ada99eb-7c4c-4de8-941a-1176da9df832,3835341,UEFA Women's Euro,2022,0
d0b2c5e7-d5ae-4de7-89bb-70152723ed12,3835341,UEFA Women's Euro,2022,0
db961e8b-b5a4-41f4-be70-97b18f0f1265,3835341,UEFA Women's Euro,2022,0
99dc1150-bfa0-4ab6-9997-0f31da4b66bf,3835341,UEFA Women's Euro,2022,0
de290e77-52ac-41d4-9d27-2eda52afdefe,3835341,UEFA Women's Euro,2022,0
b3a04274-83e4-4d6f-b023-453d27b31cbf,3835341,UEFA Women's Euro,2022,0
5b38d80c-7672-4415-b523-fb23ed946eec,3835341,UEFA Women's Euro,2022,1
59a77a17-043c-45de-a419-d8ec0399ac97,3835341,UEFA Women's Euro,2022,0
57ccd0f2-e138-412c-9538-0cda04bb81ef,3835341,UEFA Women's Euro,2022,0
ca9f600f-fc0a-441f-a4fc-2fe730ccea2f,3835341,UEFA Women's Euro,2022,0
43efbb9d-dde5-4b8c-99ef-f7d7d8bca41c,3835341,UEFA Women's Euro,2022,0
fc78f290-e48c-46fc-989c-89fcb27be8a3,3835341,UEFA Women's Euro,2022,0
344fb95f-35a6-4f92-9b8e-766da4ffce91,3835341,UEFA Women's Euro,2022,0
2ebaa849-4342-41af-8605-dbd3351c3110,3835341,UEFA Women's Euro,2022,0
76966abc-430a-41bd-8d84-f2da059c3c9e,3835341,UEFA Women's Euro,2022,0
3ceabddd-3357-4724-a235-db93260065a2,3835341,UEFA Women's Euro,2022,0
9b74a997-ee7e-4811-bf98-73f8b5436ab1,3835341,UEFA Women's Euro,2022,0
d586f88e-7605-4cc3-b487-c50b1d2eee79,3835341,UEFA Women's Euro,2022,0
7536b693-6209-4b6f-aea1-c731968643e7,3835341,UEFA Women's Euro,2022,0
5089c72a-44f1-471e-87b3-5c8e7f7cb2d4,3835341,UEFA Women's Euro,2022,0
828358bd-4fcb-48d8-8d37-a80eb9fc670e,3835341,UEFA Women's Euro,2022,0
343b8ff5-24fa-4842-9e48-b12979dc8bf5,3835341,UEFA Women's Euro,2022,0
dff03115-364d-4288-8e6e-6186e9eab556,3835341,UEFA Women's Euro,2022,0
8c2239d6-da10-446e-9bb8-0bd83afe57fb,3835341,UEFA Women's Euro,2022,0
0e6ebe29-4618-408b-929d-67b42b0d23b2,3835340,UEFA Women's Euro,2022,0
ffb7f7ef-6656-4453-817a-00a884183556,3835340,UEFA Women's Euro,2022,0
10716529-b02d-40d8-8cb9-f93978dc690b,3835340,UEFA Women's Euro,2022,0
9587cd92-1367-41c5-8887-1044ddf1ee58,3835340,UEFA Women's Euro,2022,0
90283ef8-5780-4c7e-87d2-d6b0f7271f35,3835340,UEFA Women's Euro,2022,0
f3e02779-5a1e-4d6f-bed1-075f514083ef,3835340,UEFA Women's Euro,2022,1
e927fc81-9d01-43e3-a389-38513e530fa0,3835340,UEFA Women's Euro,2022,0
73596b33-f8a5-409a-8e83-b59ce986cf1c,3835340,UEFA Women's Euro,2022,1
55ce835a-96ae-4565-9203-f98417bfc37b,3835340,UEFA Women's Euro,2022,0
698044e4-15d3-4a11-8abd-dda526e62ccf,3835340,UEFA Women's Euro,2022,0
b6ae7f4d-b696-4298-ae92-390efe91e989,3835340,UEFA Women's Euro,2022,0
33a232ab-7ecf-4a1b-93a8-f401ea242f22,3835340,UEFA Women's Euro,2022,0
47e055dd-3b37-4d0e-ad8c-ebdcaeb3482d,3835340,UEFA Women's Euro,2022,0
538d003e-aeb8-4dc6-bcf7-869639607ab8,3835340,UEFA Women's Euro,2022,0
0d6fb4e1-7ce4-46f6-8348-7a547b58dcd1,3835340,UEFA Women's Euro,2022,0
c22ae548-8183-4e44-b03f-111c7c03a269,3835340,UEFA Women's Euro,2022,0
14dacedf-285a-44e2-b188-d5ab5825c539,3835340,UEFA Women's Euro,2022,0
516ec19b-5516-47fa-9efd-1f3737e597a2,3835340,UEFA Women's Euro,2022,0
0f9baa68-9044-4b51-aae9-107358a80c4a,3835340,UEFA Women's Euro,2022,0
af2ccb85-2fef-423a-b879-badca1cff338,3835340,UEFA Women's Euro,2022,0
77de6666-d281-4dae-90ce-bc4758a6cd50,3835340,UEFA Women's Euro,2022,0
570df8de-f7b8-4cc8-84d2-4f6f1d096154,3835340,UEFA Women's Euro,2022,1
1ca5a435-4d73-4407-bb60-2ccf8db070c4,3835339,UEFA Women's Euro,2022,0
fc3a87a3-e7b5-4f62-b1a5-81ca6f11a21e,3835339,UEFA Women's Euro,2022,0
baf17182-a42b-4279-9542-ef04cfd497f4,3835339,UEFA Women's Euro,2022,0
11815880-a11c-4074-97f6-ba3d187aae21,3835339,UEFA Women's Euro,2022,0
4c81d4c8-8456-45d5-b3ac-0ae4d1d74b94,3835339,UEFA Women's Euro,2022,0
2fccb114-0f44-42d5-9b46-c9e85071ce13,3835339,UEFA Women's Euro,2022,0
f370fd53-7db0-4906-a127-537dbcf388a2,3835339,UEFA Women's Euro,2022,0
e06eaf0e-1428-47e1-9687-138e53e8e3c5,3835339,UEFA Women's Euro,2022,0
90d3bf1f-0d41-4e5a-9968-b2d805007878,3835339,UEFA Women's Euro,2022,0
cae7a95b-c3ea-46bf-bf8d-1d10a4c1dd20,3835339,UEFA Women's Euro,2022,0
284c5aa7-ff0d-4bf2-95f1-44a760f60998,3835339,UEFA Women's Euro,2022,0
b9b4ae7c-106c-46e9-bc1c-7ab82b5eafbd,3835339,UEFA Women's Euro,2022,0
d70cb4f3-fa58-4e99-a789-1b2934e3de13,3835339,UEFA Women's Euro,2022,0
3316476e-b9d3-4a6b-bd69-f63d09646d1f,3835339,UEFA Women's Euro,2022,1
62003f43-a7d8-49d3-8847-c37e4dd4ed06,3835339,UEFA Women's Euro,2022,0
f08de624-c5d3-4f88-a519-91678b97efa0,3835339,UEFA Women's Euro,2022,0
556fe002-ef94-4593-9008-4144b4e91956,3835339,UEFA Women's Euro,2022,0
fc6caef9-8e2e-4f2f-a72e-4b7e19e31b0a,3835339,UEFA Women's Euro,2022,0
76f1657f-7719-4535-bf36-7a0f8a979cb3,3835339,UEFA Women's Euro,2022,0
87e3d741-06c9-454a-a94f-e1b14fb8c8e6,3835339,UEFA Women's Euro,2022,0
d980650d-f2dc-45de-8a5d-59e4b4e687d4,3835339,UEFA Women's Euro,2022,0
be7b6c2e-9d93-4204-92ab-8bf083c5527b,3835339,UEFA Women's Euro,2022,0
77ad88e0-957a-46c4-9a61-fca00886f469,3835339,UEFA Women's Euro,2022,1
00306023-c491-4682-a458-949389d2c96b,3835339,UEFA Women's Euro,2022,0
3c2bee4a-0f55-49de-a4a2-dbc0bef219f8,3835339,UEFA Women's Euro,2022,1
0c810eca-8bd7-43e9-b871-831a04818597,3835339,UEFA Women's Euro,2022,0
f5f73df3-e370-4be0-85e8-69efc5ae3fa7,3835339,UEFA Women's Euro,2022,1
8d3c413c-563f-4c98-ab26-4761ebaf6d23,3835339,UEFA Women's Euro,2022,0
9e7d376d-f37d-4823-a93e-57de6fa2358a,3835339,UEFA Women's Euro,2022,0
03da73c9-d20f-4b28-bf98-b574106c853d,3835336,UEFA Women's Euro,2022,0
ed8e89ae-1082-480f-8c9c-6cdd35115440,3835336,UEFA Women's Euro,2022,0
59dbb7f2-0c37-49f6-a98d-d19e5bc09497,3835336,UEFA Women's Euro,2022,0
a9125e15-36fb-4739-9651-c3087325d919,3835336,UEFA Women's Euro,2022,0
bafb3a11-bbdf-472c-96ac-ece6fb7da991,3835336,UEFA Women's Euro,2022,0
ae69addd-341a-4ba1-beb3-ded3da6ab214,3835336,UEFA Women's Euro,2022,0
0099531f-5cef-453f-aa65-90be9a4c18d7,3835336,UEFA Women's Euro,2022,1
9bbcc0f2-1ffe-4c7c-99a2-bf6812adda15,3835336,UEFA Women's Euro,2022,0
e742c312-e284-4d18-b63e-b462a209421b,3835336,UEFA Women's Euro,2022,0
a3949181-37bc-4151-8c48-ebb759d6f62d,3835336,UEFA Women's Euro,2022,0
3ad2c3b9-182b-431a-977d-e4c21dcadf25,3835336,UEFA Women's Euro,2022,0
a8be311c-d804-422b-a23a-5c986649a45e,3835336,UEFA Women's Euro,2022,0
7630c7ee-0c0b-46c8-9e31-8cc760a6fae3,3835336,UEFA Women's Euro,2022,0
6bb26517-2f55-4958-b3df-46dfcd429db9,3835336,UEFA Women's Euro,2022,0
01affcac-5dba-4709-b5af-7de066890aee,3835336,UEFA Women's Euro,2022,0
b92c091d-9a92-4f1c-b6c7-d866b73a27be,3835336,UEFA Women's Euro,2022,0
5461357f-6dc7-4cff-8926-dcfc9101969d,3835336,UEFA Women's Euro,2022,0
e0bfa002-9ef0-4fd4-b5a1-85d61fa0260a,3835336,UEFA Women's Euro,2022,0
c7a90c70-03d6-4cb4-a0d0-4f55fbcec57d,3835336,UEFA Women's Euro,2022,0
d22ffd5b-0680-4ff1-8124-a54e074a2c9e,3835336,UEFA Women's Euro,2022,0
9b6b06c5-4cd3-472a-a27b-d56f951312e2,3835336,UEFA Women's Euro,2022,0
06e8598a-7bde-41c0-8b85-31c5faeb8971,3835336,UEFA Women's Euro,2022,0
3e9822c8-6ecb-4fa1-a602-a6be101604c6,3835336,UEFA Women's Euro,2022,0
62127591-6dbe-4f64-ae9a-b547f3fb3904,3835336,UEFA Women's Euro,2022,0
f14b07ae-dfc5-415b-82ec-e2abdae50a51,3835336,UEFA Women's Euro,2022,0
e0db8146-fd15-407c-b742-0b1b06b268e4,3835336,UEFA Women's Euro,2022,0
f89e5f42-b300-45e9-a629-51022d6b74ef,3835336,UEFA Women's Euro,2022,0
1fd65d3d-2660-4487-b85d-2c155a1a9da7,3835336,UEFA Women's Euro,2022,0
e3bbf436-e4a3-421e-96fc-ac548d25071f,3835336,UEFA Women's Euro,2022,0
f68db923-df6e-4ae3-9e95-c26dd16f2ad6,3835336,UEFA Women's Euro,2022,0
c9462a75-e8a8-4cd0-ac5c-7d004bd2bd1d,3835334,UEFA Women's Euro,2022,1
2eea834f-96d7-4d6c-90cc-6d1fe30bde83,3835334,UEFA Women's Euro,2022,0
cc942336-2353-4f2b-b8d1-fd20f797a2b3,3835334,UEFA Women's Euro,2022,0
a27b2c38-6f26-4481-b74b-b1bde837611b,3835334,UEFA Women's Euro,2022,0
38b4190f-7588-4350-8aa4-e09fff040e3d,3835334,UEFA Women's Euro,2022,0
10972c22-3ed6-40c6-be8a-6119edea9357,3835334,UEFA Women's Euro,2022,0
749f6340-edee-4b7c-8f85-1932db42bcae,3835334,UEFA Women's Euro,2022,0
4cef829a-f7d5-4319-b5d3-764ebd358884,3835334,UEFA Women's Euro,2022,0
342082c3-29cd-44b1-b2ba-6f07a9b047b7,3835334,UEFA Women's Euro,2022,0
6c608844-0bce-44a2-b7e4-beba7278487e,3835334,UEFA Women's Euro,2022,0
7119cf7d-1213-48f1-b72d-e615c0904358,3835334,UEFA Women's Euro,2022,0
72f234dd-573e-4e64-956b-54765a10283d,3835334,UEFA Women's Euro,2022,0
db0fa7ef-07be-4641-bf60-ec47f3f3ba26,3835334,UEFA Women's Euro,2022,0
73b75cb7-d859-4a51-b7b4-702bbcd16f4a,3835334,UEFA Women's Euro,2022,0
38fa8af4-d098-4f29-8c9b-df7e9ecc2ae8,3835334,UEFA Women's Euro,2022,0
e489ba29-ea64-4e5f-b325-8527d98fb609,3835334,UEFA Women's Euro,2022,0
36dff166-e686-451d-ba35-12f4188a72f8,3835334,UEFA Women's Euro,2022,0
98c98467-7ea4-4080-8416-a8ad2219002f,3835334,UEFA Women's Euro,2022,0
9f18c94f-5222-4ef9-a852-12350f2f7aa7,3835334,UEFA Women's Euro,2022,0
0f417643-9ce6-4e0b-89e9-b0c3564f8f92,3835334,UEFA Women's Euro,2022,1
72c9f70d-a7f6-4f3b-ac15-855d554769b3,3835334,UEFA Women's Euro,2022,0
d090b8f6-ab6a-4288-adbd-4fb6a5e5d67d,3835334,UEFA Women's Euro,2022,0
dc3ae857-bc52-462e-bdd5-9cb9470da6bc,3835334,UEFA Women's Euro,2022,0
96c84cf3-81cb-4cf0-94a2-04bbc4fb1732,3835334,UEFA Women's Euro,2022,0
121902ae-8765-4d40-a97b-e93881acdf0f,3835334,UEFA Women's Euro,2022,0
acff6e97-4c28-4299-90ae-6af7feb8ee15,3835334,UEFA Women's Euro,2022,0
12567915-1356-4380-8394-79bc7664c86c,3835334,UEFA Women's Euro,2022,0
be0e5cfa-9396-4db3-bbb3-30c1f5ce8297,3835334,UEFA Women's Euro,2022,0
64eae094-d93d-4c36-9b02-7e8b89fd2ee9,3835334,UEFA Women's Euro,2022,0
d153b75a-4039-4b98-a104-8bdf0c4cb34a,3835334,UEFA Women's Euro,2022,0
502c370a-fbe0-46f1-a7bc-7117d223f24e,3835334,UEFA Women's Euro,2022,0
ad267fd2-010f-4f21-ba13-43e30d4ec36f,3835328,UEFA Women's Euro,2022,0
78fe5d55-e2ae-4e1b-a2d6-be30c23f8e86,3835328,UEFA Women's Euro,2022,0
404f40f6-9eb4-4dc3-a575-2e826196b009,3835328,UEFA Women's Euro,2022,0
610a2bff-ee4a-4ce7-b6ea-8478d2565200,3835328,UEFA Women's Euro,2022,0
09094fd9-98a4-4cef-b8d7-83ec52c091a6,3835328,UEFA Women's Euro,2022,0
992bebff-9bcc-41c3-99ea-551043b53584,3835328,UEFA Women's Euro,2022,0
e49df330-32db-4312-90bb-fef0e63319cb,3835328,UEFA Women's Euro,2022,1
fb3c0755-99ad-4229-b78d-1d2feedebe71,3835328,UEFA Women's Euro,2022,0
b975b298-6fc1-4b6a-9c4d-5186c937655b,3835328,UEFA Women's Euro,2022,0
18b5e98b-c300-482c-a062-3041092cc85b,3835328,UEFA Women's Euro,2022,0
35a0a05b-ab55-47e8-a14a-947bd66c313e,3835328,UEFA Women's Euro,2022,0
a8262abc-d807-4fe9-bde0-2ebb7a176cdb,3835328,UEFA Women's Euro,2022,0
d4bd4045-8fc3-4179-832f-1fc8a18667ab,3835328,UEFA Women's Euro,2022,0
0dc2ed0e-1eb4-4135-b838-6a993c50336b,3835328,UEFA Women's Euro,2022,0
ade99dbb-b35f-4e11-a6f5-6c357b1c580f,3835328,UEFA Women's Euro,2022,0
8ce01ffd-cb8d-4fe9-b921-8bbe96388675,3835328,UEFA Women's Euro,2022,0
ad50e9f6-dce4-4e50-a37d-d3d000147a13,3835328,UEFA Women's Euro,2022,0
044608b0-7a2c-4fc6-b075-7e737f1d9dca,3835328,UEFA Women's Euro,2022,0
600ab271-8413-47c5-bfa5-785e1996f203,3835328,UEFA Women's Euro,2022,0
787a000a-8167-4ffd-a6bf-7abba4e2b000,3835328,UEFA Women's Euro,2022,1
3130bdfa-66f0-481d-84a3-1db56bdad244,3835328,UEFA Women's Euro,2022,0
e5f3c38d-0c49-4ed7-a933-480e0758bce6,3835328,UEFA Women's Euro,2022,0
8938a5e6-fd30-424d-a16c-ec85bf7cba9c,3835333,UEFA Women's Euro,2022,0
8ab1c637-b4ca-42b1-a0ec-d37dbff7a2df,3835333,UEFA Women's Euro,2022,1
3d90ccd6-97be-4f2d-a438-33783af2effe,3835333,UEFA Women's Euro,2022,0
068ca070-25a3-4c92-8045-5b8d4c8a1574,3835333,UEFA Women's Euro,2022,0
0e21ca4e-f9ff-488f-8d24-cb3f6aeb2ded,3835333,UEFA Women's Euro,2022,0
d2fa8ef2-1cbd-4c68-af0e-eca7aa70c28f,3835333,UEFA Women's Euro,2022,0
f4300d02-f5db-47c4-b8a2-da3a1a9e3ea6,3835333,UEFA Women's Euro,2022,0
3b2d04c9-1717-485f-ac18-7894e3697d0e,3835333,UEFA Women's Euro,2022,0
e0125cc8-7e76-4f59-8e6c-58c509b1265f,3835333,UEFA Women's Euro,2022,0
d08f9298-e72f-4a54-95d6-1a1e8dbc4ff9,3835333,UEFA Women's Euro,2022,0
123d48cd-4b8e-49ca-bed8-4d6eb55f3cf6,3835333,UEFA Women's Euro,2022,0
d8afb44e-c628-437b-8399-4a0ce7ff31de,3835333,UEFA Women's Euro,2022,1
9a487e71-6bff-409a-8a23-3c88f1a47a4b,3835333,UEFA Women's Euro,2022,0
5ea6a0e8-ba5f-4ecb-a045-8000adc0ea09,3835333,UEFA Women's Euro,2022,1
d9e25628-5610-4b97-bd88-b1152fe2f716,3835333,UEFA Women's Euro,2022,0
d22abc7a-e820-4c20-b9d6-e039b6749a7a,3835333,UEFA Women's Euro,2022,0
ed91d7f7-705a-40cd-bb10-53b024063345,3835333,UEFA Women's Euro,2022,0
b64928d0-0eea-4595-b120-0e5c1ce1d722,3835333,UEFA Women's Euro,2022,0
cc24cee9-f17a-42c6-87b0-7c4fca3f1373,3835333,UEFA Women's Euro,2022,0
81d71639-0425-4c6f-b048-8edc36a01560,3835333,UEFA Women's Euro,2022,0
e37aa960-4377-4f19-957c-b8862a834e1f,3835333,UEFA Women's Euro,2022,0
ac24e70c-b7b7-4de1-b116-9156dbdb21b6,3835333,UEFA Women's Euro,2022,0
9499a85e-680c-4021-abde-5b88e0c163ed,3835333,UEFA Women's Euro,2022,0
9a19095d-ea0a-41ab-9ca9-0a567eab4813,3835333,UEFA Women's Euro,2022,0
682f6d52-4478-4e1a-b0ef-ec0d99e67f50,3835333,UEFA Women's Euro,2022,0
ef5826d6-0042-4962-8914-4fca85700759,3835333,UEFA Women's Euro,2022,0
6853f4cf-d985-4eb6-a08e-daf549aa42d9,3835333,UEFA Women's Euro,2022,0
e1f271b4-e331-49ba-bdce-d6677a3e5ab9,3835321,UEFA Women's Euro,2022,1
0eb67641-39d2-42ad-a5fa-8d66d047f5c9,3835321,UEFA Women's Euro,2022,0
2167476a-ab9b-4930-b98f-6a7afdad6bd3,3835321,UEFA Women's Euro,2022,0
add85291-b037-4e39-8106-44bdeedb8727,3835321,UEFA Women's Euro,2022,0
2edf4b54-9d45-47b6-b1c4-5e5f3f23f13c,3835321,UEFA Women's Euro,2022,0
01faf433-ba72-4e1c-a957-56e22ce65ef7,3835321,UEFA Women's Euro,2022,0
17b7faa4-50ba-433d-9ab0-1df669fc04b1,3835321,UEFA Women's Euro,2022,0
2296b50f-508c-4876-b5a2-9e6afa749a57,3835321,UEFA Women's Euro,2022,0
9f2fb5c7-7c65-4a8d-84db-db0b33e4a9e9,3835321,UEFA Women's Euro,2022,0
ca99fe6e-b6eb-44a2-b7a9-938a0da6469d,3835321,UEFA Women's Euro,2022,1
2c6dd46b-4119-484d-a5a2-32cc04cd7a63,3835321,UEFA Women's Euro,2022,0
47c4654b-0d26-444c-8d48-498d0a7be412,3835321,UEFA Women's Euro,2022,0
d3a7dfc7-b50d-4e0a-8327-61624f641019,3835321,UEFA Women's Euro,2022,0
5b6702f5-ccd4-448a-95a6-b0685982310c,3835321,UEFA Women's Euro,2022,0
c67a3c87-5568-41d1-a958-14c2c0528b0b,3835321,UEFA Women's Euro,2022,1
7e361121-c9cd-4fa9-ad40-a32cfaec27b3,3835321,UEFA Women's Euro,2022,0
6586356d-689a-4188-afe6-e87c8e82f400,3835321,UEFA Women's Euro,2022,0
1ec8a974-9c44-47bd-a3ce-d62fb342dec5,3835321,UEFA Women's Euro,2022,0
0b8b0ace-05dc-429b-bd4e-c6c1904e677e,3835321,UEFA Women's Euro,2022,0
af8f6ddd-6170-4beb-9a31-b330a669bc42,3835321,UEFA Women's Euro,2022,0
5a9e58ca-b926-42f1-8f81-3f4d9b40a6a7,3835321,UEFA Women's Euro,2022,0
1c5a2e0f-433d-45dc-8e5d-d570385240fd,3835321,UEFA Women's Euro,2022,0
87197827-72ea-4a16-bd5c-56f1b53ec1f6,3835321,UEFA Women's Euro,2022,0
a47d6d0a-ec97-400c-8348-bbbed10c97f8,3835321,UEFA Women's Euro,2022,0
26cb0de6-4c23-4e79-a578-d9fc1c2dd03e,3835321,UEFA Women's Euro,2022,0
672d2a0a-2796-4130-903e-8548f84fb8aa,3835321,UEFA Women's Euro,2022,0
6dd2cd24-c752-4b7f-8e57-08d048038c91,3835321,UEFA Women's Euro,2022,0
ea30f19f-13fb-40a9-854d-642300087b24,3835321,UEFA Women's Euro,2022,0
9ff5ce6a-dd34-4fe0-84e2-a5fdf1cf9328,3835321,UEFA Women's Euro,2022,0
8d0d5b17-9e3e-4cb0-8376-b4260bccb376,3835321,UEFA Women's Euro,2022,0
e13d189c-3264-4a4b-80f4-ee12497184cc,3835321,UEFA Women's Euro,2022,0
415d8df9-64b4-4fcc-948f-780267e5be7e,3835321,UEFA Women's Euro,2022,0
bf5be7ea-f177-4a8f-a228-bce67fddcdd4,3835321,UEFA Women's Euro,2022,0
4ec7802b-9b97-4bbd-a766-280689b07514,3835321,UEFA Women's Euro,2022,1
fa306533-9f12-4e78-8cd3-57a554fd3a76,3835321,UEFA Women's Euro,2022,0
aef25027-665c-4d8c-87e9-5e9e12ec4d7a,3835321,UEFA Women's Euro,2022,0
5b096207-99a5-4c29-9af4-798ea9787eac,3835321,UEFA Women's Euro,2022,0
8fb28df5-696b-4ead-87bf-461892ac55f4,3835321,UEFA Women's Euro,2022,0
1795da26-33e4-47cc-9db0-01899e3aebb7,3835319,UEFA Women's Euro,2022,0
d6b1006f-66ba-476d-9bf8-1875282d8d29,3835319,UEFA Women's Euro,2022,0
149bf231-29d9-46c6-9572-429ca2fdd07c,3835319,UEFA Women's Euro,2022,0
6a149c22-f42e-4719-9d67-5deea4034de0,3835319,UEFA Women's Euro,2022,1
f7e38309-7f16-4abf-8051-69919a329945,3835319,UEFA Women's Euro,2022,0
aa4c2fae-f9bf-4156-84ac-81992fbc4b71,3835319,UEFA Women's Euro,2022,0
c15d1e9e-29db-46eb-a2f6-76c7d5685328,3835319,UEFA Women's Euro,2022,0
94aadac6-aa3f-4383-8c90-9bf9e7a62eb3,3835319,UEFA Women's Euro,2022,0
d8989c0c-dd1a-4d2e-8860-e47c2d6fdf4e,3835319,UEFA Women's Euro,2022,0
066c1322-ed2d-48a5-a6fb-e4684f94da55,3835319,UEFA Women's Euro,2022,0
78642fda-6b54-412d-8fb1-cf28656ed84e,3835319,UEFA Women's Euro,2022,0
99db66f3-ea0d-415d-bc85-ab28ead0f12f,3835319,UEFA Women's Euro,2022,0
806b9096-e5e0-43be-8c59-a33815620c22,3835319,UEFA Women's Euro,2022,0
16a9e1f0-af57-48ac-ab5a-a1645b553f36,3835319,UEFA Women's Euro,2022,0
aec4b4e8-034f-4876-b746-91a65f4ad7c3,3835319,UEFA Women's Euro,2022,0
46152db1-c722-4667-9e67-d6857a8dcbba,3835319,UEFA Women's Euro,2022,0
3833e0da-d463-4844-aa95-08e237c3bec0,3835319,UEFA Women's Euro,2022,0
5337c000-392c-4e8e-b821-dfc36f86640a,3835319,UEFA Women's Euro,2022,0
69293f8b-dd80-4ded-930e-d68ed24de53c,3835319,UEFA Women's Euro,2022,0
130a5974-16cc-4fd7-80ed-c3a7f4ad039d,3835319,UEFA Women's Euro,2022,0
97a8fd4e-74ee-4102-9b23-c24dccfbabab,3835319,UEFA Women's Euro,2022,0
9125b4cd-0f06-44ed-adfe-c61558e093c8,3835319,UEFA Women's Euro,2022,0
f69c1440-e93f-4648-987d-1c83d4e46166,3835319,UEFA Women's Euro,2022,0
51f8bbc7-d712-4a99-acaf-2d055508d4ba,3835319,UEFA Women's Euro,2022,0
abde5010-ea1c-4688-8787-d3bf9ccac1a5,3835319,UEFA Women's Euro,2022,0
fcc34ae6-3c19-4bd9-b967-d632f684dde7,3904629,Women's World Cup,2023,0
28207cdc-c5f8-49b3-afbd-c408e20d6e19,3904629,Women's World Cup,2023,0
89810b62-3af1-4178-9965-cace0c21c6a3,3904629,Women's World Cup,2023,0
aacb6d9c-c2b9-42e8-8bab-a036feab35bc,3904629,Women's World Cup,2023,0
88f97ac2-9c4e-43a3-9bce-471f146c0777,3904629,Women's World Cup,2023,0
d2e34549-6919-4c35-b64b-d9a7ee2ea25c,3904629,Women's World Cup,2023,0
b5cb55ee-8540-4266-be00-08ad3324bc0d,3904629,Women's World Cup,2023,0
29829db0-fe0a-4298-9474-e30ab72a4e38,3904629,Women's World Cup,2023,0
e78cec12-dd49-42be-8e84-08da4a51e27f,3904629,Women's World Cup,2023,1
b9f332aa-4bb5-4c75-ab75-2a986cfcbebc,3904629,Women's World Cup,2023,0
50bab4fc-ed55-4409-9054-87c5f1b02e7e,3904629,Women's World Cup,2023,0
82f66159-d255-4688-8b03-cf1eb851029b,3904629,Women's World Cup,2023,0
9411ac5b-095c-4304-b9da-00526886e4bc,3904629,Women's World Cup,2023,0
c728a152-77f2-4cc7-b18a-1fcd9814063e,3904629,Women's World Cup,2023,0
17043574-12a6-401a-9291-1eafdb50043f,3904629,Women's World Cup,2023,1
22cc2910-df0e-49dd-ba1b-7e8a5afee92d,3904629,Women's World Cup,2023,0
ebb217e9-ee95-463a-9e90-72a98b424239,3904629,Women's World Cup,2023,0
9b101fab-0d2a-4f0f-b1e1-c18bcdfa70a5,3904629,Women's World Cup,2023,0
aac433d2-9144-44c3-a829-2b5f9a3cc9be,3904629,Women's World Cup,2023,1
ee6c5419-6435-428e-bf32-ee5f1e7b0f69,3904629,Women's World Cup,2023,0
0adcc403-17cf-4e87-9f3f-76c23b494917,3904629,Women's World Cup,2023,0
f6964d5d-e478-4174-bd61-8d8ab7f00101,3904629,Women's World Cup,2023,0
a8606946-dfbe-45c6-a569-9514dbd1a18f,3904629,Women's World Cup,2023,0
0206ce92-c11b-4187-90b4-dac1dbb77dd2,3904629,Women's World Cup,2023,0
e029b86a-9b07-4024-a54f-4f0f335814c1,3904629,Women's World Cup,2023,0
171a3e24-779f-4c97-bee8-c77010c41673,3904629,Women's World Cup,2023,0
e163c334-cf32-4841-95ab-aa1baf8ce41d,3904629,Women's World Cup,2023,1
794cf42d-828c-4b7a-8665-f682fe16572a,3906390,Women's World Cup,2023,0
4d11233b-219f-4526-977f-2247792f6ff7,3906390,Women's World Cup,2023,0
3d1dab89-c383-4479-b09e-6b58053f75ef,3906390,Women's World Cup,2023,0
51072651-8ceb-4af3-b096-b3af9ba5b44d,3906390,Women's World Cup,2023,0
29e307b6-8b66-41f1-ad9b-f28d7e055271,3906390,Women's World Cup,2023,0
a7d3f03e-ae8e-4eb1-a70c-bbd9ce44d8e1,3906390,Women's World Cup,2023,1
e4ffb2b6-6f5f-4c09-862f-3b0a1184ee25,3906390,Women's World Cup,2023,0
e4c2de73-082c-4684-86db-0693bf95f64f,3906390,Women's World Cup,2023,0
9b0cf7d1-86ce-427c-8cee-7934f7742ffe,3906390,Women's World Cup,2023,0
522453c2-0ef4-4b97-94f3-d033200b51ae,3906390,Women's World Cup,2023,0
ebfd65eb-42f0-4ed7-8d1f-9ee3de9dc1ae,3906390,Women's World Cup,2023,0
434573bd-4021-4ffe-a946-50307c9cbfbd,3906390,Women's World Cup,2023,0
75cd1273-415f-49d2-85dc-bf61ba2d9f36,3906390,Women's World Cup,2023,0
fe0c0079-ef00-4473-a384-3269a3627890,3906390,Women's World Cup,2023,0
3f550539-9342-4e7b-95f5-841a493fb478,3906390,Women's World Cup,2023,0
13bfb975-c566-4d4b-8ab9-13f86b171c99,3906390,Women's World Cup,2023,0
eb4229cc-4b57-4f94-9ddb-cc86be1894d4,3906390,Women's World Cup,2023,0
42a6f141-e4a6-4425-b81a-d79729b5cf6b,3906390,Women's World Cup,2023,0
e02d58a5-45f1-4c3e-b5ae-fad12fa4f8ab,3906390,Women's World Cup,2023,0
2096f125-07f0-410b-b187-c285c46db7fe,3906390,Women's World Cup,2023,0
300e4e72-2f54-4123-9d6e-3b57e66d4328,3906390,Women's World Cup,2023,0
4fe602b2-a356-4f0e-a45c-e6a8b5927c10,3906389,Women's World Cup,2023,0
35d45877-5f14-4cc1-aa63-e5604f59400d,3906389,Women's World Cup,2023,0
e6f1ed72-7be5-4223-915d-b576e4ede137,3906389,Women's World Cup,2023,0
422917f2-0896-4472-9ad9-7dc8c944f8b8,3906389,Women's World Cup,2023,0
6a3fe1ef-7f45-4159-b8da-1389ff9b9518,3906389,Women's World Cup,2023,0
4bc91b47-98af-4993-8843-c1c101cc6c0d,3906389,Women's World Cup,2023,0
b7ca1df6-17e6-4d6e-93cc-bde156b64939,3906389,Women's World Cup,2023,0
624a38ce-3db6-4ac9-8774-c3c47d236ac2,3906389,Women's World Cup,2023,0
73290c73-c25f-40c3-8e2c-e5a735d1ab79,3906389,Women's World Cup,2023,0
d4bae42e-034b-4938-bb0c-3c545c473c48,3906389,Women's World Cup,2023,0
387e604b-caed-458b-a1e7-c96c28d1e1bf,3906389,Women's World Cup,2023,0
c7d0e606-29e2-4f11-aac1-229b50588915,3906389,Women's World Cup,2023,0
827792ef-94a4-4acb-bd8e-be0700481a96,3906389,Women's World Cup,2023,0
1cdbe843-40d4-412a-bb5f-a99b086aed77,3906389,Women's World Cup,2023,0
e5e59e86-b66c-4292-8697-4c8fb5c2af04,3906389,Women's World Cup,2023,0
435c0407-8bfb-4aba-8320-52c69ca51554,3906389,Women's World Cup,2023,0
c3b5183d-5182-4473-a491-8c8f70fcd945,3906389,Women's World Cup,2023,1
3ff95b9a-d750-41a3-8cc9-9e9b6b8aff79,3906389,Women's World Cup,2023,0
61bbc92f-326a-43c7-8885-5f95393db759,3906389,Women's World Cup,2023,0
808513b1-56df-442f-b623-f2d5cea10143,3906389,Women's World Cup,2023,0
e14664fd-5b9f-4347-a0ef-f44a8c431fa7,3906389,Women's World Cup,2023,0
640c6f30-1835-4583-a547-eb65ee52fea4,3904628,Women's World Cup,2023,0
d8607a75-87eb-487e-8b05-940cd942c577,3904628,Women's World Cup,2023,0
680cd6a5-6152-4ca9-a4d9-a71b0850e48b,3904628,Women's World Cup,2023,0
89e0b69e-3009-4ba3-b50d-3f82387876b3,3904628,Women's World Cup,2023,0
20f9e20f-b493-42c5-9a8a-83b34e7ec822,3904628,Women's World Cup,2023,0
b0597bd3-3cf7-41f8-a92a-567e4ed8c748,3904628,Women's World Cup,2023,0
54f5ec50-eece-44f3-ae0d-d0cb91f27206,3904628,Women's World Cup,2023,0
8e55c91b-b99a-4ae3-9598-0b511c7de57a,3904628,Women's World Cup,2023,0
0c050407-97e9-4885-ac05-8fc779a32863,3904628,Women's World Cup,2023,0
378dd873-b809-4602-b9bf-582596271f53,3904628,Women's World Cup,2023,0
f3eaefc5-af9a-4996-9b56-1d3eb90b29fb,3904628,Women's World Cup,2023,0
c0708530-6ebd-4236-8446-1cb9ad218ae2,3904628,Women's World Cup,2023,0
6b293f4a-a7f1-45b9-bf6c-97f446a22075,3904628,Women's World Cup,2023,0
d771630f-b7d0-4847-a70a-1ed136be06a7,3904628,Women's World Cup,2023,0
267104a8-641f-412a-8576-3cb6683e1092,3904628,Women's World Cup,2023,1
5eb22ed9-3ddc-4c42-b8e2-c73490c11a67,3904628,Women's World Cup,2023,0
b22b181a-93b1-4de0-9ca5-4fc572a0ddfa,3904628,Women's World Cup,2023,1
c73398c7-4318-4547-a282-c7718c35e8d7,3904628,Women's World Cup,2023,1
3cc8f20d-8188-4ade-a179-e0882ce3d414,3893806,Women's World Cup,2023,0
16a20417-72b6-4b50-a2dc-a3519b303c59,3893806,Women's World Cup,2023,0
ed0f53c9-5a0b-430c-be04-eb319f790f3f,3893806,Women's World Cup,2023,0
b3bde203-317e-4715-b2af-108b6f586a73,3893806,Women's World Cup,2023,1
b09fb716-c0e8-4930-8768-ad5194f90d7f,3893806,Women's World Cup,2023,1
3ca39fb1-b900-4a9f-813b-21a7420d2474,3893806,Women's World Cup,2023,0
e5455c5e-e6f2-40e3-bbbe-8c5bc8d80067,3893806,Women's World Cup,2023,0
fddb6aaa-02e8-4932-aa22-b065adffa6a8,3893806,Women's World Cup,2023,0
89e94da5-a9ba-4b97-958a-b823dcaa3eff,3893806,Women's World Cup,2023,0
3f8867b4-2454-4502-a0a9-ccece87e7053,3893806,Women's World Cup,2023,0
c97cb059-4386-469b-afcd-c4ec58859ae0,3893806,Women's World Cup,2023,0
d32beed1-048b-4411-843d-b3066109ba56,3893806,Women's World Cup,2023,0
8c9bbdea-2d10-40fa-b3c2-890ea1ccfd43,3893806,Women's World Cup,2023,0
c48220f3-fb42-45e5-96ea-0fd299522c25,3893806,Women's World Cup,2023,0
1465727d-18b8-4ee5-8be9-1c7759200538,3893806,Women's World Cup,2023,0
1a02de01-583b-4a62-9003-a799135c6544,3893806,Women's World Cup,2023,0
8d74bd9b-e796-498b-be60-df06f6fbfe4c,3893806,Women's World Cup,2023,0
76b5a70a-3a7e-484b-9745-c8fbcece2029,3893806,Women's World Cup,2023,0
a8dd34c8-3603-48af-a824-5a2924756b26,3893806,Women's World Cup,2023,0
ac8c89ba-19f5-4b8e-ba4c-410686a4353a,3893806,Women's World Cup,2023,1
2031e4e2-14f3-4982-93a5-58a4ea4473b2,3893806,Women's World Cup,2023,0
634caf64-dcc9-466a-b437-87196bde8408,3893806,Women's World Cup,2023,1
bfb2efde-fd0f-4ed1-9f7a-55ec94b661d6,3893806,Women's World Cup,2023,0
f35a2c28-615c-41e7-8449-8090d22da876,3893806,Women's World Cup,2023,0
f6ea55d3-7c20-4a5f-b9d3-afb558d9c29d,3893806,Women's World Cup,2023,0
69e392e5-00b9-4c7d-bedb-6cd2dd14b8f9,3893806,Women's World Cup,2023,0
c3cdc12b-6ef6-4e9b-a1ab-01cf56e8bc2c,3893806,Women's World Cup,2023,0
0482a82f-31aa-4ae3-99f6-af709c6d824c,3893806,Women's World Cup,2023,1
6105e7df-b233-48d5-85f9-c38d8163ee61,3893806,Women's World Cup,2023,0
db60d15e-4aee-4e58-8d5e-d1b79963df93,3893806,Women's World Cup,2023,0
210ae032-3b45-4752-b3f1-b0920bb22b70,3893806,Women's World Cup,2023,0
7c51b56a-3f31-494d-9993-e8c9c8e135ad,3893806,Women's World Cup,2023,0
071c552a-178a-4bec-b7b8-f8f609e80a15,3893801,Women's World Cup,2023,0
153fb5a0-7d0f-4738-8dfe-8906cabad245,3893801,Women's World Cup,2023,0
fabfb9c5-48fc-4e24-af61-b68537233ebd,3893801,Women's World Cup,2023,0
00a3793d-79dd-48ea-adea-2432f2a80fe5,3893801,Women's World Cup,2023,0
45414ca6-3e2a-49cc-999b-9fd7cabf23a0,3893801,Women's World Cup,2023,0
7634030d-035e-4381-9a53-0e7f657a7c99,3893801,Women's World Cup,2023,0
2cea5d92-60d1-457b-adfd-f75ef0649fac,3893801,Women's World Cup,2023,0
b1936bcf-6ad8-498a-81e8-16c0a1d40fcb,3893801,Women's World Cup,2023,1
cee7f1b8-cba2-4be5-a648-fd1f8fc2ffa9,3893801,Women's World Cup,2023,0
19695d47-55bb-49aa-b4d9-34c2864f89cd,3893801,Women's World Cup,2023,0
1f5a983b-772f-478f-8a5d-466eb464f9b5,3893801,Women's World Cup,2023,0
6ebc5ac9-a0a2-4138-9aa4-c5fb38f51be1,3893801,Women's World Cup,2023,0
f6270077-cbb2-4b7e-88a8-7e39c2b03ce5,3893801,Women's World Cup,2023,1
901a7c3b-a84f-45c8-b23c-1755a356c3ab,3893801,Women's World Cup,2023,0
82c13863-a342-4c88-aa55-27ca2b246219,3893801,Women's World Cup,2023,0
aca7edb0-0987-421d-a01d-db4df5194647,3893801,Women's World Cup,2023,1
da36e9c1-5876-4c7e-b1e1-d85c5a5f2d01,3893801,Women's World Cup,2023,0
d6f27307-6f0b-423a-94dc-50ec4540ef67,3893801,Women's World Cup,2023,0
e4380038-5b7a-4b54-8efc-0f00cd802844,3893801,Women's World Cup,2023,0
4da6aa45-87f2-4517-90ef-f6333fd2dfe3,3893801,Women's World Cup,2023,0
d857f824-a40c-4657-a450-95288e23a0a2,3893801,Women's World Cup,2023,0
cdaa8970-a521-45a5-b5bc-159f5f3f8206,3893801,Women's World Cup,2023,0
2a2042df-6096-4f2a-b211-44449abb7fe1,3893801,Women's World Cup,2023,0
9e8da398-5746-4306-912f-43a80caca427,3893801,Women's World Cup,2023,0
7c2fa251-873c-4653-a49b-89eb13c32b9c,3893801,Women's World Cup,2023,0
66f72a72-936e-41a8-8806-cebf32a81c59,3893801,Women's World Cup,2023,0
b59d5c11-754f-4023-8680-339a6b4d2f0b,3893801,Women's World Cup,2023,1
37f40a72-7937-4ba4-bca2-dce386585986,3893801,Women's World Cup,2023,0
f0a673c3-fae6-4ddc-940d-8d6c9a9fb73d,3893801,Women's World Cup,2023,0
ea91590e-d629-4d37-a614-0f8766baba90,3893801,Women's World Cup,2023,0
abb4a91f-7cc5-4aa6-9a03-5792e1304ef9,3893801,Women's World Cup,2023,0
147137d4-01bc-4f52-b80f-94def07539c4,3893801,Women's World Cup,2023,0
8a18eab6-dbe4-4fad-a27e-17d890bf44d9,3893801,Women's World Cup,2023,0
d2fae6e7-6767-4604-a1b2-c72e96c1a9ec,3893801,Women's World Cup,2023,0
e73dbe11-394c-4c32-95a4-ce46108a8314,3893801,Women's World Cup,2023,0
ee52a399-ff7a-40a2-a961-edcc52528b8a,3893801,Women's World Cup,2023,0
11a1ee28-a9eb-48d4-ac0f-2db976b74706,3893801,Women's World Cup,2023,0
be29da99-e697-4ceb-839a-3385a2e83085,3893797,Women's World Cup,2023,0
19813793-5a97-4a8a-9112-2c8db9b0d302,3893797,Women's World Cup,2023,1
5c5104b4-dc3b-4fab-ac01-a98734a7d0e5,3893797,Women's World Cup,2023,0
132c90ea-a607-453c-824b-83b8f71dd3aa,3893797,Women's World Cup,2023,0
87bde53b-ba63-4dda-8048-4e94848161ee,3893797,Women's World Cup,2023,0
6862b67a-dce8-4191-ad6b-8f0b30a84dfa,3893797,Women's World Cup,2023,0
beee2121-59e8-4adc-b2fe-f42e8c2a2ea9,3893797,Women's World Cup,2023,0
98a9e974-6591-40bc-8049-05a44b704c9b,3893797,Women's World Cup,2023,0
522d25f1-f092-427e-87d2-d517c2321e90,3893797,Women's World Cup,2023,0
b8b7aa9d-9afb-4a6c-b7eb-4d9e76556dc8,3893797,Women's World Cup,2023,0
8c605876-ef7d-41d7-be4c-506eb35285d5,3893797,Women's World Cup,2023,0
9ee8cedd-e506-4422-b885-b9bb9e45fcc4,3893797,Women's World Cup,2023,0
75243698-b2ed-43cb-98b5-648ef321a05b,3893797,Women's World Cup,2023,0
18f7161f-1663-43c8-896f-5e9b86afd713,3893797,Women's World Cup,2023,0
d6a015a2-6237-46cb-9b0d-b5deafa1bacf,3893822,Women's World Cup,2023,0
5579b94c-7c81-4b21-96b4-ab63b67732a8,3893822,Women's World Cup,2023,1
152a1ee2-35c3-4134-a24f-b52e225205f4,3893822,Women's World Cup,2023,0
8fc27553-072f-4b04-a744-abe848f97be4,3893822,Women's World Cup,2023,0
c10a608f-fb3f-4ba9-8d65-96507f5e0e1d,3893822,Women's World Cup,2023,1
1633ccb9-6300-4a2c-8f9f-90f1e32e4e00,3893822,Women's World Cup,2023,0
6aad46b4-96fb-4f9c-a0d0-3d670fcb3eac,3893822,Women's World Cup,2023,0
c228fece-67cf-461f-81a7-9a25d6679e47,3893822,Women's World Cup,2023,1
6236e658-f95a-4b7c-8ad7-93561861c4e4,3893822,Women's World Cup,2023,0
243733c7-dcc3-4313-822b-547d85ec8cef,3893822,Women's World Cup,2023,0
cf597297-8b71-4eb7-9913-ffe705500eab,3893822,Women's World Cup,2023,0
f3dc3d85-fd6b-435b-a176-c3a601b70356,3893822,Women's World Cup,2023,0
a5634c6c-06ab-4165-af63-085fd121ff5a,3893822,Women's World Cup,2023,0
9248038c-7d30-40b1-95b8-547fdadb3e69,3893822,Women's World Cup,2023,0
0b3db265-7536-489d-832d-40698efd817c,3893822,Women's World Cup,2023,1
07a7195a-71ad-492c-9c77-4a31e47385b6,3893822,Women's World Cup,2023,0
5f37648e-d20e-437b-932a-0ecd482e4208,3893814,Women's World Cup,2023,0
4a80445e-503e-4c54-bb31-dac854400337,3893814,Women's World Cup,2023,0
a77e1784-8f86-4507-a8e5-a1762dc9fea6,3893814,Women's World Cup,2023,0
080aaf70-5d9d-45ff-b77b-91790bc5c48b,3893814,Women's World Cup,2023,0
29e131d6-2456-435e-b08e-89d675dd5969,3893814,Women's World Cup,2023,0
d2ffed8c-0c3a-4123-915a-e14e5cd156b7,3893814,Women's World Cup,2023,0
d1d40ac3-10b5-4dd0-9f41-ce71b785d1c5,3893814,Women's World Cup,2023,0
ea49ebc0-0703-447e-828c-03599b2729be,3893814,Women's World Cup,2023,0
65f0702d-8059-4c42-90da-9c29839a8b73,3893814,Women's World Cup,2023,0
c757920d-78c8-43f2-8698-d5fe0e3a9844,3893814,Women's World Cup,2023,0
34c5fcb9-f030-4ced-91c2-516c1ab43af5,3893814,Women's World Cup,2023,1
17e7948d-4835-4c58-a965-84cc28e3de9b,3893814,Women's World Cup,2023,0
f4539060-3c20-4882-bbef-a14aac80ade1,3893814,Women's World Cup,2023,1
09c24da0-b3dc-4c5c-b58b-0a63f659f6aa,3893814,Women's World Cup,2023,1
4a526c6e-ab7a-4026-a509-47f07e989552,3893814,Women's World Cup,2023,0
eac32ac1-632b-40bd-bd66-e9c3ec20b15b,3893814,Women's World Cup,2023,0
15570348-e34f-4efe-abd7-5bbb2bcc039f,3893814,Women's World Cup,2023,0
dde5c9c8-5fc8-4482-af8c-f6a9b0439951,3893814,Women's World Cup,2023,0
392ca8fa-351c-463e-bb48-e88236e47320,3893814,Women's World Cup,2023,0
a5f7cf01-fb5d-45af-a87b-66aa5fa49000,3893814,Women's World Cup,2023,0
e843b8de-8409-46f7-9e27-fee3508f771e,3893814,Women's World Cup,2023,1
ccbf1a15-dad3-41d8-8e2b-ea9ada6bae6b,3893814,Women's World Cup,2023,0
2e3dbfcc-3948-4a60-b18e-91531ec9325f,3893814,Women's World Cup,2023,0
47546aec-29bb-4a1a-a2cb-b42e7c0c112b,3893814,Women's World Cup,2023,0
1f09a331-ba13-4642-8fcc-765801e7467b,3893814,Women's World Cup,2023,0
ea26226c-9737-46de-aa21-62c08c6fdef5,3893814,Women's World Cup,2023,0
a7bcc915-846f-4ccc-ae8a-b760dad64f89,3893814,Women's World Cup,2023,0
aa8a01ea-248c-4cf7-b20a-c6a32de01663,3893814,Women's World Cup,2023,0
9dd1bf3f-b0bc-4baa-b3a9-f012d1f46ae9,3893814,Women's World Cup,2023,0
5cc9dda3-9224-4ba4-bb2f-316f1bace10f,3893814,Women's World Cup,2023,0
3990f4ea-ac47-487b-9bd6-e1bc74b6d9d9,3893814,Women's World Cup,2023,0
30d353b0-bda4-4f22-89dc-606b0a9975ee,3893814,Women's World Cup,2023,0
8b76cd32-6df4-473b-8680-74483253c84c,3893814,Women's World Cup,2023,1
0fa5bd14-4203-4f09-a38d-20cc4e055e6d,3893790,Women's World Cup,2023,0
c6d186ac-e04f-4ca6-8f60-8a222131fe46,3893790,Women's World Cup,2023,0
4e2d0787-ebb9-48ce-8b7a-abc9c2b35b02,3893790,Women's World Cup,2023,0
9be33618-d5f7-463b-80d0-d5d5999e26d1,3893790,Women's World Cup,2023,0
727cea22-9fef-4bdc-b8de-3243b4ecac20,3893790,Women's World Cup,2023,0
1eb43804-58f8-49f8-8428-c2b7cc2d204a,3893790,Women's World Cup,2023,0
bb528eaa-f3e9-4905-95c8-c35b4bb042d9,3893790,Women's World Cup,2023,0
052816a9-4164-4ded-b612-a29224f6239c,3893790,Women's World Cup,2023,0
e922f2e6-3f96-4f12-be8d-b78ecdce4c11,3893790,Women's World Cup,2023,0
386f4b58-a52f-4138-948e-ba3f778b277d,3893790,Women's World Cup,2023,0
12096b15-85de-4982-b7d0-057b58673944,3893790,Women's World Cup,2023,0
45ef9d64-4a12-40bf-8d6e-dad3420c9a72,3893790,Women's World Cup,2023,0
d8eca820-c859-4e2d-a2cf-5aaea8fed425,3893790,Women's World Cup,2023,0
9ee4d747-89f7-4b6f-84d5-d004a695434b,3893790,Women's World Cup,2023,0
9ebbf060-2694-4f04-abbe-e2a26078750f,3893790,Women's World Cup,2023,0
69521d78-f0f3-4442-b4ac-69b804726aef,3893790,Women's World Cup,2023,0
75c0bee0-d3ac-435e-be31-dae8aa4aecc0,3893790,Women's World Cup,2023,0
29dcd2ae-c8a9-4671-9509-ad4fa8b34e79,3893790,Women's World Cup,2023,0
e27bae3f-fcf7-4206-856f-bd7804eeb594,3893790,Women's World Cup,2023,0
8365dea7-3ed4-49d7-89ec-ab652c662c21,3893790,Women's World Cup,2023,0
bf4bc3e1-df7b-4a8f-871d-c9c5cb1e667c,3893790,Women's World Cup,2023,0
1140d1cb-cb6a-4459-bdd8-c39d32a27f1a,3893790,Women's World Cup,2023,0
4b6689b9-1e7b-4298-8d25-f1c2a7da97d6,3893790,Women's World Cup,2023,0
d72007a1-5e1e-4fd1-a4c7-acaf11f17a01,3893790,Women's World Cup,2023,0
71804117-d4af-42e5-a51d-db5560e80c26,3901832,Women's World Cup,2023,0
aa5a0712-82f8-4d04-8d66-15303a5a73e2,3901832,Women's World Cup,2023,0
46c86d8b-78e0-4d9b-9275-910fc99cb59b,3901832,Women's World Cup,2023,0
4942885e-fa1b-4eb3-86e9-e1e4ef296d9d,3901832,Women's World Cup,2023,0
19448bab-700c-4057-8c0e-ec0f95293a87,3901832,Women's World Cup,2023,0
b51ecba2-727c-487b-b366-b4eacb183914,3901832,Women's World Cup,2023,0
7abb311b-de9e-4095-b5df-b1c68ce6a20a,3901832,Women's World Cup,2023,0
67df484a-5038-4a47-ae34-3743a5cff9e0,3901832,Women's World Cup,2023,0
08bccaae-65cc-4c38-b3d2-11a41c20a34a,3901832,Women's World Cup,2023,0
69f57ea2-c3d7-4e28-830d-01078ead8951,3901832,Women's World Cup,2023,1
1db33eee-13b8-44ab-8eb5-c778ee021e20,3901832,Women's World Cup,2023,0
f61315d9-924b-4fec-8efd-e35ba1def180,3901832,Women's World Cup,2023,0
7c28a3f5-a583-466f-b3ee-4d6e0f41c7e5,3901832,Women's World Cup,2023,0
d58f30ce-325e-49eb-b07e-a4b4ff2e47f4,3901832,Women's World Cup,2023,0
a1e3ef8a-4554-4ff7-ac87-e5c037f8ff22,3901832,Women's World Cup,2023,0
e84e3d5f-1f83-4891-8260-8260e83d21f9,3901832,Women's World Cup,2023,0
82c60802-6947-4e8d-9c7d-14d0edd52863,3901832,Women's World Cup,2023,0
93f504dd-f7bb-4ddb-90ca-a2f158bd55b5,3902968,Women's World Cup,2023,0
738f4570-1b68-49d2-806f-0b434a95a215,3902968,Women's World Cup,2023,0
15289f11-6ee9-4410-a14e-75ac7bf7a4fd,3902968,Women's World Cup,2023,0
12842850-cdfb-4362-8978-6b1b7d7231ff,3902968,Women's World Cup,2023,0
48a3f2eb-22d6-40fd-85a9-4010c49f98b6,3902968,Women's World Cup,2023,0
0a5697d7-3b69-40f7-a3c3-596d702267f8,3902968,Women's World Cup,2023,0
f9e0fd92-e51e-46da-a519-f26a7a8ba1e5,3902968,Women's World Cup,2023,0
291a3b33-e49a-44b9-99d7-1e6c3c883b1c,3902968,Women's World Cup,2023,0
5526d4d5-2117-4183-bba0-34273608c2b9,3902968,Women's World Cup,2023,0
140da6ab-a607-4fed-a37b-1c799455e372,3902968,Women's World Cup,2023,0
2e432850-25e5-4dd8-9c1c-51e5c740151f,3902968,Women's World Cup,2023,0
45920db1-c2bc-4c20-b040-42dc450586c8,3902968,Women's World Cup,2023,0
ae04b832-274e-4b96-a28f-b2a4cce127e8,3902968,Women's World Cup,2023,0
fd29ecf7-ed9f-45d5-bf90-8af0eab92c34,3902968,Women's World Cup,2023,0
7bec54ce-1437-42d3-980f-25c291c60d65,3902968,Women's World Cup,2023,0
e3bf4a5e-ffcb-47bf-a9e4-96e37c3c61cf,3902968,Women's World Cup,2023,0
e8847b8e-8827-4d67-9fe8-3de3b68ae99c,3902968,Women's World Cup,2023,0
aa1ad16b-46cd-4fa9-a5bb-ca612d6ff952,3902968,Women's World Cup,2023,0
ca452e30-9186-4efb-897c-d84d717493b4,3902968,Women's World Cup,2023,0
61715c06-6b36-46cc-983f-b5935ecc6279,3902968,Women's World Cup,2023,0
aef9023f-bfc1-4b5d-81e5-f9b222f74a82,3902968,Women's World Cup,2023,0
f9e5492b-5747-4de3-978c-507e37330ff0,3902968,Women's World Cup,2023,0
09a02475-5e36-4ff9-960e-bc267d5c4bc8,3902968,Women's World Cup,2023,0
2933977e-8c0a-4beb-bd37-a5a4d515c1ed,3902968,Women's World Cup,2023,0
cc046bc7-5ea5-4b80-9cbc-d521e0a01a30,3902968,Women's World Cup,2023,0
9f8734a0-6120-499d-87a2-49cad0c6cb8e,3902968,Women's World Cup,2023,0
aebc0113-3e66-4fd1-8a80-da872fdc91c7,3902968,Women's World Cup,2023,0
26f79869-7f62-4ee8-bada-e9b351593b7e,3902968,Women's World Cup,2023,0
26f65873-7d58-4225-990c-4a16a0d22893,3902968,Women's World Cup,2023,0
3d5b6bba-5ff5-4d91-a82c-7318600c6bd1,3902968,Women's World Cup,2023,0
294e91a5-930f-4ffd-b000-c6d708a9a85b,3902968,Women's World Cup,2023,0
8aaa46d9-50b4-454c-aa5b-281d1390a94a,3902968,Women's World Cup,2023,0
0d1581c1-4bb5-45f3-ba88-c3a8b7ca9578,3902968,Women's World Cup,2023,0
01e81798-4029-4a04-8358-169f879ed45f,3902968,Women's World Cup,2023,0
160a96ed-19b8-49f9-ac70-39541a1d58c1,3902968,Women's World Cup,2023,0
bcc0e23e-702c-4a06-a342-99c424ea2f9a,3902968,Women's World Cup,2023,0
62cc4e7d-9394-4aa6-9f30-18b7efadf9c1,3902968,Women's World Cup,2023,0
37993d4e-ecef-4184-80ed-9d6f5b8316ac,3902967,Women's World Cup,2023,0
d990f542-db81-4dd1-a73f-ff9ddf52a0f0,3902967,Women's World Cup,2023,0
315cd637-912e-42bf-8272-1ee9194494b6,3902967,Women's World Cup,2023,0
02c363b0-afe6-4a18-8daf-b0925c5ffb0b,3902967,Women's World Cup,2023,0
676fb2a0-45cd-4ec9-87c7-c72d992481a0,3902967,Women's World Cup,2023,0
e08b885f-3255-4639-8ba9-bdf378aa5f09,3902967,Women's World Cup,2023,0
6156a97a-b32e-4026-bb6d-7f9c0e0721e7,3902967,Women's World Cup,2023,0
0ed3f22c-f5d2-47f0-abd8-2c9d824edae4,3902967,Women's World Cup,2023,0
c01331ba-71f1-495a-b17e-69be3d4c9d77,3902967,Women's World Cup,2023,0
6286a7bf-06d2-49b9-9c81-83beef34ceba,3902967,Women's World Cup,2023,1
dd0b2575-312b-47e3-a8ac-f86c7b1978f2,3902967,Women's World Cup,2023,0
55276d6d-065e-4759-94f5-0afcddef6d05,3902967,Women's World Cup,2023,1
238c87f2-d167-4b97-ab73-442aae9f0389,3902967,Women's World Cup,2023,0
97508c86-a245-429b-85b2-4cd31518e1da,3902967,Women's World Cup,2023,0
84cc616f-b793-4ef9-bb29-42289d469820,3902967,Women's World Cup,2023,0
938bb321-3d2e-4b04-887f-1ca01e4d426d,3902967,Women's World Cup,2023,1
f57ee559-9182-4db4-b05e-55fef527f7f2,3902967,Women's World Cup,2023,0
aee5a565-22a4-4a3b-be84-54cd7fc599ed,3902967,Women's World Cup,2023,0
a0fcd622-63df-4d7b-9956-8030377315ea,3902967,Women's World Cup,2023,0
11863a84-c783-4e5b-bf8f-68ae2416adea,3902967,Women's World Cup,2023,0
b662a739-4146-40ef-8831-0bb7cdd72dbd,3902967,Women's World Cup,2023,0
540898f3-9222-4fa5-9a99-1207f3909b43,3902967,Women's World Cup,2023,0
bc3534be-01ba-4d33-b633-322b85cf27c3,3902967,Women's World Cup,2023,0
b6edc8b0-e2ba-405b-a606-1bc46318b38b,3902967,Women's World Cup,2023,0
80c73d7a-e346-49bd-88c6-d33bd5ba55bc,3902967,Women's World Cup,2023,0
9e265786-3fa7-437a-9002-48915e0b0328,3901797,Women's World Cup,2023,0
4cc9e973-6ed6-4ee2-9aa5-c030cef610a9,3901797,Women's World Cup,2023,0
99acad0c-43d8-4647-8b13-6efc3dc58a2e,3901797,Women's World Cup,2023,0
943a3a14-f16d-4bb1-a8ab-ff7f641d1d08,3901797,Women's World Cup,2023,0
17c2de71-2578-4514-a5c3-91eac37b7773,3901797,Women's World Cup,2023,0
ef077f5c-0b87-4a33-a49e-d32ec8a0809e,3901797,Women's World Cup,2023,0
d32239eb-ec26-4d78-bebe-175345462163,3901797,Women's World Cup,2023,0
ec1d6929-e833-46c6-8a98-4b7d89a6c53a,3901797,Women's World Cup,2023,0
6ca74e60-7fbb-4f18-b239-853562842ec8,3901797,Women's World Cup,2023,0
e2b89cf6-1a7e-4796-be93-fa6e08e21923,3901797,Women's World Cup,2023,0
751807da-978c-43d0-9a6d-81e0fabe390e,3901797,Women's World Cup,2023,0
28a208cf-f5bc-4ed5-8d5a-b8bc88638b0b,3901797,Women's World Cup,2023,0
ee941e68-e4a9-44d0-a564-8abacf02d934,3901797,Women's World Cup,2023,0
a72a2cea-6868-4364-8979-58493cde4ce2,3901797,Women's World Cup,2023,0
456d9263-b8cd-463c-8846-00308f9a6557,3901797,Women's World Cup,2023,0
4168cea0-b0f6-47ee-8e6f-9931bfb7c9c1,3901797,Women's World Cup,2023,0
14c2b376-94b1-4825-93c1-b4c0fdd2ceeb,3901797,Women's World Cup,2023,0
d0e08d85-cd5f-47fa-a5b9-6dc347bcadeb,3901797,Women's World Cup,2023,0
1377b00f-8049-4730-9e1f-82a4cee1033c,3901797,Women's World Cup,2023,0
5479bf06-d1bb-4120-9962-46762221d119,3901797,Women's World Cup,2023,0
71b30bf4-720c-4c60-97f2-185447409a8c,3901797,Women's World Cup,2023,0
cd43e106-645c-49e1-98ff-6a9ddba710f4,3901797,Women's World Cup,2023,0
817b26ae-a803-48c2-a80b-0eef33a85925,3901797,Women's World Cup,2023,0
c9cf4ab8-8127-4edf-b4dd-ec5fc330f1ad,3901797,Women's World Cup,2023,0
f62fa372-1b9f-4c05-b372-9268f43fcd1b,3901797,Women's World Cup,2023,0
afa29ac9-b1c6-4f9f-b13b-6fa9ca3e9fa8,3901797,Women's World Cup,2023,0
ae2ccf06-2f67-45a8-af63-064902a21304,3901797,Women's World Cup,2023,0
5040d9e6-35fc-4b8f-9bd6-6d2fb8c1b88e,3901797,Women's World Cup,2023,0
e25cc902-baa7-40b8-be33-0dc11a4601bd,3901797,Women's World Cup,2023,0
889a4ed7-6588-499e-871e-b933abc9f7df,3901797,Women's World Cup,2023,0
f85b31ff-3347-410d-8416-a900136de97c,3901797,Women's World Cup,2023,0
79dcd234-3fa2-48d0-8b0b-96b9e97609c7,3901796,Women's World Cup,2023,0
676cdc13-560b-4616-bae0-afdb6dbac400,3901796,Women's World Cup,2023,0
42bf9e89-5a89-4a28-b72b-1f6dba68954b,3901796,Women's World Cup,2023,0
b14fc1e3-db88-424e-9045-1a76f05af952,3901796,Women's World Cup,2023,1
e660bd7a-e89b-4204-b125-d8586db49fcb,3901796,Women's World Cup,2023,0
1ac22a2b-5b19-49fb-8c21-5a8939ad299e,3901796,Women's World Cup,2023,0
866f80fa-4af6-4620-bc6a-9b3ad6f6b35a,3901796,Women's World Cup,2023,0
6d28b85e-0732-4725-a72e-15f68cdc80f7,3901796,Women's World Cup,2023,0
14b15d5c-4956-4c5d-9f2b-5a24a417d21d,3901796,Women's World Cup,2023,0
d00e4afa-7a39-41d2-a5ab-526b6e30a5f6,3901796,Women's World Cup,2023,0
b049f00a-4e59-4fd3-9ebd-b1471b794edf,3901796,Women's World Cup,2023,0
d21d7876-ff95-4146-b6e4-cfa27289c579,3901796,Women's World Cup,2023,0
27620250-01a6-4d26-9387-adfb8295a2d5,3901796,Women's World Cup,2023,0
caf2d22c-1b7a-467e-a375-a2ae53af4e1f,3901796,Women's World Cup,2023,0
c4643b7f-0ce7-4cbc-b65e-5e7d3dc9110c,3901796,Women's World Cup,2023,0
80b2d015-4434-412e-ac12-f9bd5e10fe08,3901796,Women's World Cup,2023,1
b6fa4f7a-9a70-4ee6-b1f3-8199f519f135,3901796,Women's World Cup,2023,0
66137581-39ad-4363-ac28-b19d6c928a68,3901796,Women's World Cup,2023,0
c8c0a635-d3c3-4cb2-a299-25de678f58d2,3901796,Women's World Cup,2023,0
ae578b03-f0ab-40d3-8334-9de85b30ae43,3901796,Women's World Cup,2023,0
18846f14-f1f1-42a1-bcc4-82e7cc2670b2,3901796,Women's World Cup,2023,0
4250e257-5072-4593-b410-ad54c3e00c23,3901796,Women's World Cup,2023,0
260a94bb-2ca9-4ab3-a0f4-dc83d010f07d,3901796,Women's World Cup,2023,0
88876bf1-4fc3-4a6c-8c7c-645ffb19fcb3,3901796,Women's World Cup,2023,0
2ea15258-9770-4cc9-82c1-3350fca270cd,3902240,Women's World Cup,2023,0
d2c1898e-08b9-4219-993b-97b487718f51,3902240,Women's World Cup,2023,0
ca18ba8a-13ce-4287-aa81-0b02a0e2e4df,3902240,Women's World Cup,2023,0
adfec41f-46d2-464b-bcc0-34536c08fa70,3902240,Women's World Cup,2023,0
7250686d-dbef-4aca-a296-1f48215491f6,3902240,Women's World Cup,2023,0
48860058-ccf6-4f33-a5eb-c695fc468ac9,3902240,Women's World Cup,2023,0
8a8e7d39-ffe2-469a-a478-afeea377acd7,3902240,Women's World Cup,2023,0
68658e61-2a81-4eb3-9c4c-30de28f2a3cd,3902240,Women's World Cup,2023,0
db13e233-f732-4702-b3f3-cce0fda60a08,3902240,Women's World Cup,2023,0
849b7ba6-1350-497a-9966-b91102bb7305,3902240,Women's World Cup,2023,0
c078799b-8b0b-453e-bac8-444c29a9274e,3902240,Women's World Cup,2023,0
6de22a34-a79b-4bba-8533-e400c181d9e0,3902240,Women's World Cup,2023,0
87cee398-8f9f-4dc8-94d7-94a1485b26f7,3902240,Women's World Cup,2023,0
0e97cf2e-cd99-49a2-873d-df68f9eb9f3e,3902240,Women's World Cup,2023,0
0c6389cc-b4c4-434c-ac5c-b08e2066db5c,3902240,Women's World Cup,2023,0
7af6b1e7-b1a5-4f7c-95ba-d842dd978c81,3902240,Women's World Cup,2023,0
131fcaa9-d825-4ea8-b9ba-3777e7b5f7e6,3902240,Women's World Cup,2023,0
b6807c52-18a1-4a6f-bf44-3a01a1e71b07,3902240,Women's World Cup,2023,0
009bf542-c99d-4969-9a80-538cbf55ad1b,3902240,Women's World Cup,2023,0
723925a1-dbde-4898-a8be-bbabe9588e56,3902240,Women's World Cup,2023,1
f24dd6d6-79e6-4954-886e-2c49b0c3a7a4,3902240,Women's World Cup,2023,0
6b03d803-c9d5-4e19-a2df-a3a925626e73,3902240,Women's World Cup,2023,0
00f283f2-9e38-4a17-8044-2072292d27e6,3902240,Women's World Cup,2023,0
d687348f-56a9-43f8-b460-bb88a8210898,3902240,Women's World Cup,2023,0
44d03c79-a159-4368-a7e6-4b6f8b844e72,3902240,Women's World Cup,2023,0
ff67c9ce-22b1-4185-8402-e4a899b1abcf,3902240,Women's World Cup,2023,0
6aea63d7-9a35-4a86-9869-e35f4676bf6d,3902240,Women's World Cup,2023,0
849707ff-4c55-42f3-9925-b920be1f6e9a,3902240,Women's World Cup,2023,0
181d4198-e6aa-489a-b5e1-ee15e212d9ed,3902240,Women's World Cup,2023,0
7aab4341-4058-4d56-95a0-5962738dc6e2,3902240,Women's World Cup,2023,0
4e9448ed-25c8-4538-a023-8829ec229c42,3902240,Women's World Cup,2023,1
5872c272-7ed0-4fc9-93dd-6c8ec9058c8f,3902240,Women's World Cup,2023,0
a12cb514-a36c-411e-8ebb-f11aeb25c92c,3902240,Women's World Cup,2023,0
19f9cb8a-baa3-4300-8bd5-8c87d49354b6,3902240,Women's World Cup,2023,0
efb22252-99fa-407d-a533-360a4cbb5cdd,3902239,Women's World Cup,2023,0
11efbede-3b0c-470d-9ac2-33a7c327b19b,3902239,Women's World Cup,2023,0
e7608730-4018-49ea-bf6c-8f66b503b807,3902239,Women's World Cup,2023,0
39d5c53d-e632-4924-a19d-f2671e3894c3,3902239,Women's World Cup,2023,0
7f1c0303-d02b-4a34-ab72-36d5629454ea,3902239,Women's World Cup,2023,0
8656d224-e6b4-4f95-a2e4-1c90a2f5bf86,3902239,Women's World Cup,2023,0
20edf3e7-6230-4ee7-a41b-fe0cd335dc92,3902239,Women's World Cup,2023,1
3b100cf4-95f4-449a-a66e-36fc828af0da,3902239,Women's World Cup,2023,0
7c96c5df-1c9b-45c9-a0eb-5a6cf97575d8,3902239,Women's World Cup,2023,0
a60aa7af-8a2d-45eb-8694-8da080aeac97,3902239,Women's World Cup,2023,0
ecc8af2b-8a77-4d94-8a26-0faa35c6f37a,3902239,Women's World Cup,2023,0
2716ffed-0d35-48ca-bf0c-c4cc2a7e9ac6,3902239,Women's World Cup,2023,0
825fa583-572f-4340-b863-15aa264cc9f0,3902239,Women's World Cup,2023,0
61e34aea-e005-4190-bf24-74988695964b,3902239,Women's World Cup,2023,0
0f1751cf-7a54-4137-bad4-15ef391961fa,3902239,Women's World Cup,2023,0
8e70b7cf-ee58-40f6-8710-d9921df5c9ab,3902239,Women's World Cup,2023,0
94f4c576-f37c-49b9-a403-a22d860aaa14,3902239,Women's World Cup,2023,0
8e58e593-134c-44fa-95c4-50f70d384aa8,3902239,Women's World Cup,2023,0
ee6e9b12-ce26-4c54-821e-5a1abf7ee3a7,3902239,Women's World Cup,2023,0
b3f89523-fd35-46bc-8718-c63d9c3b8400,3902239,Women's World Cup,2023,1
94a0dd1d-22e7-413b-9454-94243d5a5c11,3902239,Women's World Cup,2023,0
27779e39-85dd-4db5-826a-2aa8259aef9a,3902239,Women's World Cup,2023,0
0a64c48d-afab-4a82-97b6-5a01b9d3ba8b,3902239,Women's World Cup,2023,0
e0793005-14b2-4be4-8b7f-b5bcc479929c,3893808,Women's World Cup,2023,0
67353999-529e-4261-8408-b93bf686e560,3893808,Women's World Cup,2023,0
c23ffc6f-ca06-454a-b504-eb986eed4966,3893808,Women's World Cup,2023,1
964133af-8417-4c7a-9520-4ed77e7b439e,3893808,Women's World Cup,2023,0
3b153865-1499-48ef-a334-2f4071c3179d,3893808,Women's World Cup,2023,0
fa07120d-9840-497d-a4dd-c59d7894b104,3893808,Women's World Cup,2023,0
34466d77-fe62-40bf-a470-ae1c06e4f195,3893808,Women's World Cup,2023,0
5befbdab-7afa-4d45-a94b-18b87854452c,3893808,Women's World Cup,2023,0
d56f64d5-90d4-4dbb-bf09-4c7eef6b3e1e,3893808,Women's World Cup,2023,0
84916402-f262-4667-9fd1-8d8a5c277983,3893808,Women's World Cup,2023,0
ae6c6f6b-74f2-4862-97f4-3297728818de,3893808,Women's World Cup,2023,0
0e913ee4-3e86-4067-94bc-e9326a930b89,3893808,Women's World Cup,2023,1
12d6448e-b75a-4e6e-b94d-32431d63c85c,3893808,Women's World Cup,2023,0
da439acc-a029-4469-b8a4-635cacdf76e4,3893808,Women's World Cup,2023,0
d10f34c8-202e-4ad6-839d-a375d9e0eb4c,3893808,Women's World Cup,2023,0
a5444a07-3823-4198-9f2b-e3ba22203d8c,3893808,Women's World Cup,2023,0
7226e4a0-d780-4582-bdf5-2650661ef8f0,3893808,Women's World Cup,2023,0
dc8880bc-368f-407b-863a-4e52dda216a7,3893808,Women's World Cup,2023,0
77f320b9-44ef-4dac-a92b-46052df00c47,3893808,Women's World Cup,2023,0
78217606-84f7-4ab0-bdb4-4b2ea31a3663,3893808,Women's World Cup,2023,0
3a3bdca5-d77c-4b83-b692-f3c605c3b559,3893808,Women's World Cup,2023,0
edb91eb7-f235-446d-9d6e-12fc7edb7b84,3893808,Women's World Cup,2023,0
4af7205d-78fc-4e99-9552-21a72eb1c05f,3893808,Women's World Cup,2023,0
20000d13-62b2-4f86-af42-9557a9d49d3a,3901833,Women's World Cup,2023,0
d202e6a3-e2bd-431e-ad5c-ce7b40fce67c,3901833,Women's World Cup,2023,0
10850b94-393c-4ae7-a9d1-589f62613a77,3901833,Women's World Cup,2023,1
2b985157-36c0-4d41-8c44-dbc0a9e9f28c,3901833,Women's World Cup,2023,1
ab07e8c7-4298-4fb4-ac07-6b18a5c27a81,3901833,Women's World Cup,2023,1
650fe8b2-3507-44c1-b02e-9f196bccbc13,3901833,Women's World Cup,2023,0
47df1452-27e5-468f-81f1-88601db91e6d,3901833,Women's World Cup,2023,0
eea516e8-c506-4780-8822-acc422e489c9,3901833,Women's World Cup,2023,0
729a9c5e-ce06-4523-86f9-295579df1d5f,3901833,Women's World Cup,2023,0
fe0edabf-ea41-4ccf-83da-38895bbd74c2,3901833,Women's World Cup,2023,0
18a8e35b-1242-4993-9e7c-4bfffa03d147,3901833,Women's World Cup,2023,0
ff21c76a-18ef-4c82-9303-322634136bc1,3901833,Women's World Cup,2023,0
4ab974d6-2d90-4e33-bbf0-e243e45cad41,3901833,Women's World Cup,2023,0
85e4de9e-57b6-49a9-b085-4099f251442d,3901833,Women's World Cup,2023,1
e12e6cd2-a251-4132-88df-cd47abdf5ed0,3901833,Women's World Cup,2023,0
400dc40b-15f8-459c-ad41-98941a0cb944,3901833,Women's World Cup,2023,0
7b6e386c-b0d5-4767-a4da-2810d6dd1ecf,3893826,Women's World Cup,2023,0
e0d3738b-f6df-4abc-958c-9761b5ef418e,3893826,Women's World Cup,2023,0
59a4124c-6846-4c60-a0d0-496262ff2c19,3893826,Women's World Cup,2023,0
917aa9eb-78af-430e-b464-95874faf6ce1,3893826,Women's World Cup,2023,0
b9460ff1-558a-4c80-a0e6-1880501d2526,3893826,Women's World Cup,2023,0
1643ecf6-6ac0-49b4-9167-811183206343,3893826,Women's World Cup,2023,0
65ce1a60-1a1b-4420-bb1f-ad51b5ee5183,3893826,Women's World Cup,2023,0
037fe4ca-c670-4204-b136-9b35d91427dc,3893826,Women's World Cup,2023,0
39064031-5d58-478c-898a-d98b7041e72f,3893826,Women's World Cup,2023,0
f505db29-d4f0-480d-9ec6-451e39e6de14,3893826,Women's World Cup,2023,0
14ce15cb-df8c-4172-bb2a-cde25e484677,3893826,Women's World Cup,2023,0
db9dbe35-a3ec-45cc-9a7f-7c9c533c71b3,3893826,Women's World Cup,2023,0
974d1b3a-42ef-4063-ad6d-68710aa984c9,3893826,Women's World Cup,2023,0
3b10957d-ab0c-47ba-8535-50598981adb0,3893826,Women's World Cup,2023,0
fa57c972-fea8-4593-9289-bea6d502ab98,3893826,Women's World Cup,2023,0
bb8764c3-fee7-4476-a125-1e3e240b1a2e,3893826,Women's World Cup,2023,0
08e5b73e-de4a-410b-9c7f-822467c7d564,3893826,Women's World Cup,2023,0
de0bc3ab-ad5e-4a43-a120-55b55eb5c62c,3893826,Women's World Cup,2023,0
843efc71-e30a-43ea-b38f-0e1dec386991,3893826,Women's World Cup,2023,0
92445a83-1009-45b0-9e3c-bd3316c2b4d4,3893826,Women's World Cup,2023,0
a1927920-7d5c-4b76-8932-b6487913ec61,3893826,Women's World Cup,2023,0
ad665bfd-0f55-4527-89de-03622c7b246e,3893826,Women's World Cup,2023,0
91b6998a-1155-4f48-b848-f6a722881e89,3893826,Women's World Cup,2023,0
f658f415-5be5-4453-a7c1-877686bec909,3901736,Women's World Cup,2023,0
01744b44-8426-4a9e-a30a-6fb1391035e5,3901736,Women's World Cup,2023,0
a392f91e-2f4f-4f46-8c55-026803b68400,3901736,Women's World Cup,2023,0
a47cd897-64a9-4d47-9d87-ea52814c2a15,3901736,Women's World Cup,2023,0
b14e445d-2d84-43c0-85c0-b3e1ebc8497d,3901736,Women's World Cup,2023,1
6fb3b85c-b801-4f5d-9ace-0bf7bebb6816,3901736,Women's World Cup,2023,0
3f1c4a48-eb5a-4c71-befc-01d448fd8a9d,3901736,Women's World Cup,2023,0
0f39864b-ac76-4a8c-915f-0518e0860405,3901736,Women's World Cup,2023,0
df628963-3cc0-4d00-8165-8aa38219575b,3901736,Women's World Cup,2023,0
7f34ac77-b4f9-4e77-a9e1-d56d07cbdc1b,3901736,Women's World Cup,2023,0
a36a2e8e-4286-4665-b9b2-3a063fda37fe,3901736,Women's World Cup,2023,0
79c8567a-3e11-44bf-82ea-aec49cc19b09,3901736,Women's World Cup,2023,1
254e77d1-41ab-4a0e-9510-e793436f31d2,3901736,Women's World Cup,2023,0
3e56c69a-80e3-47fc-a385-16c7561bafb4,3901736,Women's World Cup,2023,0
40716bf9-afd1-494a-8146-2412a5d0078c,3901736,Women's World Cup,2023,0
d824af57-e247-427c-99e2-ad36cdbeacd6,3901736,Women's World Cup,2023,0
010c2f4a-2801-4582-8aa8-d56f06f5aa03,3901736,Women's World Cup,2023,0
18053c33-319b-463c-a9f9-7d559305a188,3901736,Women's World Cup,2023,0
11452f12-9616-41d9-a693-e1dba32f9518,3901736,Women's World Cup,2023,0
c8910ff7-6b89-408d-84e1-ca50ede92cf5,3901736,Women's World Cup,2023,0
462623fe-8c03-435c-bc48-2142f6e5ec41,3901736,Women's World Cup,2023,0
1fbe3f48-9634-4144-950e-1dc2a93bd423,3901736,Women's World Cup,2023,0
d1702563-830d-44e0-960e-471f1ad3bc84,3901736,Women's World Cup,2023,0
b5f2a6ce-2a60-4ed0-a8fe-5c5bca119091,3901735,Women's World Cup,2023,0
6977e22b-6c76-40f6-a786-fb5dc5f0be87,3901735,Women's World Cup,2023,0
987c832f-446a-46d8-8757-41c2b1f75032,3901735,Women's World Cup,2023,0
c40464cc-3ed2-4d45-9d90-c340df2b1a67,3901735,Women's World Cup,2023,0
23054c9e-0a2e-4085-bfff-1902496b47e0,3901735,Women's World Cup,2023,0
979d4d77-91f6-41d4-9250-5a89bcdd880b,3901735,Women's World Cup,2023,0
ea8abf50-03c2-4616-bb6f-4aa9111ce678,3901735,Women's World Cup,2023,0
fb555443-3850-4e4c-864f-ed82b654a84b,3901735,Women's World Cup,2023,0
c3e86df0-9a3a-4dfb-ab34-1e3ad0a4fda5,3901735,Women's World Cup,2023,0
346ad958-c59f-42b8-8f50-bbaf7593ab22,3901735,Women's World Cup,2023,0
1ef00c17-590b-4f9a-be45-fac8037eeb14,3901735,Women's World Cup,2023,0
3ee603fc-cf86-4a92-8134-07725d3c97e3,3901735,Women's World Cup,2023,0
d7ed62f6-a45d-4a96-b366-ed2114c44c37,3901735,Women's World Cup,2023,0
ae0d8db3-dcdf-4a89-9344-dd0a43f94d9d,3901735,Women's World Cup,2023,0
cd5af9fb-62c7-4a1c-a7c3-1e4cd188c0b1,3901735,Women's World Cup,2023,0
e9a7c5eb-1fbf-4f82-880e-80407f40b52a,3901735,Women's World Cup,2023,0
4572993e-0644-487e-96ef-0616aef8e764,3901735,Women's World Cup,2023,0
f747a74e-9ed0-4ef6-81b7-7548b43b6524,3901735,Women's World Cup,2023,0
9ddf9a8f-e224-4f49-9d16-70c1345b593d,3901735,Women's World Cup,2023,0
e9e1cec2-73a4-46dd-a3aa-c8f6df72b581,3901735,Women's World Cup,2023,0
c90f22fe-6b96-4d9c-ad90-bc4ffabdf999,3901735,Women's World Cup,2023,0
a4be35ee-7724-4988-8d77-369c2f552116,3901735,Women's World Cup,2023,0
16932a5c-c5e0-401e-852f-9fe7de6bfc72,3901735,Women's World Cup,2023,0
a4ee8b32-f1dd-4941-9f70-bbf67d33159a,3901735,Women's World Cup,2023,0
141e185c-8a0d-4386-8ac6-81e5420fecb7,3901735,Women's World Cup,2023,0
efa1d98a-b39e-4d31-9c46-1a63cb281352,3901735,Women's World Cup,2023,0
0c51231c-6871-4d6c-a4eb-d437b1ee9b8c,3901735,Women's World Cup,2023,0
82e64ac9-17d2-477b-851d-fe933bed6ac1,3901735,Women's World Cup,2023,0
90f2d096-218e-44ca-ab30-fd336e9d075d,3901735,Women's World Cup,2023,0
443bc9dd-145c-4524-b958-7be059114c89,3901735,Women's World Cup,2023,0
cf76ec0b-60ed-46b5-a4b2-ff3b052bc479,3901735,Women's World Cup,2023,0
f26d93e9-2bf4-4487-a2a0-7c6ad651a65a,3901734,Women's World Cup,2023,0
b83fd223-9a27-4ec8-b488-e3aeb9d39396,3901734,Women's World Cup,2023,0
f8f219c5-3bb7-4557-8dab-f324c6b2a0fe,3901734,Women's World Cup,2023,0
ba34a16b-9eb4-4f5a-8dee-2f355560043c,3901734,Women's World Cup,2023,0
5fc6c2fe-118c-4963-aa30-7727fb1972da,3901734,Women's World Cup,2023,1
ec1bd89d-808e-43ff-9735-259e8927e54e,3901734,Women's World Cup,2023,0
3ad4c346-0509-410d-87d4-96151d1d748b,3901734,Women's World Cup,2023,0
d949d83c-f1ff-47e2-8d53-1e086c319648,3901734,Women's World Cup,2023,0
e0c1d003-3646-4105-96ad-c68e7b0e02ae,3901734,Women's World Cup,2023,0
a6415d0e-9eeb-4397-993a-f7beec04b589,3901734,Women's World Cup,2023,0
6f103689-cb3c-425e-90c7-f0a110126a4c,3901734,Women's World Cup,2023,0
47622383-60e3-41b7-9f5b-e264ce345a68,3901734,Women's World Cup,2023,0
3c870224-ff3f-48f0-8e19-22cc657e333f,3901734,Women's World Cup,2023,1
4e0d7d19-0d5d-4c81-b216-558fe9089315,3901734,Women's World Cup,2023,0
b5993ee0-b0ad-4f87-9d41-63902370f36c,3901734,Women's World Cup,2023,0
f026d233-01c2-43d1-9a94-a0f9d78d609f,3901734,Women's World Cup,2023,0
edc9bba4-e147-49f6-8e0f-b1900a336609,3901734,Women's World Cup,2023,0
e1479450-5b94-4805-9717-ed06279f8957,3901734,Women's World Cup,2023,1
04496f5d-bbde-4b26-9a66-645bcaf0e45b,3901734,Women's World Cup,2023,0
3625dc06-053e-47c5-a2a8-6134835d4e13,3901734,Women's World Cup,2023,0
031c67f7-6c51-4c19-8148-5578e6790559,3901734,Women's World Cup,2023,0
4100b195-3a8a-41a4-b3a7-bd4f897bfb5e,3901734,Women's World Cup,2023,0
86f44083-c107-48d4-af51-c891e6aa1cba,3901734,Women's World Cup,2023,0
68060356-5962-4183-b80c-59616cfa1e81,3901734,Women's World Cup,2023,0
f16486fb-c460-4c3e-a857-4ac4bf32bd98,3901734,Women's World Cup,2023,0
e849ec0d-81c4-45b2-a843-011b7cbc6a21,3901733,Women's World Cup,2023,0
81605345-e440-4577-b79c-0995efc2a5ee,3901733,Women's World Cup,2023,0
9a68f8fa-575c-4681-aec7-9a5b502a1822,3901733,Women's World Cup,2023,0
8baebb74-9794-4a48-9c30-d59c9c68a81f,3901733,Women's World Cup,2023,1
e32dfe4e-3f61-451c-96fa-b82a227efb16,3901733,Women's World Cup,2023,0
442d9c2b-ad43-4054-aae3-ccdd48783878,3901733,Women's World Cup,2023,0
1e8c51e3-1597-439f-a137-c699c75f5429,3901733,Women's World Cup,2023,0
78d6653d-a7f4-4f2a-869d-725de43bdbd2,3901733,Women's World Cup,2023,0
e249c7a7-9c2e-484c-a78d-a09f18355a00,3901733,Women's World Cup,2023,1
75f11db1-fcbb-42c6-8803-357bd8bbb137,3901733,Women's World Cup,2023,0
a19ea384-f264-434d-90d5-604b9e4fb50b,3901733,Women's World Cup,2023,0
845911d8-41cb-45af-aa51-acbd51c10c82,3901733,Women's World Cup,2023,0
15053b1b-d148-4914-b33f-3d95c2455ef2,3901733,Women's World Cup,2023,0
0c7fcdce-c51f-4e5c-a94f-82a777b49c71,3901733,Women's World Cup,2023,1
21f1eb8a-f6f8-4417-aee4-8e2165678298,3901733,Women's World Cup,2023,0
674cb746-8c4f-4847-909e-9d75e4113fca,3901733,Women's World Cup,2023,0
b100393b-5465-4ad6-b48e-c18638e77864,3901733,Women's World Cup,2023,0
b8db87cc-d9e6-414f-a446-2e35d09f3a8e,3901733,Women's World Cup,2023,1
47da6db2-9914-490c-9f16-2461bc4992b0,3901733,Women's World Cup,2023,0
953a6645-fbcd-4db3-b09a-13320eca748b,3901733,Women's World Cup,2023,0
d8c65c78-76c3-4ef4-b4ca-d163b2fdcc19,3901733,Women's World Cup,2023,0
0298a4f6-e510-410a-a6b1-d2aa9b60c0c5,3901733,Women's World Cup,2023,0
ad649db6-dabc-44f5-9546-e105b7f57efa,3901733,Women's World Cup,2023,0
48cc2192-5c4d-4700-85a3-1a377af1a8f2,3901733,Women's World Cup,2023,1
4ce26046-7e96-42e8-abaa-63f3286a8fd7,3901733,Women's World Cup,2023,0
5c6048d9-4249-4bbc-afac-9e6f16dd2815,3901733,Women's World Cup,2023,0
ad857390-2d68-463e-a6c0-43723eb9873f,3901733,Women's World Cup,2023,0
9eb6114a-2eb7-4d4f-911a-6c498fed0a48,3893823,Women's World Cup,2023,1
ba1c2007-9623-422b-8e07-5208858270b2,3893823,Women's World Cup,2023,0
d52f940d-95b0-432a-89e1-a859d69fbb43,3893823,Women's World Cup,2023,0
7ff61237-940c-4ec2-ba9e-e1ddf036f41e,3893823,Women's World Cup,2023,0
ee9a8402-d1c5-48fe-9caa-8fc38e64cd48,3893823,Women's World Cup,2023,0
c0427e69-6aef-443e-9340-c2dd6adf8278,3893823,Women's World Cup,2023,0
b108ae5a-2bc2-493d-8454-04679b41b039,3893823,Women's World Cup,2023,0
0f239251-8f23-4c11-8f9e-4ada10195651,3893823,Women's World Cup,2023,0
92397a90-2014-4fc4-bb23-c457fb639668,3893823,Women's World Cup,2023,0
7c64de1e-202f-4211-8115-eb5411134333,3893823,Women's World Cup,2023,0
876e08af-607c-4683-9e2f-05ff1663bc67,3893823,Women's World Cup,2023,0
ddabe901-2d1d-43c1-8b14-c477d666d359,3893823,Women's World Cup,2023,0
db185c6e-74b6-436d-9720-9c4da1517f3e,3893823,Women's World Cup,2023,1
11b56350-2adb-42bd-b76f-56e2dcce100f,3893823,Women's World Cup,2023,0
d0519bb4-e721-40bd-b4ef-7f72b5759cff,3893823,Women's World Cup,2023,0
91f665c1-81dc-4849-b089-d376b21c652a,3893823,Women's World Cup,2023,0
310afea3-7006-454a-b161-d3266b332db8,3893823,Women's World Cup,2023,0
28b7e50a-c2b4-4701-adfa-f59c1b24610d,3893823,Women's World Cup,2023,0
59c56ba4-3726-4d0d-8d32-0a7e0bd2c6a3,3893823,Women's World Cup,2023,0
fc0831ec-fa91-45f3-93ec-0a7ba8cb5f52,3893823,Women's World Cup,2023,0
826422b3-0abc-436a-9e48-2089c6ac8336,3893823,Women's World Cup,2023,0
fd018d0f-0690-4183-b597-a4db9679ef6d,3893823,Women's World Cup,2023,0
7fd2b5bb-92b8-41dc-9963-9d5a49f17ed4,3893823,Women's World Cup,2023,0
73d4f7db-6b9c-4c77-95c2-20e09377b904,3893823,Women's World Cup,2023,0
8eae27fa-1469-49d5-88ad-346c5ea156a7,3893823,Women's World Cup,2023,0
3438a43a-e306-4e3b-bbf0-29d28e2f37f8,3893823,Women's World Cup,2023,1
cefc0410-aa37-4d21-be22-6e6cfbf5ce64,3893823,Women's World Cup,2023,0
ed03a4d9-6477-4b34-a5c9-32c792280b33,3893823,Women's World Cup,2023,0
496d9f37-8354-4a07-b3ae-bcf4ab700cb0,3893823,Women's World Cup,2023,0
cc55f073-eeb8-436b-a00f-0c9c18915d4d,3893811,Women's World Cup,2023,1
4361c316-ea2f-4b38-8dfe-ee5a1af48753,3893811,Women's World Cup,2023,0
f50e53ee-5825-4ef5-9204-d41cba159e4e,3893811,Women's World Cup,2023,0
c1e9034e-f217-4637-a489-a56e0c6dca58,3893811,Women's World Cup,2023,0
1c9d6231-54d8-4fca-8b48-c02a04ba847b,3893811,Women's World Cup,2023,0
d63cb6de-e8b3-40b4-bcfa-f09f0d7c24ec,3893811,Women's World Cup,2023,0
9e3038d7-0b5e-4ba9-a9ab-bbee9003575c,3893811,Women's World Cup,2023,0
fae0fbc2-b2d3-4987-852b-daf7e682a844,3893811,Women's World Cup,2023,0
88b4061f-47ef-4f30-a85a-e2e8390f6c5a,3893811,Women's World Cup,2023,0
5a50a2c0-e9a1-455d-927f-29b01c1c284f,3893811,Women's World Cup,2023,0
5cfb3231-d2fd-4431-8c36-90455fd0e3a5,3893811,Women's World Cup,2023,0
4dad4524-4a2f-49c9-95bb-9c29f92e6f31,3893811,Women's World Cup,2023,0
fba94f9a-175d-45b5-8479-6bf47ed6ca88,3893811,Women's World Cup,2023,0
e45aabd4-22dd-4382-904f-8380abee115d,3893811,Women's World Cup,2023,0
ad923ca8-514b-4c39-bf07-c6b223d66e28,3893811,Women's World Cup,2023,0
c27779f6-94b1-4209-a3ac-52283ce7d3c1,3893811,Women's World Cup,2023,0
a38560e3-4b4b-48c0-bdb7-1fbc2bbafba2,3893811,Women's World Cup,2023,0
270e77a3-3b76-4a05-b7ec-c98ee80fc1bc,3893811,Women's World Cup,2023,0
f4132202-2a35-4f08-8321-82f1fe89f2c6,3893812,Women's World Cup,2023,0
48c22a27-b8c9-4a9f-80b3-5c94524ccd6b,3893812,Women's World Cup,2023,0
7781ddbe-0c5f-4e5a-a2b9-ae1decd07b1a,3893812,Women's World Cup,2023,0
59f8c7fe-21c8-478b-a0f6-773891eba067,3893812,Women's World Cup,2023,0
512d0ce4-1247-4d21-b0d8-49eec05ef9ac,3893812,Women's World Cup,2023,1
4960ad6b-6d07-4a1d-9010-db515223f3d8,3893812,Women's World Cup,2023,0
c9ad7d67-ccd7-487b-b5fd-d58bd96b7581,3893812,Women's World Cup,2023,0
c5a97d73-f9c4-410c-94e3-730faca3b93a,3893812,Women's World Cup,2023,0
a9509135-b837-4440-a3cd-4cfeaabe31f1,3893812,Women's World Cup,2023,0
df02d834-15d2-44af-8101-0c8e36745560,3893812,Women's World Cup,2023,0
df4cd557-629e-4745-ad80-8f649a89aef8,3893812,Women's World Cup,2023,0
ff4e55a7-59d5-40dc-bcd0-23f9f4fac418,3893812,Women's World Cup,2023,0
069df57a-b3b3-4de1-8d11-9ad61480f873,3893812,Women's World Cup,2023,0
75be1617-8061-4957-8021-c28795702fd7,3893812,Women's World Cup,2023,0
a15e6db0-cd51-4c65-9ea2-61404616aa4c,3893812,Women's World Cup,2023,0
7878c57f-5e7b-4fb5-8281-2bf3f8559919,3893812,Women's World Cup,2023,0
00d1c37a-738d-411f-b108-298fe8bbf1ee,3893812,Women's World Cup,2023,0
5b5794fe-25d7-452d-8cf4-5c289906c15a,3893812,Women's World Cup,2023,0
9670a332-4528-4be0-8c37-f74cff58733f,3893812,Women's World Cup,2023,0
6caa1e10-b656-4587-b376-961bbf19bd24,3893812,Women's World Cup,2023,1
f23c059f-af57-4672-9854-59f061b0b249,3893812,Women's World Cup,2023,0
9e377ec9-6079-4a33-a3e7-8ebad702bb4f,3893812,Women's World Cup,2023,1
76c756e0-feda-465a-ad87-04654d5cf717,3893812,Women's World Cup,2023,0
e92f880a-2d07-48fa-9c34-b3ec6d337c29,3893812,Women's World Cup,2023,1
33a9592b-c5c0-442d-818f-fdce1747b18c,3893812,Women's World Cup,2023,0
7ad84e88-88f2-418a-8780-64fcd128618e,3893813,Women's World Cup,2023,0
81f3bfde-e25f-4e15-b509-08414d59fc66,3893813,Women's World Cup,2023,0
60559204-0b4e-4eb2-9978-291044885ca7,3893813,Women's World Cup,2023,0
f7a5e699-92c7-4d02-a326-c57121420d71,3893813,Women's World Cup,2023,0
963d3d26-53d9-4bfb-aa8e-8dc1f84cba34,3893813,Women's World Cup,2023,0
8db7d2e6-7fd6-4544-927d-925ea4986a4b,3893813,Women's World Cup,2023,0
032e942b-357d-45c3-b084-22c0a25f7084,3893813,Women's World Cup,2023,0
623a464f-770c-4da9-866c-9d97f25ffaeb,3893813,Women's World Cup,2023,0
2fd91d20-ebc4-4c14-86f6-5913074c42a6,3893813,Women's World Cup,2023,0
4def202a-6b9f-4363-8a12-133c0d35723b,3893813,Women's World Cup,2023,0
23e103b1-8ea7-40c6-8455-6b5f2bbd9ba0,3893813,Women's World Cup,2023,0
24cfc03d-88b1-4871-bb19-1e19a057ba99,3893813,Women's World Cup,2023,0
26895e8f-fd74-43b2-89df-1199ae17ee53,3893813,Women's World Cup,2023,0
2e2fbd47-c4ab-4104-8e16-f229e45ddc8a,3893810,Women's World Cup,2023,0
7226f9f7-ab09-4dd7-bf3a-eab5b3135eb9,3893810,Women's World Cup,2023,0
bca5466e-6e13-49b5-aefa-9b070cfbaad9,3893810,Women's World Cup,2023,0
68ae5432-4aea-4b86-b315-3e7d6793932e,3893810,Women's World Cup,2023,1
95cb9b5c-a568-43a4-9378-776f07ece7a8,3893810,Women's World Cup,2023,0
c5762f57-ae59-4873-bdee-c9418a93ed0c,3893810,Women's World Cup,2023,0
c5cb3fff-2290-4d1d-be41-4ba1778c6ffd,3893810,Women's World Cup,2023,0
93e31833-1ce6-4533-be4d-12ba6c789ac3,3893810,Women's World Cup,2023,1
1c076617-47dc-4f3b-be0a-0b43d201b093,3893810,Women's World Cup,2023,0
f6b3a328-91f4-47ad-b7cb-1003d365fdcc,3893810,Women's World Cup,2023,0
425543ef-5579-4d6e-a490-2878032f7852,3893810,Women's World Cup,2023,0
fc64113d-bcde-483d-8d4e-a53c3cfc5b06,3893810,Women's World Cup,2023,0
279dc782-6983-4f77-b907-d5ff1e48f084,3893810,Women's World Cup,2023,0
44f81a22-d146-481c-b941-da08b41b06bd,3893810,Women's World Cup,2023,0
ba0fbb0c-e3cc-4758-9e2e-b61b60903256,3893810,Women's World Cup,2023,0
0db3c8c6-e314-48f6-919b-332bed255931,3893810,Women's World Cup,2023,0
c131fe51-2174-4327-a174-0676b3159f03,3893810,Women's World Cup,2023,0
2df8568b-c42b-438f-8c19-f921a087e47b,3893810,Women's World Cup,2023,0
10c3293a-3678-4f9c-8855-9cee03dee66a,3893810,Women's World Cup,2023,0
fda8f3c6-d035-47c2-a96f-9dd210590817,3893810,Women's World Cup,2023,0
e093308e-7a23-44d6-8430-2c9b64dc1bef,3893810,Women's World Cup,2023,0
bf3e856f-4a61-44ed-8d10-64688d03ba3c,3893810,Women's World Cup,2023,0
2dbe064a-beda-46f0-95ed-885a38658783,3893810,Women's World Cup,2023,0
dbf51df4-76df-4ca7-8db4-2c835fb77e96,3893810,Women's World Cup,2023,0
058e8e92-ea38-4dd6-b656-e39a99dbafa3,3893810,Women's World Cup,2023,0
25f26b60-3901-4c6a-b5d1-99813f7f997f,3893810,Women's World Cup,2023,0
108465e5-f55d-486a-9f67-7734a3ba5a29,3893810,Women's World Cup,2023,0
a087cf38-3aeb-4667-8b8b-7d1c3273aac9,3893810,Women's World Cup,2023,0
e4dadd06-5013-439f-859f-6b004310afd1,3893810,Women's World Cup,2023,0
67b98761-8e78-4fe8-80bc-c6175c7258bb,3893810,Women's World Cup,2023,0
dfb17976-5925-4c56-a034-b4cdd55289d7,3893810,Women's World Cup,2023,0
1300e1df-db17-4780-a53c-e6dd0873736d,3893810,Women's World Cup,2023,0
9827df0b-8d3b-43e0-a041-bf8a40320105,3893810,Women's World Cup,2023,0
8605ab81-d78e-46b1-b585-f179efbc9ff9,3893810,Women's World Cup,2023,0
dd8d69db-ba4c-4f33-9b60-8a8def0711ed,3893809,Women's World Cup,2023,0
68cdcec9-421b-45db-84a6-f68d9463058c,3893809,Women's World Cup,2023,0
ae96b31e-b1a4-48eb-85c7-0b13d232293b,3893809,Women's World Cup,2023,0
ab3c323b-7397-431f-93df-56396ba257f0,3893809,Women's World Cup,2023,0
ebd311f1-bf46-4831-a7fc-2145f295dcc8,3893809,Women's World Cup,2023,0
ce27a781-f660-462c-bc29-0c5285c87d18,3893809,Women's World Cup,2023,0
e3d20bc3-32b8-463e-95f5-9c754dfd21e9,3893809,Women's World Cup,2023,0
2beb1ed0-e8a9-4237-8fd5-b41d1dcef8ce,3893809,Women's World Cup,2023,0
bb5c79d6-73ea-4e7a-9aff-e69ace64d8bb,3893809,Women's World Cup,2023,0
d26e1945-ca12-41af-99b0-e6cc1b651895,3893809,Women's World Cup,2023,0
370a6f3a-26f7-454b-9228-03151673c08e,3893809,Women's World Cup,2023,0
f6b4d9bc-bec1-4f2c-b9fd-38e8594102f0,3893809,Women's World Cup,2023,0
fffc92f2-37c8-47a7-8411-6fb3a242e740,3893809,Women's World Cup,2023,1
7fe89f20-915e-40fa-866f-4cf2920da01e,3893809,Women's World Cup,2023,0
6bad801d-53fe-4ed5-a038-7a15abba8ba1,3893809,Women's World Cup,2023,1
b4bcef05-85eb-405a-a379-09667f5b01bb,3893809,Women's World Cup,2023,0
2c82c684-3401-40d8-b060-7bc27e59b8e6,3893809,Women's World Cup,2023,0
0033f89c-1e2e-48ca-a90c-8c9f2dc01e8d,3893809,Women's World Cup,2023,0
6b49e247-6f12-4963-9940-e30f2dc5242b,3893809,Women's World Cup,2023,0
83f8b3c9-1b67-4c07-87bc-a6590ed0cc23,3893809,Women's World Cup,2023,0
c06aa081-bc45-4890-9e55-470b79c8de3a,3893809,Women's World Cup,2023,0
f2aeb972-52b3-4896-b293-1350214d4b31,3893809,Women's World Cup,2023,0
316037ce-7b3a-4570-ae5b-f0b15863302c,3893809,Women's World Cup,2023,0
ea08f048-a645-4146-b2c6-1f81ef25b03a,3893809,Women's World Cup,2023,0
6be6751c-57c1-45c5-a677-b247f933b328,3893809,Women's World Cup,2023,0
9eca1dc5-4eba-4158-9dfe-a0f8538be088,3893809,Women's World Cup,2023,1
1b865006-06a9-4572-8ac9-9e685bd863ce,3893809,Women's World Cup,2023,0
e27f1e92-fe75-4461-b13e-83592409772e,3893809,Women's World Cup,2023,1
cfb772d1-623d-4387-a1d3-f11143cf048b,3893809,Women's World Cup,2023,0
1ef6b3c4-b8e4-43df-9bbd-4e9c4487ccc7,3893809,Women's World Cup,2023,0
6e949612-cf7e-4a2e-a216-07d5fe3c8447,3893809,Women's World Cup,2023,0
32d8b105-d6fc-4dae-b9fb-0c08bf655d30,3893809,Women's World Cup,2023,0
a00a1c04-da00-43f0-b7b8-3cba85119756,3893809,Women's World Cup,2023,0
2bbf07e0-197a-49ed-b694-5ab20c2d66cb,3893809,Women's World Cup,2023,0
e4360bd8-caaa-49d4-afad-2a56dd50a618,3893809,Women's World Cup,2023,0
cd809059-4c25-41e2-8840-6671a51643e7,3893809,Women's World Cup,2023,0
704a4a26-bfbc-45f9-afe0-713460cbe855,3893809,Women's World Cup,2023,0
fcb64114-c0f5-4122-a164-9fe29522926c,3893809,Women's World Cup,2023,1
9812395c-646c-45ba-b739-49beb9b872b7,3893809,Women's World Cup,2023,0
c9c68edf-5426-40df-b866-5db3f2975529,3893809,Women's World Cup,2023,0
a41fbef1-86d9-4a7d-9150-0d74f57917a7,3893807,Women's World Cup,2023,0
dcfda53c-ada1-4933-ad9e-a0b0cee7faab,3893807,Women's World Cup,2023,0
b11b7f2c-34c0-46f7-937d-873f2928e0f6,3893807,Women's World Cup,2023,0
3d6e2f56-718f-4ac4-9fb1-c50dcc33495e,3893807,Women's World Cup,2023,0
2c759a03-b8eb-499a-a87d-b683c5ccf0d1,3893807,Women's World Cup,2023,0
2c11082e-ea90-4a94-b437-5af6ddc6005b,3893807,Women's World Cup,2023,0
fd60325a-7f97-42e0-964e-d75e4ee66846,3893807,Women's World Cup,2023,0
ec321a44-e8bb-41f1-9ad4-87615e4e9153,3893807,Women's World Cup,2023,0
26e25b75-b177-4cf4-959d-98943efe36fd,3893807,Women's World Cup,2023,0
895e07bf-cbe7-43f9-b3a3-629ec79bd40a,3893807,Women's World Cup,2023,0
9fb97086-fc3c-446b-80be-551d1c54b303,3893807,Women's World Cup,2023,0
fb8cf8b0-d1f6-4419-96e3-edf3b60d3028,3893807,Women's World Cup,2023,0
52e472d4-37ad-4db2-a0d7-5eb76578a9c6,3893807,Women's World Cup,2023,0
b7d6f56e-f534-4ccc-aa51-a744631b4e98,3893807,Women's World Cup,2023,0
d4900cc9-a329-4a4b-a9bf-0d9e13d708b4,3893807,Women's World Cup,2023,0
0fd26d31-d64d-4bdb-aa30-1501fd02354d,3893807,Women's World Cup,2023,1
ad3ef528-aec7-44ce-9280-9b6fc500acf5,3893807,Women's World Cup,2023,0
55b46e43-1f40-4e84-951c-24ae0a7ac495,3893807,Women's World Cup,2023,0
02a9719e-59d7-4c55-adff-c4a2c11c8fd1,3893807,Women's World Cup,2023,0
e924797c-c871-4083-b200-a8ac2c9ace54,3893807,Women's World Cup,2023,0
9d9eb81b-f4ab-474b-bf10-23bca73ecdfa,3893807,Women's World Cup,2023,0
950189dc-2ae5-41dd-a8b0-396b9da760be,3893807,Women's World Cup,2023,0
96e772f4-98ae-4ec7-94c4-54dfc28657ea,3893807,Women's World Cup,2023,0
638d916c-4e69-4093-b22e-8a6029721445,3893807,Women's World Cup,2023,0
72696c9a-7b15-4189-98a3-a9befd3bd6d6,3893807,Women's World Cup,2023,0
ccbc65f5-4fb7-49e1-a63a-738359cbf38e,3893807,Women's World Cup,2023,0
e6c46083-b896-41db-a578-5b807b4e38af,3893807,Women's World Cup,2023,0
916afee1-3b3d-4631-b59b-80a2976f1de4,3893807,Women's World Cup,2023,0
4961e6ea-933f-4150-a6af-dcd01f12863b,3893807,Women's World Cup,2023,0
b3a01e05-6972-4529-acba-88a0d45d2760,3893807,Women's World Cup,2023,0
9d22eee4-df8c-492a-b8ae-13085f553497,3893804,Women's World Cup,2023,0
fc72eb3e-8fb9-4fbb-bdb2-c97b5009bd8f,3893804,Women's World Cup,2023,0
01abb854-e099-4f33-807c-90986993c616,3893804,Women's World Cup,2023,0
2805705d-3277-4c2d-8f0b-deae41d70af1,3893804,Women's World Cup,2023,0
425adb7e-9f03-4e94-bf5c-7504d2043f0a,3893804,Women's World Cup,2023,0
3e96e82d-7ea3-485f-9d6f-fdc02ff0d2a1,3893804,Women's World Cup,2023,0
86f90ffd-9b91-4181-b0d6-f9df4c023ff1,3893804,Women's World Cup,2023,0
8d8149b0-c5c0-471b-8705-55325323672f,3893804,Women's World Cup,2023,0
614560cd-aef7-4744-ae43-991f1870ce74,3893804,Women's World Cup,2023,0
a2049bd4-eb30-41a9-8408-0a650799cdbc,3893804,Women's World Cup,2023,0
00e0cbef-d2dd-46ab-95b5-898a8057f3e5,3893804,Women's World Cup,2023,0
d03dd5f0-07cf-472f-9f3c-ed94c77df310,3893804,Women's World Cup,2023,0
1808d903-db13-4cc3-84f8-7515f426ec67,3893804,Women's World Cup,2023,0
382490c6-7ac8-4472-80bc-a61e688c6a36,3893804,Women's World Cup,2023,0
840a1270-88de-4c1c-8414-9e9f81f13418,3893804,Women's World Cup,2023,0
38f96164-b0bb-4bbd-91b4-ef8032468691,3893804,Women's World Cup,2023,0
23c9f8df-da84-467c-b557-347e04aef67a,3893804,Women's World Cup,2023,0
7fe49174-4305-4b0e-9511-f47c5dbf77fd,3893804,Women's World Cup,2023,0
777a9c89-f0b7-45df-a541-4f8479b0873f,3893804,Women's World Cup,2023,0
b406c792-f367-40be-8aad-ee8f7986cfa3,3893804,Women's World Cup,2023,0
11706fed-bf71-4bbc-b57d-558304f2491f,3893804,Women's World Cup,2023,0
206fd6bd-84dc-4dfe-9aa2-b88f1b66e05a,3893788,Women's World Cup,2023,0
8a292b1c-bea2-45d5-83c2-3cc2115972f6,3893788,Women's World Cup,2023,0
ae947398-c150-43b6-8af5-ddd9c3c92aa3,3893788,Women's World Cup,2023,0
caa3bf6c-47ac-444f-b005-e3520a5d0a41,3893788,Women's World Cup,2023,0
5ba3bbe8-cd53-484f-930a-fe9346ca85ff,3893788,Women's World Cup,2023,0
74f6e3e0-9ed2-4027-91c9-f948fb91e589,3893788,Women's World Cup,2023,0
3592b533-b844-474c-91af-f19c92a5913f,3893788,Women's World Cup,2023,0
e1a15cfc-b0af-4f82-b732-e40fa2fb9beb,3893788,Women's World Cup,2023,0
12e8f110-bd14-44f9-ad29-c1fcbc54d123,3893788,Women's World Cup,2023,0
26c164f4-2cbd-43fd-9f97-bbbb0936c1af,3893788,Women's World Cup,2023,0
ebc1e547-7215-4443-9055-3b634dd53854,3893788,Women's World Cup,2023,0
8519787b-840e-496c-8d2a-a806cc14fd33,3893788,Women's World Cup,2023,0
1430277e-9559-4ac2-bba0-97948f5833eb,3893788,Women's World Cup,2023,0
4b1d0ddb-2aa2-4521-9e45-059c25319493,3893788,Women's World Cup,2023,0
08e4faa7-ef50-48ab-bcc3-a193309a01de,3893788,Women's World Cup,2023,0
97777f2e-9345-40c6-96b9-e91150398c58,3893788,Women's World Cup,2023,0
3f2ea196-ad7e-4881-a18a-00896a31fdb9,3893788,Women's World Cup,2023,0
0a786eca-d09a-442a-8161-c3ccd18276c2,3893788,Women's World Cup,2023,0
f41f12ea-72c8-4d8d-ade2-21740e3f083f,3893788,Women's World Cup,2023,0
c56c3429-645f-4166-ac3c-f775d5fc5e50,3893788,Women's World Cup,2023,0
79bc9a58-760c-48f4-bd14-d90766a7bd1a,3893798,Women's World Cup,2023,0
541b05c2-09ad-46fb-b21b-845c1d4d401b,3893798,Women's World Cup,2023,0
2eed0309-5622-4fc1-a233-71028302f77f,3893798,Women's World Cup,2023,0
0f84f910-4214-4231-9ca2-3a1385dc5e7f,3893798,Women's World Cup,2023,0
cec6d680-7943-44c9-94eb-253e21142988,3893798,Women's World Cup,2023,0
4e6297dc-0a54-4423-8538-db89c77f3b7d,3893798,Women's World Cup,2023,0
ffe230fe-5e07-49c7-a81b-6f75dbc1ff6f,3893798,Women's World Cup,2023,0
6dfb43d2-86da-46b6-a577-6ad0135a02c1,3893798,Women's World Cup,2023,0
fbd40ff4-d3a8-4a17-bdd6-9cc256bcaa7b,3893798,Women's World Cup,2023,0
e95215ca-98a5-413a-be41-62c434a28eb6,3893798,Women's World Cup,2023,0
86b81241-eb88-4ba2-8dc0-4257b2af2293,3893798,Women's World Cup,2023,0
05fac495-975b-4eb5-b750-c4ced417edc6,3893798,Women's World Cup,2023,0
99256ddd-5beb-4c8f-b107-80c9078b1c0f,3893798,Women's World Cup,2023,0
9a1e591b-8382-465b-920d-2a85df7a6c2d,3893798,Women's World Cup,2023,0
46a9c9f0-bf0e-4b82-8711-71f70625e9c0,3893798,Women's World Cup,2023,0
3f513f7c-bc46-480e-ac51-071e9868e9b1,3893798,Women's World Cup,2023,0
d0e36925-cac2-4b83-9b4a-6ee004139b51,3893798,Women's World Cup,2023,0
4d68872a-dd2d-4827-ad07-fb414566c146,3893798,Women's World Cup,2023,0
7ab9d3a2-4a12-4bfc-9a6a-8d2f0db6d01e,3893798,Women's World Cup,2023,0
27fad6c1-5181-4d8c-9d39-2096c90e448f,3893789,Women's World Cup,2023,0
bb2692fd-45b6-408a-9be6-4ba4f61b934a,3893789,Women's World Cup,2023,0
fd31202b-fa2d-45b8-b0c4-e0c3db95f8de,3893789,Women's World Cup,2023,0
a82c13c7-d9dd-44d5-9dbe-0b197132df94,3893789,Women's World Cup,2023,0
de22ffc2-4de0-4751-8177-7c7ef7a3ee5f,3893789,Women's World Cup,2023,0
04d68518-7618-4f68-92b6-07c72356360d,3893789,Women's World Cup,2023,0
7b375303-70ba-4695-9768-8cafb05ba7d4,3893789,Women's World Cup,2023,0
22a8ab6f-5936-4be5-b781-3e5ed74b6b34,3893789,Women's World Cup,2023,0
49f9527e-5a73-4d53-af82-f61394f41e06,3893789,Women's World Cup,2023,0
35d946a0-fdc7-44b8-aef5-74f4f99b7fdc,3893789,Women's World Cup,2023,0
8e49c0f1-db24-4ea2-af3d-92e19ddd86fa,3893789,Women's World Cup,2023,0
467c2ca6-2298-4a52-8163-f6581ddb2132,3893789,Women's World Cup,2023,0
0dea3e89-cbb2-4228-a683-eb12fa4bba8f,3893789,Women's World Cup,2023,0
4dfbe799-8c4f-401d-8b0e-6819e543204a,3893789,Women's World Cup,2023,0
0fd40b6b-a33d-4f65-95b3-e1a3680cf5ed,3893789,Women's World Cup,2023,0
7618da93-a5c3-4671-857f-a7981cd05cef,3893789,Women's World Cup,2023,1
3db2621a-250f-466c-8569-809118ed7d73,3893789,Women's World Cup,2023,0
0023b347-6aa9-4ccc-83c7-9c103ab547fe,3893789,Women's World Cup,2023,0
59206946-4040-4542-92b4-80be11745d95,3893789,Women's World Cup,2023,0
f5e6e802-7396-4b06-8c8f-18ead463c6e4,3893789,Women's World Cup,2023,0
7e10a2f3-d1b2-4f1e-986f-bdddf1c09ffe,3893794,Women's World Cup,2023,0
0bdf71fa-0704-4693-a5b3-c1a21b0878c1,3893794,Women's World Cup,2023,0
9bcd4394-3da0-4c11-bb06-7567c20aa195,3893794,Women's World Cup,2023,0
5557bb7c-c1e6-42bd-9c18-bc5a4a38e496,3893794,Women's World Cup,2023,0
9bee9596-f372-4f1e-b5f8-2275e13f3fdb,3893794,Women's World Cup,2023,0
c39c98cd-1637-4115-860b-63e888bd6693,3893794,Women's World Cup,2023,0
99e97265-e1ec-40d9-8bd6-8ebffb3b4a7e,3893794,Women's World Cup,2023,0
f0c64c25-1df2-4420-876b-bf8feca92459,3893794,Women's World Cup,2023,0
db02b38b-c02b-43cb-bce5-695a48d67195,3893794,Women's World Cup,2023,0
1f4eaf74-9f51-46a1-afb6-291a87b48b69,3893794,Women's World Cup,2023,0
62f84dff-8846-459b-bd9e-f9101a295405,3893794,Women's World Cup,2023,0
bd8e1ba8-d14f-4182-b7b1-04b580e6380d,3893794,Women's World Cup,2023,0
3286e335-2d5d-4477-bc2a-e65ec808ecc7,3893794,Women's World Cup,2023,0
04877cd2-cb25-430d-83c1-9fb3f413abd8,3893794,Women's World Cup,2023,0
afc29676-dd50-4225-8f4f-b62575accf70,3893794,Women's World Cup,2023,0
040516cd-6b5c-473c-9437-0742657da7d2,3893794,Women's World Cup,2023,0
ff6d8753-9bb2-406b-9f34-88f1b72f28c0,3893794,Women's World Cup,2023,0
fadf3e0c-2804-4268-8faf-419ffa2ba9a6,3893794,Women's World Cup,2023,0
d59b8543-6e0b-4ebb-ac69-e0e6abae1403,3893794,Women's World Cup,2023,0
b7237e0f-2bd5-4bf3-9346-618e518d0dd3,3893794,Women's World Cup,2023,0
f1d62435-bd20-404a-8035-dbc1e2edba79,3893794,Women's World Cup,2023,0
c36c6052-563c-460f-8d7b-fd08b7730fd0,3893794,Women's World Cup,2023,0
5a82e22b-a2bf-434c-aa9f-5021977e9d47,3893794,Women's World Cup,2023,0
b0709f99-2a36-4b49-bee7-fa98995a2b31,3893794,Women's World Cup,2023,0
e25381a6-fa58-4978-83cd-ef622c0549ad,3893794,Women's World Cup,2023,0
bb482007-9d60-488b-a24b-b905fdfed8ad,3893794,Women's World Cup,2023,0
ab470329-28a5-43f0-89a0-f4d01c92cd00,3893792,Women's World Cup,2023,0
bdf5e897-3ea6-4ffb-a36e-79e8d58765b8,3893792,Women's World Cup,2023,0
2a7861a2-cc03-4365-b572-de820ad43156,3893792,Women's World Cup,2023,0
7ac19f95-9eba-4b17-961d-806543379dae,3893792,Women's World Cup,2023,1
47b77997-f514-443d-a6f1-af7a33509d3b,3893792,Women's World Cup,2023,0
c2362ce2-f592-4f52-89e3-2b8c5f91e685,3893792,Women's World Cup,2023,0
a0439779-e8af-43a7-bc3e-0eb07f4de2c9,3893792,Women's World Cup,2023,0
1aa39925-590c-42ea-887f-f9ffd6ed7ec5,3893792,Women's World Cup,2023,0
a5255ef7-4d31-4881-afe6-a9eadaeaf36f,3893792,Women's World Cup,2023,0
1d1e12b9-dabc-4a01-8508-80998773a6a3,3893792,Women's World Cup,2023,0
1ebdaa15-f959-4984-9ff1-5be27ac2c8ba,3893792,Women's World Cup,2023,0
f09fd73d-ee31-415a-bc52-a6d8c26c7eab,3893792,Women's World Cup,2023,0
16499d04-4d3f-4e53-b34a-0c4ade8d0a80,3893792,Women's World Cup,2023,0
e9068502-a533-430e-be8e-7735e4276f50,3893792,Women's World Cup,2023,0
eeeea42c-1c97-4bfb-ad33-c6e77a1eb958,3893792,Women's World Cup,2023,0
ae58cba8-423e-4e1b-a11b-97b67aa2358a,3893792,Women's World Cup,2023,1
db579297-840f-412f-a2a4-252a031c77c4,3893792,Women's World Cup,2023,0
f56152e6-2bbc-4994-a425-f7ec0467b3ac,3893792,Women's World Cup,2023,0
923b4d41-6715-4eb8-be19-8cf7a1fed689,3893792,Women's World Cup,2023,0
ac9d6e60-40a0-4f73-9faf-9048628e84c2,3893792,Women's World Cup,2023,0
697327fb-75c7-42e5-a3cb-fd3532226089,3893792,Women's World Cup,2023,0
30c581a9-59ed-4b48-a252-8dba9bdf17f0,3893792,Women's World Cup,2023,0
87eac5b8-8f28-4359-ab7b-ef7f7dc4501a,3893792,Women's World Cup,2023,0
40e6f2e0-ac58-41ed-8d68-b3df61484f94,3893792,Women's World Cup,2023,1
56733152-d46d-494a-9399-1c9da6957f71,3893792,Women's World Cup,2023,0
785f8a9f-cdf9-46aa-bbbb-dd0a82518de2,3893792,Women's World Cup,2023,0
8a87891f-f0f7-4321-854b-8dd4d6089df1,3893792,Women's World Cup,2023,0
96c1a6bf-d180-48d3-98c7-20d5a89d8861,3893791,Women's World Cup,2023,0
6f2d16ac-909e-4438-a66a-dc1184215a41,3893791,Women's World Cup,2023,0
60915e81-05b3-43dd-9ee3-87ef88db4160,3893791,Women's World Cup,2023,0
0959d0fc-f674-445b-8937-41be35d46ddc,3893791,Women's World Cup,2023,0
a088314d-e20a-4e1a-9af2-2cd99fad7a5d,3893791,Women's World Cup,2023,0
648716f9-2266-49d7-ba41-154254f78f40,3893791,Women's World Cup,2023,0
bdd02b72-0232-4c37-a5d8-6b0e7a031719,3893791,Women's World Cup,2023,0
cd221cd1-5a8b-4e2e-97cb-840a30a5e6fb,3893791,Women's World Cup,2023,0
bd3cdaa1-4722-491d-be93-a0a9314b2a95,3893791,Women's World Cup,2023,0
ea310cdb-c4c2-48a5-af0c-d2b30f8a5475,3893791,Women's World Cup,2023,1
f38a6ad4-21fc-4ac9-b955-8ad4cad2682d,3893791,Women's World Cup,2023,0
33898789-8b3c-4a94-bdac-a627bf09f878,3893791,Women's World Cup,2023,0
71b801c7-0121-44ea-95bd-b6a6eed8a673,3893791,Women's World Cup,2023,0
6c1c6927-958e-41ae-8b97-40f41b766ed5,3893791,Women's World Cup,2023,0
091dfe65-bb4a-4534-90f1-de613cd7c6aa,3893791,Women's World Cup,2023,0
c67c0d57-456d-4112-ad85-ac2d6eb3fa49,3893791,Women's World Cup,2023,1
22642a39-3444-42eb-958a-2134ad627497,3893791,Women's World Cup,2023,0
6d290391-aa65-4bd2-bb47-00beaff54877,3893791,Women's World Cup,2023,0
b09df12f-638e-442b-b4f6-3617f39ef767,3893791,Women's World Cup,2023,0
8a5ba348-eb49-48a6-9642-ac69fac0380b,3893791,Women's World Cup,2023,0
07bcafa3-7e86-4185-b91e-fec69a9f16d4,3893791,Women's World Cup,2023,0
05008374-9e30-412e-b2c9-3e60fa277268,3893791,Women's World Cup,2023,0
f33c051b-7cc9-4561-8509-607207ce793e,3893791,Women's World Cup,2023,0
bce2246c-effc-4043-a83b-147e31052f44,3893791,Women's World Cup,2023,0
131cdddd-8e80-4a46-9cde-45002b43a9c2,3893791,Women's World Cup,2023,0
9c9bdc49-c88b-47aa-af95-89967f1d42dd,3893791,Women's World Cup,2023,0
2126d7c8-3cc8-402d-94e7-191c827afe45,3893791,Women's World Cup,2023,0
c120d716-5c15-46a3-85d7-c3904d0a8716,3893791,Women's World Cup,2023,0
90b871cb-e2b6-42e9-84d7-839967f3068e,3893791,Women's World Cup,2023,0
e5aaa6b1-82c0-46d0-9eee-0a18b58a1b78,3893791,Women's World Cup,2023,0
a673e1a1-7133-497a-9501-df9b175f7830,3893791,Women's World Cup,2023,0
36584f67-aa91-4cfb-9f2a-459c8ad118d6,3893791,Women's World Cup,2023,0
b2b3d3cb-e964-4d15-9f19-861e0320f8c7,3893791,Women's World Cup,2023,0
eea39ea4-7799-4499-9cdd-274bac99ed99,3893791,Women's World Cup,2023,0
7ea0d2b0-a5b9-4a1a-8573-5664f887de05,3893791,Women's World Cup,2023,0
c0dac819-27de-456d-914f-6ca7796b7e31,3893791,Women's World Cup,2023,0
0ff3f255-a8ce-47db-a0c0-2f8c696c6595,3893791,Women's World Cup,2023,0
aa136a00-5dc6-459e-abcd-5c39ba7bd419,3893791,Women's World Cup,2023,0
d3038781-9c9e-48d4-b162-11a89e8e361b,3893791,Women's World Cup,2023,0
8badd985-3968-4bd6-ba19-a155e120cb0b,3893791,Women's World Cup,2023,0
60f0704d-0234-40fd-a01d-7f3ae0fbfe48,3893791,Women's World Cup,2023,0
6a26fa19-5c07-4fb5-be44-0ce0f1e5b18c,3893791,Women's World Cup,2023,0
2bf472f8-d9c8-44cc-b614-5624afedec29,3893791,Women's World Cup,2023,0
49df6a2f-718a-4e83-8ae9-8234bdc5f82d,3893791,Women's World Cup,2023,0
f9d8b742-f8cc-4247-a28e-8a631706a850,3893791,Women's World Cup,2023,0
89cc547e-eece-455a-a0ab-4ca4a5a58df7,3893791,Women's World Cup,2023,0
a307e37d-de1c-4057-a2fa-0e4f8fdc5b52,3893787,Women's World Cup,2023,0
021924fd-7117-405f-b9ed-0bec7e114f1b,3893787,Women's World Cup,2023,0
f91a6223-3279-44e1-ae28-fac6f9907718,3893787,Women's World Cup,2023,0
5df753cf-1dc3-4158-a615-d94a435b0dd3,3893787,Women's World Cup,2023,0
fc44eac9-bf1a-4501-99b7-858fe148c850,3893787,Women's World Cup,2023,0
71c07b1e-ff9d-45c6-8d9c-e9f749f1f62c,3893787,Women's World Cup,2023,0
e2dd6853-ca88-43fc-b3c4-d41361c447d0,3893787,Women's World Cup,2023,0
43c94479-5888-4c0c-b38d-4965257678c8,3893787,Women's World Cup,2023,0
ac278eeb-87a6-49af-b5e1-404b440d13fe,3893787,Women's World Cup,2023,0
5f712b3f-c5de-4569-b000-61e9e09deb46,3893787,Women's World Cup,2023,1
01d7da67-adc3-4118-b694-f57042b1fa6c,3893787,Women's World Cup,2023,0
8b0bbb48-a06c-494d-8520-3b3ffb9fa9b2,3893787,Women's World Cup,2023,0
593386ee-334a-45c6-8eb9-9c2b7e9b8a9e,3893787,Women's World Cup,2023,0
85a787af-6ddd-4be9-a61f-6034b0e41fb3,3893787,Women's World Cup,2023,0
e0b21f86-294b-43e6-b878-5d1da961141d,3893787,Women's World Cup,2023,0
ccfa3a23-ac8b-4b17-aa29-02737e29eca3,3893787,Women's World Cup,2023,0
2d690e9d-3407-4e1a-b4da-73d079773ec4,3893787,Women's World Cup,2023,0
bea177da-9141-4a0b-a33a-fef325d81e7f,3893787,Women's World Cup,2023,0
0930a60c-9739-4b79-9aa6-7284e7555d02,3893787,Women's World Cup,2023,0
d23ce439-b7e6-4404-8ccb-226dddc0ef60,3893787,Women's World Cup,2023,0
c465f03b-33b9-416e-adc9-ae49d67c2513,3893787,Women's World Cup,2023,0
ecdf3d82-104d-45cd-9632-cde95a1c9209,3893787,Women's World Cup,2023,0
4c3a9792-40e8-4ae6-ad97-740359a430a6,3893787,Women's World Cup,2023,0
da5eb8db-4273-46c2-b688-38e9eff71ad9,3893787,Women's World Cup,2023,0
afd2df24-406f-432c-97b5-bec83cdff313,3893834,Women's World Cup,2023,0
cf196f3d-667a-44f3-94c0-1b9c86448fd8,3893834,Women's World Cup,2023,0
c48eaaf0-a4b3-4fe2-aea2-af219bc03785,3893834,Women's World Cup,2023,0
a7777ace-b6ee-4590-8ca1-9547fa609b82,3893834,Women's World Cup,2023,0
da351fbd-35dd-4d78-9538-075fbd18c56c,3893834,Women's World Cup,2023,0
bfb1ea66-f32c-4121-9829-98b7fa1c9dc3,3893834,Women's World Cup,2023,0
32e42266-10f0-43ca-9335-21f09ab0a8ef,3893834,Women's World Cup,2023,0
01875f65-2bc5-4d4b-8f55-c2c3553709da,3893834,Women's World Cup,2023,0
4d4c255f-f164-4ae3-b854-2085f7c61e2c,3893834,Women's World Cup,2023,0
f53e9272-eb3f-4754-8361-8d31760ecc30,3893834,Women's World Cup,2023,1
90621085-ba58-4012-a739-7b142f31f5fc,3893834,Women's World Cup,2023,0
d1f89b0d-1258-4b02-a3ff-16c14074da80,3893834,Women's World Cup,2023,0
87a9eb0c-8ff0-46f5-af1d-ff4895303ea5,3893834,Women's World Cup,2023,0
1fba065b-4ed0-4aa6-80a5-9abc2f35b5cf,3893834,Women's World Cup,2023,0
a6f1096e-81fb-49a0-a2ae-cf9cfc07adcf,3893834,Women's World Cup,2023,0
d5fc9e01-c991-4b24-88f2-a79d66ec3fa8,3893834,Women's World Cup,2023,0
6e705bac-e36a-4713-9db0-f2522f1d0b65,3893834,Women's World Cup,2023,0
50bd576f-d7dc-4acb-b6ed-5a75ef8645e5,3893834,Women's World Cup,2023,0
91b2051f-7aa9-433d-8e93-fb0d2bb59851,3893833,Women's World Cup,2023,0
9c8240b2-51a4-4cf2-bce4-bb11a4791195,3893833,Women's World Cup,2023,0
88531f4a-af28-45d6-bf2d-74095f0bbba7,3893833,Women's World Cup,2023,1
fb1948bc-6342-49e7-be85-e1d1192bbcc0,3893833,Women's World Cup,2023,0
97bee472-5336-4919-8a5e-9fbf7ceddafe,3893833,Women's World Cup,2023,0
4f5acc1e-29f0-4657-a779-4f1cddd4705c,3893833,Women's World Cup,2023,0
23cdc2bf-67bf-4edd-a377-dc1169626c9f,3893833,Women's World Cup,2023,0
51eb171c-93ac-4266-9b12-27526751d157,3893833,Women's World Cup,2023,1
bbc93853-c952-4fcb-a2ff-dcb4ac1c71c9,3893833,Women's World Cup,2023,0
da740d43-20a7-4328-96f2-8a533452e08a,3893833,Women's World Cup,2023,0
3323de3a-ba63-45dc-ac20-bade853793d8,3893833,Women's World Cup,2023,0
92556c88-1252-49f8-9d5c-a91cdf8577b9,3893833,Women's World Cup,2023,0
c8995464-9aa0-437e-aa8d-4bbbbae300c0,3893833,Women's World Cup,2023,0
49761dfc-e778-4b7f-9d44-a04503de6879,3893833,Women's World Cup,2023,0
820b9f40-b661-487b-9ca1-2718526a5d3d,3893833,Women's World Cup,2023,0
c149b35d-bf21-4e93-a5bf-9986ba32dc5c,3893833,Women's World Cup,2023,0
059837c4-4ad9-4251-a8fa-0efa5570c129,3893832,Women's World Cup,2023,0
0b6268ee-392f-4fcd-aa96-8207e05be055,3893832,Women's World Cup,2023,0
c6ac77a2-9d5d-46a6-b3f7-96892cbff5bf,3893832,Women's World Cup,2023,0
a854490e-14ff-4ac9-9d75-13ba647a9474,3893832,Women's World Cup,2023,0
0b0fffa7-31de-43d5-92ca-90aecd463457,3893832,Women's World Cup,2023,0
ce66527a-063a-4249-940e-4df0ba898545,3893832,Women's World Cup,2023,0
7b1a87bd-ee96-4128-8705-1f1ca012b279,3893832,Women's World Cup,2023,0
9691195c-93cb-4c1b-b80f-1ca4db0b6c2b,3893832,Women's World Cup,2023,0
684dcef1-03c1-45c1-9eb2-434bc958faa9,3893832,Women's World Cup,2023,0
f9dc1d09-79dc-460c-a9dc-484e5bd6a99f,3893832,Women's World Cup,2023,0
3a2c6b1d-50e5-425a-a0e2-60eb88ffc9cf,3893832,Women's World Cup,2023,0
d9fa9b46-7bbf-40e0-8af1-c7318db38daf,3893832,Women's World Cup,2023,0
90c6af80-bf8e-4d19-9256-77e7edd13488,3893832,Women's World Cup,2023,0
3031b101-9281-475e-a7a1-d45c1d6fa12f,3893832,Women's World Cup,2023,0
4d613215-5d71-4311-b8fa-8d2ecc09fa86,3893832,Women's World Cup,2023,0
1cf2147e-7aeb-4a79-9dbf-cd1617326a44,3893832,Women's World Cup,2023,0
d8efb843-a2ae-4929-87b5-dc79b246c047,3893832,Women's World Cup,2023,0
7dea0974-2ec3-475f-89ea-c0c0bcc49c6a,3893832,Women's World Cup,2023,0
3175cee9-08f1-4de6-869e-04af874a2e22,3893832,Women's World Cup,2023,0
02b8ca24-8a6e-4f5a-b05c-0910d4ba8873,3893832,Women's World Cup,2023,0
c3103365-a35b-49a5-97f8-867c24dad8c6,3893831,Women's World Cup,2023,0
1ab5a11d-076d-4ccc-b219-ce989d9fbf3a,3893831,Women's World Cup,2023,0
9cbca4dd-78c7-450c-80db-d773c78df2dd,3893831,Women's World Cup,2023,0
b0d55eb8-0fd5-4dbb-99b6-adcc0f4e9602,3893831,Women's World Cup,2023,0
da8f5073-48f1-4442-9c1d-8d38f6909552,3893831,Women's World Cup,2023,0
937e275c-eeaf-4fbb-bb33-9cf8157a26f7,3893831,Women's World Cup,2023,0
c1231ab0-07c1-46df-873f-e976a18a69b7,3893831,Women's World Cup,2023,0
7ebf7df9-2b19-4071-8681-5f12809afc6c,3893831,Women's World Cup,2023,0
a6ac0aa3-1aff-4e5d-9d15-4d05a3e7d051,3893831,Women's World Cup,2023,0
f105203a-f960-4e5e-bfec-a2f80e04b321,3893831,Women's World Cup,2023,0
67854baf-bba5-4afe-bdda-c6a56c7de5f1,3893831,Women's World Cup,2023,0
8330c11a-c8a0-4037-9faa-a63d421aaa38,3893831,Women's World Cup,2023,0
7b74148e-b5a8-4f22-ae15-33fbde005122,3893831,Women's World Cup,2023,0
eb2e24e3-e284-487c-a93c-577fb65ded20,3893831,Women's World Cup,2023,0
e850af3f-77f2-4505-a7fb-7775d01027da,3893831,Women's World Cup,2023,0
7008d2d5-75af-441f-81d4-2bc800fe44c8,3893831,Women's World Cup,2023,0
09de9539-ef0c-42c8-97e6-aeb3fd6b816e,3893831,Women's World Cup,2023,1
31de0439-f496-4be2-8cc1-14aa0c6b5d4c,3893831,Women's World Cup,2023,0
e1e9f364-8a6e-48ed-8786-501337a8dbab,3893831,Women's World Cup,2023,0
8268db40-898a-4277-ad86-88ce1e5011a9,3893831,Women's World Cup,2023,1
575db784-50c2-4de1-b8ec-553f78f9f014,3893831,Women's World Cup,2023,0
ff0b5d11-c083-432a-a87d-2c8f458b2ccc,3893831,Women's World Cup,2023,0
85469c77-8b0a-48d5-b5d0-0484a79e498a,3893831,Women's World Cup,2023,0
9e57d032-437a-4521-8226-b169ad790698,3893831,Women's World Cup,2023,0
3a25a722-217c-4748-9b44-1364838854d6,3893831,Women's World Cup,2023,1
00eff3e6-e4ae-4ab0-8292-a9957c92aa52,3893831,Women's World Cup,2023,0
8e7c55fd-17e8-4fb4-b8d0-46d64a1eef19,3893831,Women's World Cup,2023,0
f0a2e825-4757-470f-a010-2c1413aecbc8,3893830,Women's World Cup,2023,0
0d52aad5-c2eb-4e83-b458-1a82a35b24c0,3893830,Women's World Cup,2023,0
d6ebbb2c-c084-4214-a1c5-00c45eeff23a,3893830,Women's World Cup,2023,0
3b5f2064-00f7-4402-9fa9-924fca3c66e3,3893830,Women's World Cup,2023,0
07f35ae7-1c86-4b12-b672-e521a6c57ea6,3893830,Women's World Cup,2023,0
82b245d4-7a7c-4cc5-8adf-ed512774e50f,3893830,Women's World Cup,2023,0
245c2565-fec4-4140-895e-7783eec1424d,3893830,Women's World Cup,2023,1
235ff2c1-ee90-4f62-ab5f-3089ee9cb218,3893830,Women's World Cup,2023,0
ff63cbd2-e3dd-430f-9a03-36ef2d373ae0,3893830,Women's World Cup,2023,0
9dc4f3f8-1c5d-4e35-afcc-a94dd0e61d64,3893830,Women's World Cup,2023,0
b909ac61-cb36-49c8-83fb-1c7a21d53f62,3893829,Women's World Cup,2023,0
b8b04e25-610a-48e4-975c-ea9a8b58e552,3893829,Women's World Cup,2023,0
03b6d6c4-5918-4cbe-8caf-4848337e3ec4,3893829,Women's World Cup,2023,0
6ff0dba6-7911-434f-a876-c8ba1c98b99f,3893829,Women's World Cup,2023,0
2ec6d99d-9849-42a6-82aa-95ef7a9e91c7,3893829,Women's World Cup,2023,0
864f9694-033a-41b4-b78e-7a02a8effd9f,3893829,Women's World Cup,2023,0
cf6a920e-9987-42cd-ad6a-ead7d080ac7f,3893829,Women's World Cup,2023,0
b7269b67-8f71-458a-9446-c0856081510b,3893829,Women's World Cup,2023,0
ef2cccd9-c9c8-4dbf-b32f-3c00484fc024,3893829,Women's World Cup,2023,1
83056b54-e138-4018-839f-2b5ccb98101b,3893829,Women's World Cup,2023,0
7a919519-7deb-423b-94ca-f9b8a1a75808,3893829,Women's World Cup,2023,0
30ab2849-c9a8-47f5-8672-5b7f3b358d0b,3893829,Women's World Cup,2023,0
0cabb9c1-14a2-48ef-8055-e63081c3efc0,3893829,Women's World Cup,2023,1
9ccadc15-2075-491d-a6c7-2833bed272ca,3893829,Women's World Cup,2023,0
6dde9293-8743-46fd-b502-e3444bfd3aa0,3893829,Women's World Cup,2023,0
9159b67b-0d65-49cb-a663-8896906f22d7,3893829,Women's World Cup,2023,0
d37a9d3b-9295-4813-9373-87fd8440ef86,3893829,Women's World Cup,2023,0
64aba661-0615-4e8e-a25a-865b22c1b2d8,3893829,Women's World Cup,2023,1
a7dee6d5-2110-405d-b8a8-465f81e883ce,3893829,Women's World Cup,2023,0
09a0daaa-0cd9-4abe-a2c6-0efcc145c6f1,3893829,Women's World Cup,2023,0
e69b0550-7250-499b-b998-23ed8857e810,3893829,Women's World Cup,2023,0
4edb675d-5765-4091-bc07-b753029997f6,3893829,Women's World Cup,2023,0
8bedfbca-9fc1-42f5-94ec-2d5f65cd7c3a,3893829,Women's World Cup,2023,0
b993145d-4c02-4c11-86be-a81aab41117a,3893829,Women's World Cup,2023,1
52413aa6-1b2e-4fa4-97e6-7e64c7161979,3893829,Women's World Cup,2023,0
691c7fcf-afb8-405d-bbd9-310c5c9c1daf,3893829,Women's World Cup,2023,1
86aa755e-99df-4758-974d-7d24a47e5525,3893828,Women's World Cup,2023,1
6a62ba74-6d38-4f38-a568-ef4a3e7bde5c,3893828,Women's World Cup,2023,0
c9fa04c3-3d73-4e66-a519-0a3b34e691ac,3893828,Women's World Cup,2023,1
4bdfded3-b1a6-4c11-aa2a-4d51fb10613c,3893828,Women's World Cup,2023,0
4c70f653-d380-419b-8cb1-671c96e64970,3893828,Women's World Cup,2023,0
7990da24-83d9-4abe-b304-d096d82a7984,3893828,Women's World Cup,2023,0
76f103a9-741e-4143-9dab-231e2b91b67c,3893828,Women's World Cup,2023,0
2bcc0be0-0fcd-4159-a5ca-48ce78268ac9,3893828,Women's World Cup,2023,1
976bc965-3824-42f3-8ac9-4a0de712ee90,3893828,Women's World Cup,2023,0
988c72ce-95f3-47f6-b4c9-cf413f917b57,3893828,Women's World Cup,2023,0
4227e34b-cff9-49b5-90e9-39a9630bb58c,3893828,Women's World Cup,2023,0
93a2d00b-fae5-4485-944b-7bfcbf6ca492,3893828,Women's World Cup,2023,0
d489b73c-7f5f-4da3-9060-76e7a21a10fb,3893828,Women's World Cup,2023,1
fa5925f8-235a-4379-969c-0f741f9df2a2,3893828,Women's World Cup,2023,0
e07c79bb-6b88-4c7f-a2ae-454de2b15ca5,3893828,Women's World Cup,2023,0
ec7fb876-c31a-4fab-9b1c-9cab254dde6e,3893828,Women's World Cup,2023,1
cef68a4b-79c6-4e6e-a8e9-b33a001b89f4,3893828,Women's World Cup,2023,0
a1e114d8-9888-4752-a499-fa019f6ca85f,3893828,Women's World Cup,2023,0
17ed8c66-18c2-4815-984b-c69bd437747b,3893828,Women's World Cup,2023,1
da14addc-f1ae-4867-83eb-99b07bef08d2,3893828,Women's World Cup,2023,0
fcc43094-3128-4416-bf7c-1711ac111236,3893828,Women's World Cup,2023,0
dc7444d0-d4c5-4e57-a740-6a71c66abb58,3893828,Women's World Cup,2023,0
eb817d2b-132f-4d86-9419-a6c5a9425c86,3893828,Women's World Cup,2023,0
943f458e-c5f6-4419-b03e-cf751259cb6e,3893827,Women's World Cup,2023,0
7964485b-8df7-4cb3-b632-349cf3fcf93c,3893827,Women's World Cup,2023,0
7f3f9409-020e-49f7-8440-b15317c05c66,3893827,Women's World Cup,2023,0
3d8c6b5a-6ce5-4d32-a81e-001d8d113c39,3893827,Women's World Cup,2023,1
716ecb68-9af6-46e4-9d2e-6c6781ac63f9,3893827,Women's World Cup,2023,1
3abe39dc-4816-4a7c-bf2d-4def70f3406a,3893827,Women's World Cup,2023,0
1f1ac637-d5e7-4820-9932-76b332f7b2c0,3893827,Women's World Cup,2023,0
acf5f1f5-8be9-4a58-b09f-daeb33dccf33,3893827,Women's World Cup,2023,0
0a719205-0426-4daa-b324-82dc25f8f397,3893827,Women's World Cup,2023,1
72484752-2ccd-4d94-ace0-0333dc8f3af7,3893827,Women's World Cup,2023,0
93400cf5-64a6-475e-afb3-da1b75371a50,3893827,Women's World Cup,2023,0
e390e5d1-55c5-464b-8368-1f378c508b93,3893827,Women's World Cup,2023,0
299d90cb-ad6c-46d4-8219-c3a0ce1ba4e9,3893827,Women's World Cup,2023,0
1ce9fb9f-e13c-4632-ab02-5fe7a3ee1940,3893827,Women's World Cup,2023,0
d6fd0c2a-c2f3-4af7-b17a-ef5954359153,3893827,Women's World Cup,2023,1
7ac591eb-fb8b-4b98-a4d4-69debb34eb31,3893827,Women's World Cup,2023,0
f803e628-d0d3-473a-8c82-b7fdb2a4a697,3893827,Women's World Cup,2023,0
25d961d9-1bae-43b3-856e-912c95c3aa64,3893827,Women's World Cup,2023,0
04aa36fe-4f7e-4d77-be34-3e273582fa51,3893827,Women's World Cup,2023,0
8f3ffd8f-473f-4321-843a-f127f56205e4,3893827,Women's World Cup,2023,0
a0d2e4f8-187b-4e3b-af5e-b08037e208f0,3893827,Women's World Cup,2023,0
d5500414-3c5c-4d1c-8ab7-2b5cc5e4f958,3893827,Women's World Cup,2023,0
e9ffef33-0625-4791-b33c-ac85312ccb50,3893827,Women's World Cup,2023,0
69c63e6c-70d5-4493-be86-c613ddd04b63,3893827,Women's World Cup,2023,0
cc6adb74-97e6-49e8-8b9d-bd6acbf2ac32,3893827,Women's World Cup,2023,0
168edf33-7649-4aff-832a-a9b5f2a3ba12,3893827,Women's World Cup,2023,1
ae78b6bb-a89c-48ee-9212-e9923ef03f34,3893827,Women's World Cup,2023,0
50da36fd-95ba-4d6c-b76a-7246ed18fadc,3893827,Women's World Cup,2023,0
79a85a97-6b43-494e-bb9c-56b5ebaa9622,3893827,Women's World Cup,2023,0
f3d70ebf-5e4b-4231-a681-3b8418b7016f,3893827,Women's World Cup,2023,0
ba68d957-bf44-4e99-834d-9a427da8a033,3893827,Women's World Cup,2023,0
daf40646-56bb-4401-86e2-c1f84f5032e7,3893827,Women's World Cup,2023,1
40286fd4-a6f4-41b4-acfc-2d6754c4d3ab,3893827,Women's World Cup,2023,0
40f6d9f7-74de-4cd0-9ac3-a11587bd01a9,3893827,Women's World Cup,2023,0
e276ddbc-9819-4ba9-a050-133a96551112,3893827,Women's World Cup,2023,0
75c0b367-766a-44e7-bc0f-a420954d8af8,3893827,Women's World Cup,2023,0
2f35f6e1-7e88-4d94-bb28-cdbc14be5cf1,3893827,Women's World Cup,2023,0
421a6fa0-ac7b-467c-9d28-86677afc644e,3893827,Women's World Cup,2023,0
7d7c67ae-9aa7-4df5-bf8f-5fe06105cdaf,3893827,Women's World Cup,2023,0
12ebd617-8d71-463b-a8bf-7ec2c3b4f5d1,3893827,Women's World Cup,2023,1
b0e21597-260d-46ac-a623-6fe0ccffe172,3893827,Women's World Cup,2023,0
5eeb6675-5de2-481b-a8af-2b66f097c038,3893827,Women's World Cup,2023,0
0ab52a22-21be-43a5-8f4a-39ca8f9517b6,3893827,Women's World Cup,2023,0
b7c6dbd7-e0b0-4b79-9c92-c43a431ece6c,3893827,Women's World Cup,2023,0
ad15661b-34e5-446a-8ea2-002d662b3088,3893827,Women's World Cup,2023,0
aca57bc2-eaf0-4be9-9e6d-fcf1f75a83d7,3893827,Women's World Cup,2023,0
b9dfdea1-59d1-4086-87ba-1d57723b4c70,3893825,Women's World Cup,2023,0
1526868f-0400-4146-8f6e-591e37d4064e,3893825,Women's World Cup,2023,0
5eb9ceef-1cb8-4b5d-85d5-467346e66afe,3893825,Women's World Cup,2023,0
86466ad9-9acd-47df-a659-5e159e7e2445,3893825,Women's World Cup,2023,0
90e5abdf-e2a3-41c5-9b5c-448fc23ca749,3893825,Women's World Cup,2023,0
a1dd8d0f-adc1-454a-a0f4-0d3be428e364,3893825,Women's World Cup,2023,0
3d549ea7-97fb-41bc-a24c-d5c88af46463,3893825,Women's World Cup,2023,0
44289553-879a-4cdd-9bed-4a68b6d54a0b,3893825,Women's World Cup,2023,0
c9d2fef1-a7cf-4112-a119-dad6416b270a,3893825,Women's World Cup,2023,0
7279aea9-8e57-415a-bc3f-0d3d2ab17c0c,3893825,Women's World Cup,2023,0
6adcd699-da62-4c82-9cbb-c59c14978053,3893825,Women's World Cup,2023,0
ef920228-3215-4452-bea1-9528092d202c,3893825,Women's World Cup,2023,0
985c0918-d694-471c-8757-5be63ac7a85b,3893825,Women's World Cup,2023,0
8a85c922-a9d1-4638-83b5-0c3373446d39,3893825,Women's World Cup,2023,0
a1a70490-2697-4dfd-9920-93a5a41acde6,3893825,Women's World Cup,2023,0
c4328c3b-7f49-4699-95ac-ccced1d4f118,3893825,Women's World Cup,2023,0
d8e726fc-4544-4c4d-9a8f-d2286e2d5781,3893825,Women's World Cup,2023,1
e349f2e2-28ab-4d20-9510-4afc6b1fb072,3893824,Women's World Cup,2023,0
0022e025-33e3-44f4-810f-ca03ba0da07f,3893824,Women's World Cup,2023,0
433c2837-54ec-4e33-9058-22835f30d1df,3893824,Women's World Cup,2023,0
f18431a3-d49f-444e-b34a-fbe6829f515a,3893824,Women's World Cup,2023,0
82ff8519-4801-455a-9b76-a7bc190713d8,3893824,Women's World Cup,2023,0
61e23755-80b0-47d4-88cc-ef2757a23195,3893824,Women's World Cup,2023,0
9f96c325-eeb5-4d3c-a74b-92d536006f0c,3893824,Women's World Cup,2023,0
bcf2e65a-5b02-4e2d-848e-8707644de7f5,3893824,Women's World Cup,2023,0
3fc8b1d2-87f3-41db-8588-b6846c96d2c0,3893824,Women's World Cup,2023,0
a124f5b5-b45e-4165-b2ae-2dc5c1f60b0e,3893824,Women's World Cup,2023,0
6c4a6606-f88c-415b-a2b4-7d4514bd98d8,3893824,Women's World Cup,2023,0
e96cdf0b-caf3-4625-9be6-dd9688698dab,3893824,Women's World Cup,2023,0
1a3d2c96-1ac7-402e-b6fb-0fa805e50bec,3893824,Women's World Cup,2023,0
461c3a0a-7ab9-47d7-8200-3bc223cfc26f,3893824,Women's World Cup,2023,0
996e4141-8b76-4366-a7b8-76d58c6872cf,3893824,Women's World Cup,2023,0
06d3b3cb-a410-4329-853c-a49574f483b1,3893824,Women's World Cup,2023,0
d68c24bf-388d-420a-a943-9b0d5871375a,3893821,Women's World Cup,2023,1
35d280fc-bf5b-4fe8-ba00-50cab7b8cedd,3893821,Women's World Cup,2023,0
c8cee5c3-997b-480d-a94c-88544d069ef4,3893821,Women's World Cup,2023,0
920304b0-171f-498e-9972-4a27d1f5e0d3,3893821,Women's World Cup,2023,0
310f10d4-7b02-42e6-8730-7d256756ec14,3893821,Women's World Cup,2023,0
f82be0b0-2298-49d6-870e-9e17dfce1ce0,3893821,Women's World Cup,2023,0
ede11ea1-2ea7-4f77-b809-5f4109634b9d,3893821,Women's World Cup,2023,1
c1b256f2-de15-4643-9f26-56fc83784598,3893821,Women's World Cup,2023,0
d9ddcb3e-cd66-441d-a6f5-3d84a74210aa,3893821,Women's World Cup,2023,0
15479958-2ed5-40d7-9f66-e3e170d00b1b,3893821,Women's World Cup,2023,0
49776624-28b0-4461-887d-813927988646,3893821,Women's World Cup,2023,1
81e5fb45-e679-4e60-8279-d02f122678e2,3893821,Women's World Cup,2023,0
2866ec98-a6e9-4246-bb1d-d387382fadc5,3893821,Women's World Cup,2023,0
d1ed0601-915e-48cf-8793-834f71d08462,3893821,Women's World Cup,2023,0
7118c212-8260-4590-a50a-0962f420aeaa,3893821,Women's World Cup,2023,0
45e496dd-12e6-430d-a7a3-07cd8dd64212,3893821,Women's World Cup,2023,0
d8a6531c-273a-4f15-adc9-273947d3f99e,3893821,Women's World Cup,2023,0
79e881b3-39a0-441c-b63c-c49b3d6b539e,3893821,Women's World Cup,2023,0
066ef47a-0e2c-4df4-9d0b-6a26c310879e,3893821,Women's World Cup,2023,0
c68f02b1-3786-42eb-8221-79ccafc43521,3893821,Women's World Cup,2023,0
9e877776-b601-44fe-b892-2b2e8665d947,3893821,Women's World Cup,2023,0
5db36802-e365-496b-a0e6-00b0d350d60a,3893820,Women's World Cup,2023,0
3609b616-f7f3-42d9-96e8-de30d8e3fdc2,3893820,Women's World Cup,2023,1
81787502-ae68-450f-8108-e7eb4b820014,3893820,Women's World Cup,2023,0
470f4567-6a60-4581-a3c7-65a14977716f,3893820,Women's World Cup,2023,0
74ef3fef-febf-4d70-ac4b-59715ca6223f,3893820,Women's World Cup,2023,0
a7336f1a-706d-43b4-aebc-b0aaae2f1140,3893820,Women's World Cup,2023,1
2ed11886-a7db-4eab-b621-06663e20aa24,3893820,Women's World Cup,2023,0
2e6583b3-7ff7-4ac4-8e90-a294771f2f47,3893820,Women's World Cup,2023,0
80cd9295-9e16-4df1-a2cb-635ea9028dc3,3893820,Women's World Cup,2023,0
12a5435e-1fad-4087-a8cd-72ca06441bfa,3893820,Women's World Cup,2023,0
1ca8120a-d7af-4450-8773-dc67af102524,3893820,Women's World Cup,2023,1
3a84fcde-8485-4d25-a9f6-0cbec134103b,3893820,Women's World Cup,2023,0
378bf69a-009c-4ad9-a093-c991c285fea9,3893820,Women's World Cup,2023,0
ffd31422-4a10-42d6-8ba5-835cdc32854e,3893820,Women's World Cup,2023,0
288d320b-42d5-4662-a591-74060417f8f9,3893820,Women's World Cup,2023,0
dbf26097-123a-4f12-818b-50d83ef6681f,3893820,Women's World Cup,2023,0
89864713-4f11-43a9-b7b0-d90798a9a7b4,3893820,Women's World Cup,2023,0
cd9ae778-a249-49b8-b823-d90a2f97e753,3893820,Women's World Cup,2023,0
f935be8e-1856-4835-8a87-c2d285af58a8,3893820,Women's World Cup,2023,0
2a27b380-c685-434f-a442-ef0313d1a72c,3893820,Women's World Cup,2023,0
f110cf39-7de6-4e67-b9d5-533e5b8ef176,3893820,Women's World Cup,2023,0
00006e24-97ca-455a-b9e1-ce12770a34c7,3893820,Women's World Cup,2023,0
5bd07b04-c817-4c55-81bb-cc3f38553992,3893820,Women's World Cup,2023,0
5a048ab8-e953-41a6-b7be-302cb351e8b8,3893820,Women's World Cup,2023,0
2b860c17-422d-462a-bba7-e4cc9f2bdf38,3893820,Women's World Cup,2023,0
b9f52bd2-9f1d-4588-9fcb-e090a858ea6f,3893820,Women's World Cup,2023,0
74fa3279-f50d-4986-862c-437a9a86469f,3893820,Women's World Cup,2023,0
769fc275-ae37-47cf-8ee2-693db0251ce2,3893820,Women's World Cup,2023,0
7b7af922-de15-4b5c-855a-44fd056e44fb,3893820,Women's World Cup,2023,0
b520d960-6626-440f-a84b-4daa8ab2d8a4,3893820,Women's World Cup,2023,1
d0a4242d-f0e0-4e27-9f7f-065c5619e2df,3893820,Women's World Cup,2023,0
ec490cfe-9b93-4a41-95ee-32e6c1e81c12,3893820,Women's World Cup,2023,0
bc91f74d-8d20-4f49-9271-33cb7eb61afc,3893820,Women's World Cup,2023,0
99b17359-2234-44ab-92d9-e124c9646f71,3893820,Women's World Cup,2023,0
fe27e348-3075-4236-8af3-7762af5ab08c,3893819,Women's World Cup,2023,0
0c707025-8051-4d97-a79f-39c921b2c73d,3893819,Women's World Cup,2023,1
a18327f5-e10a-4c77-9d0f-b3e5eb553d6c,3893819,Women's World Cup,2023,0
1d8f7f10-60d2-4b82-a633-91b4fe90105e,3893819,Women's World Cup,2023,0
4b5658b5-0eee-45a7-8c2c-fd57c3836a8c,3893819,Women's World Cup,2023,0
53f2d218-1bc8-4416-aff1-0baea5cce54c,3893819,Women's World Cup,2023,0
a903429c-a8fa-410d-8f17-ddef10fa0e2e,3893819,Women's World Cup,2023,0
a83cfe52-96d7-4aac-9cad-d01492831ca5,3893819,Women's World Cup,2023,0
47861a77-34ae-400f-8f00-2508a6f46cf3,3893819,Women's World Cup,2023,0
354b55c3-929f-4904-8e7d-a77e52a3c82a,3893819,Women's World Cup,2023,0
bfd11a05-d63c-495e-86dc-d35457b52224,3893819,Women's World Cup,2023,0
4c305285-a584-4485-99ac-d69a942b7443,3893819,Women's World Cup,2023,0
8e3a6412-750c-48a7-86d7-b022c334ade6,3893819,Women's World Cup,2023,0
aced88d7-0222-4cae-8a89-9e159f113034,3893819,Women's World Cup,2023,0
fa4dcd71-6be1-428a-8112-0f11ed27f31d,3893819,Women's World Cup,2023,0
d82a0f83-bf9e-4f63-9b1e-8292e99788bb,3893819,Women's World Cup,2023,0
4fe051a7-a9dc-4e26-ab21-abc69f48c2f0,3893819,Women's World Cup,2023,0
d9a28d25-7748-48e3-93ca-c251abc10b76,3893819,Women's World Cup,2023,0
06050081-941e-41c5-a82c-a1dab10d6482,3893819,Women's World Cup,2023,0
946ea088-8b71-48aa-9adb-fa875022330b,3893819,Women's World Cup,2023,0
d6877f8a-279a-40a8-8299-6a3a4727e18d,3893819,Women's World Cup,2023,0
6df24b73-09e0-487f-925b-adbd5a67f8a7,3893819,Women's World Cup,2023,0
2f76ee27-5cfe-4666-843c-63b875fe0db2,3893819,Women's World Cup,2023,0
b332ca13-1e2c-4cdd-bd27-533eb8dc458a,3893819,Women's World Cup,2023,0
6b18c6d1-6079-4e14-953f-7f2ed9ee3d85,3893819,Women's World Cup,2023,0
6aba9e2e-8155-4f92-82a0-a17c451a8aec,3893819,Women's World Cup,2023,0
56e3a88a-9190-474a-ad72-7c43013575b2,3893818,Women's World Cup,2023,0
0eb63d6a-35c3-45eb-92d1-49a28f01d422,3893818,Women's World Cup,2023,0
ed0d1caa-ec34-473e-b077-32f4ef3e5a3d,3893818,Women's World Cup,2023,0
af5c1a62-291c-42cf-99a6-7055379ac43f,3893818,Women's World Cup,2023,0
4add81b2-f0c6-4332-bbd7-c80c1a5a41b9,3893818,Women's World Cup,2023,0
11510dfa-0ee5-4b02-b8af-8ae20b41fefc,3893818,Women's World Cup,2023,0
46fcd92c-b876-47e9-b86e-fd20ecc65dd5,3893818,Women's World Cup,2023,0
53430420-70a3-4796-91d9-22e2987739fe,3893818,Women's World Cup,2023,0
16397b97-d760-46fe-b4c3-5ad29012bee5,3893818,Women's World Cup,2023,0
89a71cb8-0085-4252-8fe5-d1920351c01e,3893818,Women's World Cup,2023,0
2e70dedb-ebe8-4add-90b0-d93a15991800,3893818,Women's World Cup,2023,0
2834ca8f-3c79-475b-8e18-a8af981ac276,3893818,Women's World Cup,2023,1
2f86a0c3-dd50-4bfe-941c-1c26f59f25eb,3893818,Women's World Cup,2023,0
fd3d540c-438a-4606-b688-ad193ede7a74,3893818,Women's World Cup,2023,0
616af414-620a-43cd-a40a-bb68d26346ec,3893818,Women's World Cup,2023,0
73f848fb-8779-41f1-8848-85bc5d29103c,3893818,Women's World Cup,2023,0
87335ec0-ae8f-4bd9-b9b4-1f0274b90f71,3893818,Women's World Cup,2023,0
c8641ae6-e701-4602-89e6-59fd4c3efddb,3893818,Women's World Cup,2023,0
f3cef7ec-d009-42b4-a511-bddecd18b69e,3893818,Women's World Cup,2023,0
a4444079-100f-4208-b8fe-cf02e67f42c3,3893818,Women's World Cup,2023,1
2e409202-ea0a-421e-8366-0f74d6392c9d,3893817,Women's World Cup,2023,0
e9e2eceb-452a-49d5-8ba7-ee448a5f08b2,3893817,Women's World Cup,2023,0
c3f59d0f-a1a7-42bd-8ad3-b9b0d9b730b0,3893817,Women's World Cup,2023,0
0792110f-7d19-42db-8cc0-bcab832012f8,3893817,Women's World Cup,2023,0
f5f51ae8-6cdc-4fe7-8cc0-e0bc5d8b335c,3893817,Women's World Cup,2023,0
d3e409e1-cdf1-4474-978e-cfe4426bf01a,3893817,Women's World Cup,2023,0
3d027e80-3eef-456d-a61c-0983acbd347c,3893817,Women's World Cup,2023,0
2474a744-2788-4f1c-ba14-2bf2a087a519,3893817,Women's World Cup,2023,0
3f9524a7-5c03-4d93-965c-2cebabaf474c,3893817,Women's World Cup,2023,0
e58dcd86-e750-4721-9b32-613594b74529,3893817,Women's World Cup,2023,0
00872ef8-8756-4adc-afd9-637b9d759df5,3893817,Women's World Cup,2023,0
3afc9c69-a799-4252-8d37-b7e29f1d735d,3893817,Women's World Cup,2023,0
28847328-9dfa-4b16-a26b-7cd6e65a22e1,3893817,Women's World Cup,2023,0
d461edc9-368e-47f8-b011-bafb2881b321,3893817,Women's World Cup,2023,0
3e72fcd2-3f45-4fd4-962f-b67b8816533b,3893816,Women's World Cup,2023,0
8e3a82b1-0b0b-482e-a412-a3e32aa8fbff,3893816,Women's World Cup,2023,0
8d9bd9ec-5677-453c-8e65-e211ddbe7dc2,3893816,Women's World Cup,2023,0
940650e6-85f3-44ac-9cd6-dc0d993d5a76,3893816,Women's World Cup,2023,0
ca5085a0-0235-4d67-be41-c7b38aec6140,3893816,Women's World Cup,2023,0
864de6a3-37d6-4c0a-b874-fbbd39ac4d98,3893816,Women's World Cup,2023,0
0ee169bb-6958-40bc-b49d-45a5894e69b4,3893816,Women's World Cup,2023,0
004dd273-749f-49c2-a4b5-3304cd798f4c,3893816,Women's World Cup,2023,0
07423521-de2e-435d-91d6-019fc8cad87b,3893816,Women's World Cup,2023,0
e858f4d3-6777-42c1-a6f0-56c772fa7cc2,3893816,Women's World Cup,2023,0
d8e26714-3ba7-4295-b43e-366626d7fd54,3893816,Women's World Cup,2023,0
de41c65d-64b4-4f3f-8cc9-0f44d7bd46de,3893816,Women's World Cup,2023,0
8d94d5f0-90ad-4ab9-9996-8d08b6a479a9,3893816,Women's World Cup,2023,0
db29d4ce-83f6-49c8-811c-e24e8a2496cc,3893816,Women's World Cup,2023,0
1555f783-b954-4758-b7c3-4879526437d8,3893816,Women's World Cup,2023,0
c4fa6d5e-529d-4c74-8c21-86f68c1b30ad,3893816,Women's World Cup,2023,0
42d6b5c6-d776-4392-baae-929a210f9312,3893816,Women's World Cup,2023,0
5e3cdf85-b3c9-43a4-82f2-c5a1e222e9ca,3893816,Women's World Cup,2023,0
38e32cbd-ceca-4958-a7e4-dd00bd2e050d,3893816,Women's World Cup,2023,0
3dba2825-e9dc-4c07-ac4a-4a6a449001af,3893816,Women's World Cup,2023,0
6e029f31-584f-4d8d-a68a-95afe0f0969f,3893816,Women's World Cup,2023,0
cc57a53f-8919-44ee-bd7b-1928b8cd3ddd,3893816,Women's World Cup,2023,1
8e5cb351-c106-4cf8-9c32-9dcde1560d5f,3893816,Women's World Cup,2023,0
c865ed7f-ffd5-4d36-89dc-1e2cf8feb8cc,3893816,Women's World Cup,2023,0
5db02065-382f-49eb-89bf-a4f073ed2213,3893816,Women's World Cup,2023,0
63a7a9d4-9a0a-4dcf-8657-3332fe2382d4,3893816,Women's World Cup,2023,0
2c5b9ceb-8daa-492f-8604-188c17875151,3893816,Women's World Cup,2023,0
b123c4f7-4685-4997-b8f2-ea4e6a41dcbc,3893816,Women's World Cup,2023,0
097e3d5e-ba74-4ea4-8938-48756a44858d,3893816,Women's World Cup,2023,0
c9fa3047-0223-4fdf-a02b-6ea72a290a93,3893816,Women's World Cup,2023,0
b4f3df8b-9939-49e7-a23e-4bc44ce52b9d,3893816,Women's World Cup,2023,0
6a1ec94b-d03f-4ff0-8294-9a61578df689,3893816,Women's World Cup,2023,0
b6e49631-6a1e-4fdd-a9f9-b54ff77b9260,3893816,Women's World Cup,2023,0
8d43e7ea-eda2-48e4-874c-f8b0f26891ac,3893815,Women's World Cup,2023,0
25bf3a1c-92f5-42d9-9d9f-183efa6cf6e9,3893815,Women's World Cup,2023,0
bb77fa04-a664-488f-82a0-0962cd53b4ad,3893815,Women's World Cup,2023,0
67764ccc-9eea-4ef5-b8bb-308761a8ddc4,3893815,Women's World Cup,2023,1
adfbdcbb-01a3-4e20-94ea-480805c8a265,3893815,Women's World Cup,2023,0
a722793a-7e9c-482e-83a3-037b096163b0,3893815,Women's World Cup,2023,0
e692dd9e-ef44-4906-a2b6-cd97bf43839f,3893815,Women's World Cup,2023,0
6dfebab9-2de2-4152-a60e-5fff9e1ca3de,3893815,Women's World Cup,2023,0
37e0c152-7059-43c2-8a9c-abb01d9c4e2f,3893815,Women's World Cup,2023,0
16768a6b-4f27-4e11-bbb3-dca3762e1ce7,3893815,Women's World Cup,2023,0
b3ca3469-0f19-4eeb-8cc3-4d1106c9bffe,3893815,Women's World Cup,2023,0
4b77a839-12f5-4784-826a-793dda9c0657,3893815,Women's World Cup,2023,0
27e78ae5-1ff9-40f8-a0cd-dd49a3e93323,3893815,Women's World Cup,2023,1
e63ccb2e-a374-481d-a3e6-301365c703c1,3893815,Women's World Cup,2023,0
e92489da-97b8-4f6a-be1f-f6b5645f08b1,3893815,Women's World Cup,2023,0
a4b79a90-8a72-4a43-90ce-60ecc8eaa35a,3893815,Women's World Cup,2023,0
cf5ccf47-d2eb-47b5-b65f-483fd4b2dadf,3893815,Women's World Cup,2023,0
9241aa09-887b-4e08-bc4c-5e1051ab514e,3893815,Women's World Cup,2023,0
44fe59bb-07d3-45ad-b102-ec57a487bc46,3893815,Women's World Cup,2023,0
5992b6da-c0b1-4f0f-ba03-75a234e1c3fb,3893815,Women's World Cup,2023,0
58ab1da1-bd5e-4248-b427-abeabfb9fa3d,3893815,Women's World Cup,2023,0
27e5063f-1fc3-4b01-8bbe-68bd194cc5ec,3893815,Women's World Cup,2023,0
d895cc77-9f0c-4d27-a883-c53940ceb5f9,3893815,Women's World Cup,2023,0
65b2d318-f354-4f84-a2cc-c08b0d59ee26,3893815,Women's World Cup,2023,0
bbd206a3-2870-4597-a7ee-b9253562c50c,3893815,Women's World Cup,2023,0
54df046c-f156-4c0a-9e96-f7acf770d97d,3893815,Women's World Cup,2023,1
a4137a6d-9929-46ae-842b-a53b5b5f65c5,3893815,Women's World Cup,2023,0
22fc89a8-94fa-44fd-a900-ef36f7e49a8f,3893815,Women's World Cup,2023,0
f7e9db4f-74f0-4f57-8cd7-785a9298cec8,3893815,Women's World Cup,2023,0
c9c0bf32-7c64-44f2-9fa4-9ddfb84baf23,3893815,Women's World Cup,2023,0
494730fb-a02a-4bc6-997e-dd38574e26bb,3893805,Women's World Cup,2023,0
a2c249e0-191d-42d2-be1e-77e31e60b517,3893805,Women's World Cup,2023,0
4e586667-bc69-4af8-ab4b-465fc36ba4f6,3893805,Women's World Cup,2023,0
317d441f-d792-468f-9c0a-ed0ed68aa869,3893805,Women's World Cup,2023,0
b6ca5b21-c777-47a8-804c-2a3838b643ca,3893805,Women's World Cup,2023,0
6ffa3eb0-93e0-48e1-a0b0-1c90b94cd41c,3893805,Women's World Cup,2023,0
941cba3d-ef11-4a4a-8800-886856cd65fb,3893805,Women's World Cup,2023,1
e7d1e085-391e-47f2-8886-ca1fd13e3ffd,3893805,Women's World Cup,2023,0
8029aef4-dc40-49a4-a1f6-20f865290ec4,3893805,Women's World Cup,2023,1
3a0a9889-ec6b-4834-819f-01230064934e,3893805,Women's World Cup,2023,0
3c4c01cb-8261-4f3c-b084-10ae76a29f38,3893805,Women's World Cup,2023,0
2f9f0f7c-eb8f-4ea3-bbb7-62e77779bb4f,3893805,Women's World Cup,2023,0
c2da2209-907d-4afe-b30d-ce48e30e3dfe,3893805,Women's World Cup,2023,0
2fecb8e7-131f-4bf6-9d61-5854310e4afc,3893805,Women's World Cup,2023,0
3b9b3337-53ba-4853-8d6a-2beece6d661e,3893805,Women's World Cup,2023,0
baf45c38-2197-48d5-a41b-9011a433bb27,3893805,Women's World Cup,2023,0
bea90e8e-62c8-4964-8cce-e45d4d3d6ab2,3893805,Women's World Cup,2023,0
b41e3745-3c50-41bc-9076-5a6e4992b3b6,3893805,Women's World Cup,2023,0
c18a13a3-7dbc-45fc-a759-22cfb9c2f0a8,3893805,Women's World Cup,2023,0
cd1eeca0-2573-4e08-a4ff-78bc1e94d6df,3893805,Women's World Cup,2023,0
e522d2ea-2fd3-476c-98f4-fd85005a9390,3893805,Women's World Cup,2023,0
55a0d79f-d723-4397-9b86-ed4dd71d4ef0,3893805,Women's World Cup,2023,0
52eb9d24-5662-4d72-a042-e3200cfcf535,3893805,Women's World Cup,2023,0
d73a7050-2d28-40db-9ad2-0b168ab0f147,3893805,Women's World Cup,2023,0
1e0e6e4c-294b-4fed-830b-4516c51b614e,3893805,Women's World Cup,2023,0
a8898105-497c-44ac-999a-afecdae1da66,3893805,Women's World Cup,2023,0
7bf9f9fb-4d10-46ff-a9a8-69ea02d2d558,3893805,Women's World Cup,2023,0
5d55e639-dbf2-47bc-a7a0-b3533ecd90a4,3893805,Women's World Cup,2023,0
953257f3-0fb1-40d6-9903-07c11347d82d,3893805,Women's World Cup,2023,0
113bc870-3fa8-4200-826c-14eee62293d6,3893803,Women's World Cup,2023,0
59acc4b0-28d5-443b-bb9a-8b03a416a6a8,3893803,Women's World Cup,2023,0
17d9cb2d-374a-42f4-a08a-d880c27d9a59,3893803,Women's World Cup,2023,0
b4c634a2-991a-4904-b45d-d9ae27258533,3893803,Women's World Cup,2023,0
838456e4-3309-4aaa-99e7-fb0042dd19cc,3893803,Women's World Cup,2023,0
bce91687-f9ad-41d1-a01a-e569c28fd931,3893803,Women's World Cup,2023,1
2fa02833-46aa-4f5c-b2d1-ce8150a6a7f2,3893803,Women's World Cup,2023,0
10803c2a-492f-49ea-812a-08931ab380ab,3893803,Women's World Cup,2023,0
5fefa5bd-3453-4521-9c43-5f34151d7d93,3893803,Women's World Cup,2023,0
29bc11b0-3285-451a-8695-ca6775008f09,3893803,Women's World Cup,2023,0
de76a08b-c974-4f31-8a0a-2ffee079977f,3893803,Women's World Cup,2023,0
df2a1480-63c0-4bed-b2c3-d262d7dd8a00,3893803,Women's World Cup,2023,0
85aa7bdd-9390-4a13-b65b-e245eecbb97a,3893803,Women's World Cup,2023,0
25d72a00-3f12-4888-b5da-7b521697f2b3,3893803,Women's World Cup,2023,0
08c1b99e-a3c4-413e-be15-1dc443375372,3893803,Women's World Cup,2023,0
092e8835-3b24-4e8f-8d04-c7c70107e6d5,3893803,Women's World Cup,2023,0
3f2b7c0f-182f-46b4-9388-4b77506e3ac2,3893803,Women's World Cup,2023,0
bfa19769-9b73-48eb-b046-63a7bb60e02b,3893803,Women's World Cup,2023,0
99f9338b-3f89-4067-bcca-409f61e70762,3893803,Women's World Cup,2023,0
c0d1c155-3a5b-4c79-8b51-0d96f4f26f0c,3893803,Women's World Cup,2023,0
90306822-63ff-4385-bf2a-0941986fb425,3893803,Women's World Cup,2023,0
841522fa-3082-445b-8794-2338a7244ab9,3893803,Women's World Cup,2023,0
970fa3f3-30e6-4e61-be2b-bb7299fed1b9,3893802,Women's World Cup,2023,0
294fe7ef-96a7-4bcd-95f7-90eb37be9443,3893802,Women's World Cup,2023,0
e14f9d61-f55b-4218-a3c6-7561c22245b3,3893802,Women's World Cup,2023,0
34a9f3ed-9856-410f-95ac-b8fbd777b779,3893802,Women's World Cup,2023,0
55656f0c-d864-4408-9d58-64ab3e878423,3893802,Women's World Cup,2023,0
5dd8a056-41d1-43e2-90ac-3ffa9ff6eafa,3893802,Women's World Cup,2023,1
4383afca-6ac8-41fb-95e6-4635483b2df5,3893802,Women's World Cup,2023,0
fdd321bc-d721-40a7-8a4b-f6ab15a8a099,3893802,Women's World Cup,2023,0
4986ce1f-2ac7-4da1-8455-9fdb46edc92b,3893802,Women's World Cup,2023,0
19104f35-3b46-48cf-ae35-16f26090f89e,3893802,Women's World Cup,2023,0
470fdfa9-ab51-42db-97e3-11b713cdf480,3893802,Women's World Cup,2023,0
b91d65a5-1c9a-42dc-a7ec-4c71664ea44c,3893802,Women's World Cup,2023,0
b89742f5-e2f8-4f27-a397-f3d1c3fe1a45,3893802,Women's World Cup,2023,0
32491d47-3a5c-4e82-a3ce-cd4c7dcc919f,3893802,Women's World Cup,2023,0
0e5fd379-2943-4509-9fb9-61b0287a4110,3893802,Women's World Cup,2023,0
d4e43aba-2a68-4b11-b17c-e2c3536e051c,3893802,Women's World Cup,2023,0
9adffe1b-9ae7-4035-8784-646642418411,3893802,Women's World Cup,2023,0
db9316a6-7921-4502-a979-ab4460e6711a,3893802,Women's World Cup,2023,0
b41a2fad-d40a-4246-9da7-3bbd5d3dd035,3893802,Women's World Cup,2023,0
3477a656-1aa6-4f0b-9945-1766ff7a55f2,3893800,Women's World Cup,2023,0
881e8524-d5e1-4bec-8eb0-487318b0e07a,3893800,Women's World Cup,2023,0
5c10b2c2-c287-4330-b930-241e60e2764d,3893800,Women's World Cup,2023,0
1a2875d9-27a6-4397-bbbb-465a71b636b8,3893800,Women's World Cup,2023,0
20888a54-57e5-4968-95f7-6b8e006eb66e,3893800,Women's World Cup,2023,0
e2dcb3c1-eb5b-4d6a-ad49-2d49ade0d3f2,3893800,Women's World Cup,2023,0
755bf233-3568-4dfc-afe0-c8af309662cc,3893800,Women's World Cup,2023,0
a250fa22-c62b-4782-9638-b0ad9b67dec3,3893800,Women's World Cup,2023,0
1fafda70-578e-455d-a6a8-0a6fbf7da6ba,3893800,Women's World Cup,2023,0
bb4f64d4-77ad-4107-abe3-861e187c5bd1,3893800,Women's World Cup,2023,0
10d44197-6ca7-4ff4-a3d0-7c53ce76db61,3893800,Women's World Cup,2023,0
b80ebaae-65e1-47c1-af29-78bb1ae24b30,3893800,Women's World Cup,2023,1
4bbdf12d-0ec9-4221-ac50-d77d0e0220da,3893800,Women's World Cup,2023,0
815322f1-d5d4-4c34-9d1b-bdfdc288749d,3893800,Women's World Cup,2023,0
ee3fdfec-ee29-4bf3-b233-fdfefd758895,3893799,Women's World Cup,2023,0
1cc0e6a8-864f-48a4-9e28-ef2bc1baa393,3893799,Women's World Cup,2023,0
a9967903-412f-4782-b263-164bc0f74688,3893799,Women's World Cup,2023,1
e4880e32-fc6c-4b25-b8de-7eb27a47fbe6,3893799,Women's World Cup,2023,0
3fdfa766-fb9a-47f5-bf3b-dfb3d00ee2fa,3893799,Women's World Cup,2023,0
82b2611c-d870-4d7c-85c2-9d7ac4b70c7a,3893799,Women's World Cup,2023,0
6c1278a5-2dbd-4108-a9fb-2717b992eeb8,3893799,Women's World Cup,2023,1
9c29010a-ddea-47d9-a6cf-bdb5bedb36e0,3893799,Women's World Cup,2023,0
028eef49-db7d-412a-8371-a1a5bab22aa8,3893799,Women's World Cup,2023,0
c7128e6b-d61c-4ff1-ab84-d7446ca0963a,3893799,Women's World Cup,2023,0
9d6f86c1-fe6e-4ab5-9be8-1f55c4931b0f,3893799,Women's World Cup,2023,1
32b8be36-2699-4f8c-9189-d08a3021f607,3893799,Women's World Cup,2023,0
24384baf-6bc4-4977-811a-5dad2bad98f3,3893799,Women's World Cup,2023,0
28cfb44c-8506-4614-b046-34bf0dd71a8e,3893799,Women's World Cup,2023,0
922842a4-8924-42ff-88ae-6c1e119bb029,3893799,Women's World Cup,2023,0
12e2e618-a682-42b4-8868-185d1d468966,3893799,Women's World Cup,2023,0
005c25cf-672d-42d9-bf83-eb02797d2408,3893799,Women's World Cup,2023,0
c59c4669-46bd-43ae-89e1-3461ec7b037d,3893799,Women's World Cup,2023,1
fd5eae93-6704-4e77-a561-ceede960ae01,3893799,Women's World Cup,2023,0
c91aa461-a514-4299-859c-c9eab0b1943c,3893799,Women's World Cup,2023,0
8968d0d5-c0c9-4a61-94b9-f2bf440a72ba,3893799,Women's World Cup,2023,0
6f94cbe5-c2b7-43b0-bcd8-b0da6c0553d9,3893796,Women's World Cup,2023,0
08f2362e-ed7b-455f-ae07-a27946bfe033,3893796,Women's World Cup,2023,0
96e93396-da55-4746-90e7-037b235d7ea2,3893796,Women's World Cup,2023,0
93d3fbad-2f16-47e6-80b6-33f7477e46d9,3893796,Women's World Cup,2023,0
b002711b-1b18-41cd-b157-da19e4bd02e2,3893796,Women's World Cup,2023,0
801dbcdf-8710-49c8-bcec-90eca3609838,3893796,Women's World Cup,2023,0
4f4a7059-daf5-47c2-b98a-beb6e44c270c,3893796,Women's World Cup,2023,0
5daa224f-0e57-4909-87e3-75f1cbc26283,3893796,Women's World Cup,2023,0
7fe48d2f-9ba8-4afd-b499-1f2a203446b3,3893796,Women's World Cup,2023,0
6417dc1d-4ab9-4ff1-820c-51b26170d671,3893796,Women's World Cup,2023,0
d6fae5ed-27aa-4000-b494-e344726f0518,3893796,Women's World Cup,2023,0
003c51db-3e8d-43d1-b551-9e40ba2d1fc0,3893796,Women's World Cup,2023,0
3930cdb9-7755-4f95-b1b1-1babbedb9238,3893796,Women's World Cup,2023,1
074d5c48-87e1-4bd1-81a9-907b5032d011,3893796,Women's World Cup,2023,0
6588eb24-5196-4b78-b0bb-4ba750497865,3893796,Women's World Cup,2023,0
7dd5edf1-1630-4847-b399-ae4fa9036d37,3893796,Women's World Cup,2023,0
5c6cf61d-aba7-455a-b04f-01a0f3f95310,3893796,Women's World Cup,2023,0
9e3ecc95-1590-4cc1-b5b1-8fae6fef3f4a,3893796,Women's World Cup,2023,1
6ef295ef-c900-4fb1-a1f2-9cc3cc2a6fe3,3893796,Women's World Cup,2023,0
859b8fa3-26b7-4e0a-aca8-467c5d65cd55,3893796,Women's World Cup,2023,0
7f8dd5e0-89bd-4b4d-a881-91eba1346756,3893796,Women's World Cup,2023,1
422590b5-6c21-4804-a122-99df07d6b328,3893796,Women's World Cup,2023,0
9de2f16d-7698-467e-89d8-326c0196e6be,3893796,Women's World Cup,2023,0
89660572-24a3-4c70-9d8e-7f01749fb327,3893796,Women's World Cup,2023,0
cbdbef0c-0074-4bec-8c5d-5e58de30dfb8,3893796,Women's World Cup,2023,0
47cfe770-636a-46bc-82fc-822504c791f6,3893796,Women's World Cup,2023,0
25519532-9fe5-4588-9fb8-37fdf1cf3980,3893795,Women's World Cup,2023,0
ebc442b1-3082-40f0-a036-16230bb919af,3893795,Women's World Cup,2023,0
901c8170-d88a-44dc-89dd-8c6f046159f9,3893795,Women's World Cup,2023,0
0233a048-3f22-4610-8eab-5ffa7b8b2192,3893795,Women's World Cup,2023,0
6622ecd5-ef19-4e59-afd6-6ff4350049f0,3893795,Women's World Cup,2023,0
e586ec11-60ec-4c61-8a6e-853aee727990,3893795,Women's World Cup,2023,0
593ae4ae-d738-4743-9fe2-a7a8a69dc105,3893795,Women's World Cup,2023,0
65409b1b-2c45-48a9-b404-b3aa2b19ce3e,3893795,Women's World Cup,2023,0
31864178-88af-45b7-8367-bbef71c6dfba,3893795,Women's World Cup,2023,0
965098d6-8132-4ca3-95b8-b1009f1a9589,3893795,Women's World Cup,2023,0
ea0738d2-0250-4d9b-a96b-79d24cb76a6a,3893795,Women's World Cup,2023,0
1da6b8d6-ecd4-4b13-82ae-940e5de462d9,3893795,Women's World Cup,2023,0
6ccea6db-74a8-425e-b004-d8c4923255f8,3893795,Women's World Cup,2023,0
ceb930de-5f47-46f8-b3c9-8db196eca673,3893795,Women's World Cup,2023,0
69734d97-1c9c-4e96-9acd-9573c4510f05,3893795,Women's World Cup,2023,0
b0d9452e-0ef6-4102-9a4b-9df4b3492207,3893795,Women's World Cup,2023,0
cc10ca92-328b-4b92-875d-bd81cd741245,3893795,Women's World Cup,2023,0
ed61090e-44cf-4f08-ab81-106fb66897ed,3893795,Women's World Cup,2023,0
f083a7b2-d8b9-4c4e-819b-5ac4b1c3d35f,3893795,Women's World Cup,2023,0
17aabb78-82a1-495b-a86d-d9d6f2c7c473,3893795,Women's World Cup,2023,0
dcf292f7-4953-4123-ae40-ab2a6664cb2a,3893795,Women's World Cup,2023,1
29270ffb-7883-4388-9b02-da4a78900c35,3893793,Women's World Cup,2023,0
2ef6a52f-6dac-4e21-b3f9-43b9febfeb4f,3893793,Women's World Cup,2023,0
246ed4e1-b43a-4104-855c-1341f79a0e1c,3893793,Women's World Cup,2023,0
8ba54407-3e51-465b-a9d2-8f5b6a1e2a88,3893793,Women's World Cup,2023,0
d36c7571-0398-4650-a85b-bd4596d7a296,3893793,Women's World Cup,2023,0
2a9ddf36-2cf1-44f5-91eb-ce477c4cd1d4,3893793,Women's World Cup,2023,0
fb921038-29d0-4163-a651-9c72d35a6b41,3893793,Women's World Cup,2023,0
f29fe4bf-1b1c-4909-8146-5d076d091000,3893793,Women's World Cup,2023,0
383889dd-51cb-47be-8da7-df1725619d9a,3893793,Women's World Cup,2023,1
10744dca-1a27-446b-976a-b541a20fe1f9,3893793,Women's World Cup,2023,0
62b083cf-0e38-4d73-bde4-1ca901ae0a92,3893793,Women's World Cup,2023,0
04ee1651-2fb5-4d90-995d-c9a09892066d,3893793,Women's World Cup,2023,0
be353919-69ff-4fda-80c1-668027ecb103,3893793,Women's World Cup,2023,1
1086bad5-d86d-4056-8db8-2ca14d76972f,3893793,Women's World Cup,2023,0
72e067c5-da41-43b3-be1a-7f25778a0b68,3893793,Women's World Cup,2023,1
479a06d9-18bc-4101-af75-e8ea4dcd6e34,3893793,Women's World Cup,2023,0
db25dae8-6e98-436e-9970-4f1c27052dae,3893793,Women's World Cup,2023,1
4225c92f-9874-412b-a6f9-652b5cf02478,3893793,Women's World Cup,2023,0
8123a9fd-2d23-44f6-9292-e9d4c7e4d03b,3893793,Women's World Cup,2023,0
0e3fb484-caaf-411c-8d3f-340b6f47d31e,3893793,Women's World Cup,2023,0
e175a2b1-18f7-476d-b6cb-eb8e623447b9,3893793,Women's World Cup,2023,0
c35db3b9-f075-4db9-8b69-cc661088cd66,3893793,Women's World Cup,2023,0
1e912dba-c349-4a82-985e-76ec6787415a,3893793,Women's World Cup,2023,0
f3d29f34-3614-4648-bfd1-9a0530c36d3a,3893793,Women's World Cup,2023,0
3473cc2a-c7b4-4c21-b4c5-3631b79d8ba8,22949,Women's World Cup,2019,0
b987d5a3-0152-4919-8fcf-5ad26f4b2883,22949,Women's World Cup,2019,0
cd838028-9847-4638-86d6-955feb6ec3e0,22949,Women's World Cup,2019,0
7d9bced3-546a-4116-aded-67eeed94a1f5,22949,Women's World Cup,2019,0
6b0f45c7-2429-49d7-979f-9e9f602df355,22949,Women's World Cup,2019,0
adcd0aef-ee8d-4e75-85f2-5c9044b87220,22949,Women's World Cup,2019,0
6e7f8020-b449-4635-b528-683609385707,22949,Women's World Cup,2019,0
92e7c280-b29a-480a-968d-4d4d4334b9f8,22949,Women's World Cup,2019,0
c7428f15-43a1-4cb3-97bf-cec751fce47e,22949,Women's World Cup,2019,0
42448fac-d651-45b6-ab29-9f79e5e147f6,22949,Women's World Cup,2019,0
6d015d29-b6dc-4197-a515-7aad6465e547,22949,Women's World Cup,2019,0
c824067b-b5e8-4200-9b21-8f63552994d6,22949,Women's World Cup,2019,0
d631eb84-d96d-4189-b88b-6d9c25d3d3a0,22949,Women's World Cup,2019,1
3e587585-b5ff-429f-a0db-a0dbb839747f,22949,Women's World Cup,2019,0
73bababc-a832-4ad7-a184-597377571e00,22949,Women's World Cup,2019,0
a3910c2d-2aca-45c0-b86c-aaa6fff70382,22949,Women's World Cup,2019,0
9b7a2e08-a726-4c61-83d6-507d182b9c9d,22949,Women's World Cup,2019,0
9838a93e-21e0-4b7b-b6c3-3e89d1db5170,22949,Women's World Cup,2019,0
1ebc2086-a50e-47a7-a147-4efc9c1ecd4e,22949,Women's World Cup,2019,0
0050a77c-f529-4839-9545-5ea87930f5b0,22949,Women's World Cup,2019,0
6642d7bd-69ed-462b-9180-a41384410d73,22949,Women's World Cup,2019,0
a83b7b5e-3aa8-4580-b32f-2c966a88f794,22949,Women's World Cup,2019,0
da508404-35c2-4715-9805-3f7423f86daf,22949,Women's World Cup,2019,0
96595ce2-cbc7-4b49-a66e-b316d040d78c,22949,Women's World Cup,2019,0
a3aeba14-7cb4-4aea-9e55-7bb891662692,22949,Women's World Cup,2019,0
e5daa464-71f8-454b-ba4d-91927ba4e549,22949,Women's World Cup,2019,0
34e675d0-2930-4520-bc11-c72e8b02f6d3,22949,Women's World Cup,2019,0
5cdac79f-dcec-4ab3-8fa5-32d047b76360,22949,Women's World Cup,2019,0
61882061-e9b4-42b1-aab7-4bdc1945053a,22943,Women's World Cup,2019,0
de5b5a07-23a8-45a9-be85-419e6342683b,22943,Women's World Cup,2019,0
d7a527f0-5e0a-4ff5-83ff-347591d86273,22943,Women's World Cup,2019,0
557e9620-97a2-45a2-b268-ea3786f79e84,22943,Women's World Cup,2019,0
153c5f92-f43c-484a-af9e-4dcaa4c67d9e,22943,Women's World Cup,2019,1
d1055807-157e-4613-9c5a-d020a3f12097,22943,Women's World Cup,2019,0
15ae86d9-3407-468e-a6b2-f6e3bccce572,22943,Women's World Cup,2019,1
0c5d1c17-dadd-4802-b5f6-4297ea66fc1d,22943,Women's World Cup,2019,0
71684ef8-2da4-421e-af36-74d40777a42e,22943,Women's World Cup,2019,0
83d7a45a-6c3b-47fb-b316-d029721e3234,22943,Women's World Cup,2019,1
35373af1-b195-4208-8f12-8f528cdc5709,22943,Women's World Cup,2019,0
00d95d13-8d78-4782-90f1-b1993384d5b9,22943,Women's World Cup,2019,0
9efbb15b-730b-4bef-985c-0706888bf35e,22943,Women's World Cup,2019,0
e71a9e67-7145-4841-9a17-6e1a7b93c91e,22943,Women's World Cup,2019,0
258c811d-f2fe-4e73-8845-e28031885dda,22943,Women's World Cup,2019,0
b2fb82f8-ae2d-4cdc-a256-a52029a1c603,22943,Women's World Cup,2019,0
1c0af0d9-3002-45cf-a5ff-00025d3d2f1a,22943,Women's World Cup,2019,0
53061a12-92bc-425f-a69c-d7e291c775a2,22943,Women's World Cup,2019,1
45d8ce2a-d07d-4a93-8977-c0c6a32ef1c4,22943,Women's World Cup,2019,0
866ddcc9-fc72-4951-b42a-61d723012612,22943,Women's World Cup,2019,1
6365b0ca-71f0-47b2-95ce-dc3ca221a65a,22943,Women's World Cup,2019,0
14de8cf1-32ec-40b1-8c3f-28e0aac564fe,22943,Women's World Cup,2019,1
34da9f7e-8da4-4056-b601-ba11e8423a56,22943,Women's World Cup,2019,1
1aa4419d-176a-41f3-8cd3-f3976faa6462,22943,Women's World Cup,2019,0
1dd888cc-f032-475f-848f-90be4de8ffa4,22943,Women's World Cup,2019,0
230000e7-48bd-4084-acc5-782eb3cd8a41,22943,Women's World Cup,2019,0
46de69c3-c8c2-46b5-8166-dad7ee05e599,22943,Women's World Cup,2019,0
ef2851bd-79f1-41a6-b759-73504345c35e,22943,Women's World Cup,2019,0
fd0f2311-6b54-4d70-8da6-0de6981abc37,22943,Women's World Cup,2019,0
eb7b711b-8216-45f9-aac4-3f8e0ae0720d,22943,Women's World Cup,2019,0
2f0b9d29-201f-4e51-938c-26568f9a90d8,22943,Women's World Cup,2019,0
5b44ef77-0d98-48ef-b4e1-5264274b77d0,22943,Women's World Cup,2019,1
e11e8143-a05e-4e01-8cde-efee5248eb8b,22943,Women's World Cup,2019,0
49f0489a-bb53-458b-b163-ca9c3b587021,22943,Women's World Cup,2019,1
d62d1fcd-0ee2-4151-957a-64d44d9594f7,22943,Women's World Cup,2019,1
3e03eaeb-3444-47e1-95fd-9e2bd3d21398,22943,Women's World Cup,2019,0
a59475d0-a22f-4a0f-967a-d7c151aa18ca,22943,Women's World Cup,2019,0
e7373a80-63e8-40ac-96f7-60cb3d2ed6a1,22943,Women's World Cup,2019,1
03967949-4fd7-4b84-8074-a6cb68dd9ad6,22943,Women's World Cup,2019,1
d2d7e943-626c-4495-ae14-958c5aa16aae,22943,Women's World Cup,2019,0
4bfda217-3b0d-4403-8705-5935308e2805,22943,Women's World Cup,2019,1
7a55155f-2514-42eb-a1ae-5cf95c34ddd8,22944,Women's World Cup,2019,0
055b32ed-133d-4ff2-a0d1-86aad867d6f9,22944,Women's World Cup,2019,0
99d64096-9065-4b41-b921-7f3edf99e200,22944,Women's World Cup,2019,0
f241a01e-38f0-4dd7-b1d9-388d2e313b7d,22944,Women's World Cup,2019,0
ded753c4-2a9f-4eac-9c3a-cac8587ede46,22944,Women's World Cup,2019,0
0ae90573-4946-4150-8941-5793e1114ede,22944,Women's World Cup,2019,0
da92f222-21c6-4f9f-bcc5-693b8a99c47b,22944,Women's World Cup,2019,0
560e572a-ef93-4ef7-9718-6a9994c20441,22944,Women's World Cup,2019,0
5099ad80-6e1e-4730-bc8c-5b1e5ce946d1,22944,Women's World Cup,2019,0
add624ba-eee0-47e8-bfc6-02f6c74b46b1,22944,Women's World Cup,2019,0
6ac19024-6040-48ef-a6c4-eef7364ba066,22944,Women's World Cup,2019,0
181ca5bc-1209-4ee1-8642-867a8b6fd2fa,22944,Women's World Cup,2019,0
29ffe52a-9d3d-4702-8a0d-db9878410483,22944,Women's World Cup,2019,0
ac109fdd-3f42-4876-b365-363a0c06b8d3,22944,Women's World Cup,2019,0
7b8179a2-d8ca-4b68-804c-5183056792d5,22944,Women's World Cup,2019,0
0a9b0426-55e9-4222-9418-c78dd8595f06,22944,Women's World Cup,2019,0
2aea5a4b-c29c-4028-a67b-8971dd4d7337,22944,Women's World Cup,2019,0
17936081-4212-42cb-a566-b19a2a1fdccf,22944,Women's World Cup,2019,0
fc10b12b-20c4-4520-a4d5-23ad709a4475,22944,Women's World Cup,2019,0
d4af73b8-d5ba-43ef-9f6b-8b46ac610fae,22944,Women's World Cup,2019,0
dbc24b1d-1488-47d0-95f3-4fd33646e5c2,22944,Women's World Cup,2019,0
32f97dde-2392-42bd-a2c3-2b43e98f93ee,22944,Women's World Cup,2019,0
1250f9ca-6688-4cdf-8110-10f4fb29d7bf,22944,Women's World Cup,2019,0
10a89cb6-b414-4109-a1ea-60b5f762b604,22944,Women's World Cup,2019,0
d14edfe3-8e66-4e76-876b-37f6661dfbb6,22944,Women's World Cup,2019,1
408ac7a5-c4cf-4812-be29-694cd8ef9ae9,22944,Women's World Cup,2019,0
9a58cc29-f727-4c8b-bbed-38e1bd455600,22944,Women's World Cup,2019,0
35433f63-46d0-49da-89fc-6e9d30278242,22944,Women's World Cup,2019,0
4f4c47b5-4d49-451e-876e-996fd2ae70e1,22944,Women's World Cup,2019,0
4628e3c4-4b4d-4b41-bb04-9ef3895e4ea6,22944,Women's World Cup,2019,1
6134d78e-7d50-4b3c-a6c7-042a6d05323f,22961,Women's World Cup,2019,0
d232de23-1284-43ce-92ba-a0d0a595a7fb,22961,Women's World Cup,2019,0
1addf576-9cd8-4f99-93d6-188ae9ffa880,22961,Women's World Cup,2019,0
bc75e5c5-5c46-4054-875b-1fa388204370,22961,Women's World Cup,2019,0
ff51f564-e6aa-42e8-885b-fccf43bde81f,22961,Women's World Cup,2019,1
3bcdb20c-4604-4658-8ec8-571cfadc1c0c,22961,Women's World Cup,2019,0
fc1cad1a-7880-4d84-a56a-40b458195f35,22961,Women's World Cup,2019,0
813d8101-cb1d-4db2-92e1-b9d3e4abf19e,22961,Women's World Cup,2019,0
7d720276-1fe3-4d47-b5df-8f26634a7c49,22961,Women's World Cup,2019,0
f1231090-04a8-4642-a01e-2c902e34aad9,22961,Women's World Cup,2019,0
925b0936-9d73-4550-b358-c9f70ef1f3d4,22961,Women's World Cup,2019,0
94e81cb3-e8b3-4c29-9dbc-4fd9c6663615,22961,Women's World Cup,2019,0
457e3e85-31b9-4b3a-8f28-e99552b7b06a,22961,Women's World Cup,2019,0
7d35e0b6-9d27-42a6-9300-fac3ffe67aba,22961,Women's World Cup,2019,0
c7627199-90b8-4630-8efc-8edb201afdd9,22961,Women's World Cup,2019,0
4b29b131-bf71-4527-8a61-e1ca3be6c207,22961,Women's World Cup,2019,0
530f07ff-54ac-4ac5-85e8-b6fe1c4a005b,22961,Women's World Cup,2019,0
0dd1781e-98f9-4f03-a5b0-2d949cddb08b,22961,Women's World Cup,2019,0
95cbbc34-4285-495a-824c-650cb6323798,22961,Women's World Cup,2019,0
39093844-010a-4aac-af4c-c0e6a729a321,22961,Women's World Cup,2019,0
04dbafbd-075b-4fd0-958d-c706c6d0ddc5,22961,Women's World Cup,2019,0
b8dbf07b-85ad-4aa0-bdb0-cc83d618d8e2,22961,Women's World Cup,2019,0
712b09e8-56d2-4932-9892-315053956bbf,22961,Women's World Cup,2019,0
5b6cf5c5-6e78-4638-ab23-be12d2192da1,22961,Women's World Cup,2019,0
1847fdb5-adfe-4132-a8d5-c6cf0b4f990b,22961,Women's World Cup,2019,0
a3b44469-6731-42f6-955d-2a46a28e1e05,22961,Women's World Cup,2019,0
dab5b8fd-d303-4bfb-a248-4840b57d1a39,22961,Women's World Cup,2019,0
8f3c198e-8af0-4934-a8eb-fbd57f7228b6,22961,Women's World Cup,2019,1
589c0d17-79cd-4cfe-9a38-f06866338b20,22961,Women's World Cup,2019,0
09605a10-0b93-4adb-80a2-47c1d5757664,22964,Women's World Cup,2019,0
11bc38f6-6791-4188-9c03-18537268b162,22964,Women's World Cup,2019,0
3deb962f-9cc1-4c31-8f74-c9ed1c51ec5b,22964,Women's World Cup,2019,0
a69912cd-9a59-4dbd-95f3-3d0aaaf2aec7,22964,Women's World Cup,2019,0
f839f538-c617-4cc2-9b81-b7a40d9061d2,22964,Women's World Cup,2019,0
a442df60-6bc0-49d1-a12f-e5c8677bd9a1,22964,Women's World Cup,2019,1
c6af68cd-2d5a-49e4-909a-a62d4dca0277,22964,Women's World Cup,2019,0
17f5c076-b561-4762-ae23-18367e2c2f33,22964,Women's World Cup,2019,1
847cf8da-f7f0-42ca-be4b-5eb5561cb693,22964,Women's World Cup,2019,0
5839e6be-ba0a-414f-b0c1-5205b0677871,22964,Women's World Cup,2019,1
09271c57-80bf-4188-abd6-fffef0c90c68,22964,Women's World Cup,2019,0
9369d265-8533-46c7-8383-0c3f7caf22fc,22964,Women's World Cup,2019,0
cde87f41-2b8f-4561-ba19-94967bb4d6d4,22964,Women's World Cup,2019,0
b1697058-d518-46ab-b159-30b85521e129,22964,Women's World Cup,2019,0
6f9e3996-a1ec-4e36-b630-6f308d0e8627,22964,Women's World Cup,2019,0
7557645d-5bc1-4140-a172-051e86b082d4,22964,Women's World Cup,2019,0
f806b9be-2cc6-4d57-9686-005dbf318da0,22964,Women's World Cup,2019,1
afe2add9-fa36-4c43-937b-cc3f45dd850c,22964,Women's World Cup,2019,0
9cfd0c6c-dbb3-4a9f-84a1-b3446975369e,22964,Women's World Cup,2019,0
3fa63ae8-1cd4-4b73-94fc-7a9b15eb94bd,68357,Women's World Cup,2019,0
802d1da9-2547-4302-a645-e8465c83c024,68357,Women's World Cup,2019,0
a4bee788-6742-4928-ba2d-a3fd56ee9ead,68357,Women's World Cup,2019,0
b6425f59-2453-407a-9918-5a08d8edccc0,68357,Women's World Cup,2019,0
02141bc8-323a-4639-8531-5b604b6d21d0,68357,Women's World Cup,2019,0
50a1a328-57f7-4b24-939e-de0554021678,68357,Women's World Cup,2019,0
a42c7c97-2405-4eeb-bb44-44ec192990c5,68357,Women's World Cup,2019,0
78c25777-57cb-45bc-9dec-a8efa7aa9c77,68357,Women's World Cup,2019,1
f2a97bb0-143b-4495-bb67-016f3d12bc73,68357,Women's World Cup,2019,0
da5df9e9-3b55-4d46-8a0c-02c9f511c515,68357,Women's World Cup,2019,0
87cf8a91-5b79-484e-b0fe-4c6b0628360a,68357,Women's World Cup,2019,0
1a7a4c40-62c8-478c-b97c-548f6a4a5e5c,68357,Women's World Cup,2019,0
75742cdc-860a-4ae8-a5d4-4058f62bb3a9,68357,Women's World Cup,2019,0
1ed62ca4-28d9-4548-9018-59d92d8e4792,68357,Women's World Cup,2019,0
d5a28853-da19-4f5d-a854-03b2f5b327c1,68357,Women's World Cup,2019,0
16868a1c-76b3-4131-a2f6-3dc2682ae8e1,68357,Women's World Cup,2019,0
ef11e33e-588f-46db-ade8-6639a26ec911,68357,Women's World Cup,2019,0
1df74c76-42c1-466d-96a6-87bc031314ec,68357,Women's World Cup,2019,0
a69a77a8-8982-4f15-b53e-5a3764a31452,68357,Women's World Cup,2019,0
efc643e4-f387-4a11-87ab-17a1febe1c05,68357,Women's World Cup,2019,0
8e054691-ceb9-47ab-9d89-777704049faa,68357,Women's World Cup,2019,0
7d2d3c9e-81ae-426c-83ac-301d7c3a3210,68357,Women's World Cup,2019,0
24d5703e-0f9d-4378-b973-05b60134573c,68357,Women's World Cup,2019,0
331f5cc0-205c-47ff-bea7-f467d1d00c7f,68357,Women's World Cup,2019,0
c39cd7b7-11c0-4a98-97c3-7e76324700c3,68357,Women's World Cup,2019,0
17d6a74d-feb1-4495-8511-eca7336f7e54,68357,Women's World Cup,2019,0
5737f1a1-8be2-4454-8844-c9899b278140,68357,Women's World Cup,2019,0
b83fdb87-ea24-480d-9962-4b1987560880,68357,Women's World Cup,2019,0
ea16eff1-4f16-4f03-b81f-15c93c31c9bb,68357,Women's World Cup,2019,0
4f1f734e-fb23-4091-b1d2-140ddb9bfcec,68357,Women's World Cup,2019,0
ddcfcdbb-9fa8-481c-93d3-21e50f1b004c,68357,Women's World Cup,2019,0
1a9ca820-c894-43f8-b213-62812661955a,68357,Women's World Cup,2019,0
2238652b-c56e-4c32-8106-22a7262618ee,68357,Women's World Cup,2019,0
f1938b9b-8c7f-4368-8313-172cd867c854,68357,Women's World Cup,2019,0
142781a6-6ea4-4e15-8bc5-8dfbc5d808c8,68357,Women's World Cup,2019,0
e9377ac3-6f32-4b11-a942-5a95e4dba598,68357,Women's World Cup,2019,0
cbe5ead0-4711-43fd-84ae-84811df08505,68357,Women's World Cup,2019,0
94846271-1617-48eb-89bf-026945820e7f,68357,Women's World Cup,2019,0
de0f379a-fc2f-435b-9017-89ba87804c6d,68357,Women's World Cup,2019,0
d950824f-2c07-46d0-9a9a-ac5fa5997f11,68357,Women's World Cup,2019,0
77dff8ec-7de2-4796-ba47-ef33684d4a7e,68357,Women's World Cup,2019,0
616594c4-595b-46a0-86a4-f95f7efd245f,68357,Women's World Cup,2019,0
f10b779f-ad17-4cb3-a46b-c72c21a3cf75,22933,Women's World Cup,2019,0
dda38fe3-2304-4d34-a6dd-5d54a9e9de5c,22933,Women's World Cup,2019,0
8ebb86a1-3485-4c02-ae8c-1923d19cc699,22933,Women's World Cup,2019,0
aa331eec-6e16-41f8-bf8e-e7925d6b27d2,22933,Women's World Cup,2019,0
4ffdb50f-29e1-41d2-9054-08e13cde52a8,22933,Women's World Cup,2019,0
1c34befc-c1bd-4ff3-af52-171c6c405add,22933,Women's World Cup,2019,0
17eabd4b-3c29-4080-83b7-1bd7be625f20,22933,Women's World Cup,2019,1
e12ae577-1171-402a-9a59-3b12122d9895,22933,Women's World Cup,2019,0
5a54d147-56ef-445b-af51-c7b8ef8b43a0,22933,Women's World Cup,2019,0
5c0f5e7c-04bc-4ea3-bc0f-2928902443e2,22933,Women's World Cup,2019,0
c78e377d-a7b4-4ec9-a50d-f5c4c68f3fed,22933,Women's World Cup,2019,0
9f72602c-9491-459c-ae21-b216f4f5bbe4,22933,Women's World Cup,2019,0
17edac52-3ae2-421f-aa61-5cb62290eddc,22933,Women's World Cup,2019,1
968a1e18-7558-4673-bdf2-5801b733f820,22933,Women's World Cup,2019,0
f998c766-b5c6-444b-93b2-28d9da54d7bf,22933,Women's World Cup,2019,0
def337cb-1878-443c-91f6-51b0337a9dbe,22933,Women's World Cup,2019,0
d7e94a11-d63e-417a-a117-6c0cf2d710c4,22933,Women's World Cup,2019,0
7720d471-e827-4165-9ff0-ba7cf0ba6523,22933,Women's World Cup,2019,0
46cc5c9b-876a-4d84-9eb0-4abb87ad279e,22933,Women's World Cup,2019,0
497f610d-46db-4a07-b87c-c23707117505,22933,Women's World Cup,2019,0
1312f4fc-26b1-415c-92b9-5a4bd044fb13,22933,Women's World Cup,2019,1
cbbbe55b-e9eb-4d66-9a12-c52cdc80856f,22963,Women's World Cup,2019,0
84c624d7-4186-439c-8bca-1b45089fc97f,22963,Women's World Cup,2019,1
bb710b6a-361f-4cc4-8b57-41e3479e4add,22963,Women's World Cup,2019,0
86445771-565e-46d7-ab4b-ad40efcdda92,22963,Women's World Cup,2019,0
48cdac9a-0ffe-4740-bacc-836d4a1011b2,22963,Women's World Cup,2019,0
cd3e3a6c-b38b-4924-8fa8-ec322f09f1a6,22963,Women's World Cup,2019,0
aeb10804-c454-45e5-b9dc-a1751f73c631,22963,Women's World Cup,2019,0
df1045d7-798e-4afd-afeb-84160d867bf7,22963,Women's World Cup,2019,0
5e274f55-6dae-4b44-9f55-1a2976b15376,22963,Women's World Cup,2019,0
895f5dbf-a948-4400-ace5-a536324874e4,22963,Women's World Cup,2019,0
60dfc0c6-d02c-4d6f-95bd-f49e96a59a0e,22963,Women's World Cup,2019,1
37fdc5a2-a8e6-4b94-b7cf-94d73e5134df,22963,Women's World Cup,2019,0
0bee30c7-8039-4751-8494-ed7f7e8ce574,22963,Women's World Cup,2019,0
ab5e5b99-36d9-439f-8350-e7bbd8e9ae2e,22963,Women's World Cup,2019,0
b9acb36d-c526-46e4-9ef1-32876b36ad8a,22963,Women's World Cup,2019,0
d16c27aa-adfa-4713-99a1-5e3f4982c14e,22963,Women's World Cup,2019,0
32d9a7a4-5909-4efe-9ba4-c7940cf7be3d,22963,Women's World Cup,2019,0
b9b15d08-071a-4306-9c9e-4d029cd1ed24,22963,Women's World Cup,2019,1
f34aa9e2-306e-49bd-a4ec-e6be27cfdd6c,22963,Women's World Cup,2019,0
081da078-cace-413e-8f74-23c5280440c0,22963,Women's World Cup,2019,0
419f361e-679b-4a48-8140-8ee6654bd7c2,22963,Women's World Cup,2019,0
9fa488c7-630f-4c36-8a28-261f6e92ad46,22963,Women's World Cup,2019,1
d0d3bdc1-8ae8-4ef8-8cfb-6a3f09bbe4ec,22963,Women's World Cup,2019,0
93b3f3fd-fad4-4c0b-b532-b088453d4c98,68311,Women's World Cup,2019,0
4477ddc0-cfa0-4179-9cc5-863656412646,68311,Women's World Cup,2019,1
fe78d87f-9f80-4963-9e0f-febcfca75fc8,68311,Women's World Cup,2019,0
4055dac6-2c60-4403-ae11-a90432e43e06,68311,Women's World Cup,2019,0
0c753191-3d97-422e-b63d-bd78bf3c5548,68311,Women's World Cup,2019,0
586d5eac-c926-4045-b3cc-38dd3aaca50c,68311,Women's World Cup,2019,0
43ce1b42-3d7a-4edf-a59b-7fe810455443,68311,Women's World Cup,2019,1
3252221d-c7b5-4bca-9e13-56093bd4c53a,68311,Women's World Cup,2019,0
2408a470-b018-410a-ad6d-bc6b57da5e10,68311,Women's World Cup,2019,1
1502594c-cb36-46e8-8584-d6c924ab47f6,68311,Women's World Cup,2019,0
765600dd-40aa-4431-8650-b1e08c1121f8,68311,Women's World Cup,2019,0
b625e616-315b-4a62-8794-fd4d1a1217d4,68311,Women's World Cup,2019,0
03a82ad4-6d72-49df-933f-c990a96e3ffa,68311,Women's World Cup,2019,0
ffce7990-aed6-4379-91a5-32a283419736,68311,Women's World Cup,2019,0
46508e95-a6cc-466f-85fc-d9d637a0efcb,68311,Women's World Cup,2019,0
8fedbd51-4b9c-4427-baa3-9bea37aac217,68311,Women's World Cup,2019,0
8b2a15f4-4897-4c17-9f01-e3ff654f1f5b,68311,Women's World Cup,2019,1
ecd392a1-e374-49ea-85bd-5cd38b7e2870,68311,Women's World Cup,2019,1
43a72375-8001-45bf-87b3-1874c0042486,68311,Women's World Cup,2019,0
870a889a-5136-4a7d-a981-305f3013a7b6,68311,Women's World Cup,2019,0
2396712a-7e5c-42be-9648-95f24fc11ba3,22940,Women's World Cup,2019,0
8fae8602-6be9-4300-9654-2c4cc2cf0a8e,22940,Women's World Cup,2019,0
5ff12586-e56e-47ae-b85d-06d3982b74c9,22940,Women's World Cup,2019,0
7aa070c0-7203-443f-976f-54a4d01da754,22940,Women's World Cup,2019,0
17631bb6-a942-45fd-920c-65350d984904,22940,Women's World Cup,2019,0
5dc5194c-9a70-47aa-a792-5a947a29a58f,22940,Women's World Cup,2019,0
8f8132d3-e10b-4b6a-956f-c4dfa9bfa097,22940,Women's World Cup,2019,0
5ffcd14c-3251-4687-ac9e-1a3afbfcfe64,22940,Women's World Cup,2019,0
76e906c2-da32-48b0-88f3-f5a38452a25a,22940,Women's World Cup,2019,0
ea6de2c4-1917-4401-b223-bc7a9785e0fc,22940,Women's World Cup,2019,0
b6d91f4a-7154-4716-b060-77d32bdbe118,22940,Women's World Cup,2019,0
02ba04b8-a8bd-4ea9-acd5-f4d5b5b30e93,22940,Women's World Cup,2019,0
4d008b3a-7165-47ce-bf50-a38e098825d5,22940,Women's World Cup,2019,0
ae06e531-8e66-416e-ad2c-84028a7ded10,22945,Women's World Cup,2019,0
2b50902c-ce30-4b86-a456-b5feb7c0d567,22945,Women's World Cup,2019,0
d44c24a5-9e5e-4ca1-988d-b6ed9e4640cb,22945,Women's World Cup,2019,0
0f204853-a88f-456e-a040-aead8411ef74,22945,Women's World Cup,2019,0
5cbf48ba-25f3-4b6d-ad38-bf3e957b10c7,22945,Women's World Cup,2019,0
93d6c566-2862-41e4-91af-1c5fee81207e,22945,Women's World Cup,2019,0
20ed3979-4528-4682-8a47-b4e20a5bc6f7,22945,Women's World Cup,2019,0
0b5da44d-499a-4a87-8c52-322adc10e9e9,22945,Women's World Cup,2019,0
71ac6c68-618f-4417-9610-fc9e7df17769,22945,Women's World Cup,2019,0
5c71c9c8-3cf1-4bd8-995d-db9e32919350,22945,Women's World Cup,2019,0
a8d38465-3ea1-4dbf-b2ac-60ba9df52f84,22945,Women's World Cup,2019,0
35e22096-4f9a-4792-91df-e333b5ac31b9,22945,Women's World Cup,2019,0
58402043-c1e6-4150-bfaa-e904e889098f,22945,Women's World Cup,2019,0
1286d307-f74f-4e7c-a35e-b8c1a8c3bfdb,22945,Women's World Cup,2019,0
a80a2601-5b59-4e98-8082-0f3468fdfc58,22945,Women's World Cup,2019,0
08b69bc6-5ea0-4127-97d5-972b2e9fe49c,22945,Women's World Cup,2019,0
4e754669-36a0-47f4-aa43-1a892746eb55,22945,Women's World Cup,2019,0
769971b5-575f-4113-b9d2-2b9febb9823e,22945,Women's World Cup,2019,0
dcff6a70-b6ef-4c4d-86cc-f747490c76a1,22945,Women's World Cup,2019,0
3d28e2ff-adca-4120-afba-5b4010bce71a,22945,Women's World Cup,2019,0
eeb2c5e3-0b17-4b8a-9f8a-76c1b9e6b44a,22945,Women's World Cup,2019,0
221af977-9071-4b95-94ad-dffefe148b03,22945,Women's World Cup,2019,1
ec8edf8b-f82f-47e8-b920-dae94f960a9a,22945,Women's World Cup,2019,0
0605439d-5efa-44e9-8d59-40e72264898d,22945,Women's World Cup,2019,0
99d51f61-b756-4b99-b444-0c65908ad19d,22945,Women's World Cup,2019,0
cce8022b-3482-4c89-a030-cf604cdf2c0e,22945,Women's World Cup,2019,0
9996d4f6-302f-4a9f-a65d-58c6ff4747d0,22945,Women's World Cup,2019,0
d6137133-3743-43ab-a60b-71c30cea1519,22945,Women's World Cup,2019,0
039472c5-a6ee-4ac7-9d12-5a07e8bad8f7,22945,Women's World Cup,2019,0
993d6173-0711-4284-bb6c-0996cbe42d55,22956,Women's World Cup,2019,0
89d8e9de-80fa-409c-9eea-94d0a512b315,22956,Women's World Cup,2019,0
644b135d-40d7-4ddb-93b7-edd3871ed87d,22956,Women's World Cup,2019,0
d1f33be2-469a-460b-9e71-639c9e881ef2,22956,Women's World Cup,2019,0
f602d779-cfc8-4cbd-8329-a8a1e23639e6,22956,Women's World Cup,2019,0
ecf0deb4-d522-4ed5-8ea4-2962742b6973,22956,Women's World Cup,2019,0
238ec81f-b466-4d75-9493-250e84b0ca46,22956,Women's World Cup,2019,0
526cbb61-1205-4450-b309-0168e80343b4,22956,Women's World Cup,2019,1
8a3158dc-7a3c-4e5c-8a10-5bf6da3ddb9b,22956,Women's World Cup,2019,0
e70efd9a-5293-4e0a-b19e-94c5ea0059fc,22956,Women's World Cup,2019,0
4f912b7b-245e-443d-9cde-f5791c079b14,22956,Women's World Cup,2019,0
af29a07f-51c0-4c85-bab9-6dca7e264376,22956,Women's World Cup,2019,0
cf8b550b-3d9c-4692-a430-ba6e4ddbb4b5,22956,Women's World Cup,2019,0
ed8cd0ca-da6a-4ec5-94a0-aa1b5ceb0b5f,22956,Women's World Cup,2019,0
71a46b21-f7e2-4df5-8fd0-8d63de30a232,22956,Women's World Cup,2019,0
2585c790-7394-4931-99e5-435b0b2a6fcc,22956,Women's World Cup,2019,0
d8b82cb2-7f92-420c-b01c-3edf4fad7e0c,22956,Women's World Cup,2019,0
72957b60-be51-42cd-83b5-bada63b6b2cf,22956,Women's World Cup,2019,0
e5094d3f-bcec-455f-9659-93ce36d21541,22956,Women's World Cup,2019,0
4e688b7f-852f-47ca-b221-69b909058707,22956,Women's World Cup,2019,0
a11524b6-d94e-441f-b22e-64385cf963c9,22966,Women's World Cup,2019,0
7fdc1fed-891c-4a49-8793-992bad702e7e,22966,Women's World Cup,2019,0
1c639d46-103a-4189-9806-bfea7549d8af,22966,Women's World Cup,2019,0
8002717b-e112-47ca-b979-fb7bfdb3f512,22966,Women's World Cup,2019,0
06fb1b41-00f6-41cf-83da-cbad11ae4e0c,22966,Women's World Cup,2019,0
bda9d661-06d3-49f6-bd1b-62cad955b7d3,22966,Women's World Cup,2019,0
1d1935b8-3e2c-4654-affb-6635f6267ad8,22966,Women's World Cup,2019,0
3c63383c-d817-4067-8f7e-82c387a36689,22966,Women's World Cup,2019,0
aaf2cf5a-d1af-494d-a44b-577b238b958d,22966,Women's World Cup,2019,0
cdd75152-66b1-4998-a6f3-e0c5e4786317,22966,Women's World Cup,2019,0
7e1e8743-2dc7-4c62-a375-0e996bbc3797,22966,Women's World Cup,2019,0
55341162-1894-4d2b-950a-3045fdb08d2d,22966,Women's World Cup,2019,0
9e1dbff1-f21e-40a6-8fb6-f1d1f7be3833,22966,Women's World Cup,2019,0
19c185ac-bc8a-4391-813e-e1e10957c60c,22966,Women's World Cup,2019,1
f4fe07ba-ce01-4020-ab1d-2258ce825bdb,22966,Women's World Cup,2019,0
4a210fa2-8baa-40cf-9ad5-4ec6fb21805c,22966,Women's World Cup,2019,0
fcbbb22f-618a-4264-9f87-7eabcd59479e,22966,Women's World Cup,2019,0
0b6c6eaf-5749-4694-8ecc-c0424cd3cdc1,22966,Women's World Cup,2019,0
82865f74-204c-444c-83c7-7035315a91d5,22966,Women's World Cup,2019,0
631b0e46-df07-4d32-9cc0-b92662efa690,22966,Women's World Cup,2019,0
2be6a4b0-ca24-4b27-b1cb-fd7177870469,22966,Women's World Cup,2019,0
1e95b508-64ed-44a4-9468-675d8ba88dbc,22966,Women's World Cup,2019,0
98b584f0-d5af-4a77-b497-e0564198924b,22966,Women's World Cup,2019,0
5f947387-6692-4f2f-ade5-fd6422dc1841,22966,Women's World Cup,2019,1
0ec92373-a29b-47d2-a8d2-3c7d5d263053,68344,Women's World Cup,2019,0
f506eab1-7070-4e80-96c6-7c3c5920bd01,68344,Women's World Cup,2019,0
a7878754-b49d-4c48-828e-877e7ec1e32e,68344,Women's World Cup,2019,0
a0ecdb1c-4758-453c-b3c8-4c3e3fafb62b,68344,Women's World Cup,2019,0
1e3c42bd-3782-4356-997d-8bf372d017e5,68344,Women's World Cup,2019,0
5709874b-ee54-4d67-a11d-0806fc20d194,68344,Women's World Cup,2019,0
7ea084cd-99cd-4bf6-8535-ed38067e0b14,68344,Women's World Cup,2019,0
80d27260-7e61-4915-9214-2c3650b45cf8,68344,Women's World Cup,2019,0
d1cc57a6-b9ba-425e-b2b8-f2469bb0ae39,68344,Women's World Cup,2019,0
67e87122-48a9-4acf-bc77-4189d6405c3a,68344,Women's World Cup,2019,0
0f55d297-119b-48d8-ba72-3d58225f5518,68344,Women's World Cup,2019,1
e295c055-53cf-4052-b2c0-6bc54167cc2b,68344,Women's World Cup,2019,1
64986c0d-8c43-46e5-a509-85662ad99b5d,68344,Women's World Cup,2019,0
748b9353-7f30-4b6e-8693-bb9902ad503d,68344,Women's World Cup,2019,1
2e2435d1-7255-4d78-ae6b-d291da728f5e,68344,Women's World Cup,2019,0
89ce3461-0e82-43bb-b07a-e6c990fe2004,68344,Women's World Cup,2019,0
7519ec50-4501-4c64-bbf7-d25a751b5528,68344,Women's World Cup,2019,0
3f80c5aa-c687-4f5d-821c-f0a372e47741,68344,Women's World Cup,2019,0
09d8b9b7-a9a3-44ca-9550-b7a0fc26e4d9,68345,Women's World Cup,2019,1
51a6d351-4c3d-4414-b622-bda4538c2b64,68345,Women's World Cup,2019,0
d0d04bee-fd0c-4685-a58a-58cb620ecbd9,68345,Women's World Cup,2019,0
6dd3b1a2-0abe-45d3-b955-ce0f03579638,68345,Women's World Cup,2019,0
876de7a7-35cc-4ace-b63b-2dbe1abb27a5,68345,Women's World Cup,2019,0
9e7134e6-edae-4867-b012-ae8ab58da884,68345,Women's World Cup,2019,0
d4ea8d58-9349-4d7f-ab16-2a005f28ae2a,68345,Women's World Cup,2019,0
ab872b37-1e63-47cb-bd9e-ced9483fa789,68345,Women's World Cup,2019,0
d4bd2188-ac96-48e4-9926-d4b7b6b9b51f,68345,Women's World Cup,2019,0
f7dff264-e77b-4555-beae-d972167b49af,68345,Women's World Cup,2019,0
23e0b9d2-ff2a-4076-92b5-ab4b1fdbd07f,68345,Women's World Cup,2019,0
99aff084-2a95-4ca5-b420-44acc3daf594,68345,Women's World Cup,2019,0
54f4d5b6-9de2-4e89-b3ad-76de2488521d,68345,Women's World Cup,2019,0
c34396fb-ead6-4492-aa08-e68a3103926f,68345,Women's World Cup,2019,0
113408b3-7d6b-4dff-b7e9-d4df1763fb59,68345,Women's World Cup,2019,0
346226d0-73c0-4e63-a534-d7a9c650130d,68345,Women's World Cup,2019,0
1ac4a218-bd30-416b-bee0-f6e3cec789af,68345,Women's World Cup,2019,0
01c8d0b2-5d1b-4a74-a75e-563a9810eb15,68345,Women's World Cup,2019,0
8697962a-2996-4966-b12a-eadc84088aaf,68345,Women's World Cup,2019,0
b7d809d5-0602-4d36-a99d-dafb26420650,68345,Women's World Cup,2019,0
f4fca2ae-7730-4803-8f87-064df27e35b8,68345,Women's World Cup,2019,0
6e143478-fda6-4363-b099-4a20994fe023,68345,Women's World Cup,2019,0
58a03fec-fb87-4fdf-93c3-688d2c607b67,68345,Women's World Cup,2019,0
6b49274b-f118-4e10-9d86-7e432471241d,69163,Women's World Cup,2019,0
973d07b9-4dd9-464c-82c4-a4fabecd686c,69163,Women's World Cup,2019,0
3319571f-fa7e-42cb-b6a9-f64729f4ed27,69163,Women's World Cup,2019,0
a69a69a3-d69c-4eb6-9a21-b1f39d201d80,69163,Women's World Cup,2019,1
404a00c1-a893-4258-a860-af617fb89f6d,69163,Women's World Cup,2019,0
189335f8-21bc-4d90-9796-92a99974f5aa,69163,Women's World Cup,2019,0
396d5a58-e718-42c3-be8f-cebe3ac09166,69163,Women's World Cup,2019,0
8496ab10-8ced-4138-a51b-57f018f23633,69163,Women's World Cup,2019,0
aa0fae95-14ae-4b0f-b8ab-5c98a876dc69,69163,Women's World Cup,2019,0
625fe8a6-90bb-4357-b03d-b1b2fb322962,69163,Women's World Cup,2019,0
2de4375b-a184-4e6b-9d9a-c002716c0c46,69163,Women's World Cup,2019,0
f2c45650-2317-45b6-a481-5992259ae1a3,69163,Women's World Cup,2019,0
a3e63233-2f27-4cdb-ae78-2acc7fbda453,69163,Women's World Cup,2019,0
ae04a38f-08c5-482b-8e21-1424579c17f6,69163,Women's World Cup,2019,0
bd505de2-829d-4a15-a44a-0febbceb627a,69163,Women's World Cup,2019,0
b0d6b656-eb3c-4869-bd84-3ee76f762a12,69163,Women's World Cup,2019,0
f9a45ea3-7b0e-48de-924d-877363a4d7a4,69163,Women's World Cup,2019,0
14469904-2e95-4362-860e-58af90e3227d,68346,Women's World Cup,2019,0
db35d066-3202-4145-afcd-f869e26da095,68346,Women's World Cup,2019,0
219a7a56-2677-40ca-b72d-69f2f40f7082,68346,Women's World Cup,2019,0
26bb3f6e-e1a2-49bc-85ac-1e4d22e825e9,68346,Women's World Cup,2019,0
9b98b768-e753-479c-ad0e-76ca74af987e,68346,Women's World Cup,2019,0
4d10f3a9-ec11-493a-9756-4d68a812aff8,68346,Women's World Cup,2019,0
376e6417-409d-4e1c-8ddd-9c782eedc900,68346,Women's World Cup,2019,0
d7295d47-620a-4546-8046-bebe435e67e3,68346,Women's World Cup,2019,0
cf761559-49b7-47aa-baac-69cbd0a4cfb9,68346,Women's World Cup,2019,0
41be0c9a-daeb-43d5-a36e-00dc22d1ea47,68346,Women's World Cup,2019,0
6768174f-7795-42d6-ad1d-64e027cb7fc8,68346,Women's World Cup,2019,0
db7a9135-9bdf-449e-b920-1a888d79bbf4,68346,Women's World Cup,2019,0
145fc6d7-48b0-4c7d-be10-0fb610cd9419,68346,Women's World Cup,2019,0
e34b005e-e7da-4b23-be4c-2d4829a60a01,68346,Women's World Cup,2019,0
3ff8f47e-42d9-4b38-83f0-d4d71affa23f,68346,Women's World Cup,2019,1
7eff29b7-8289-4671-bb80-f0814a1c60a7,68346,Women's World Cup,2019,0
40e1852f-c624-44fb-babb-62821f0cdf44,68346,Women's World Cup,2019,0
7619dfeb-5515-4f43-b6d8-3cffef490273,68346,Women's World Cup,2019,0
62506160-289d-40d2-92d7-b8d248c34467,68346,Women's World Cup,2019,0
347ba648-fc91-480b-8870-c65fa7e00c88,68346,Women's World Cup,2019,0
25bbdc7f-43f2-4ddc-b357-bd413677bf1e,68346,Women's World Cup,2019,0
9b4fae50-7923-4aa4-bd2b-b690f91f3e02,68346,Women's World Cup,2019,0
461d1d06-2ecc-4b82-8dc7-6b6b09bf4b8f,68346,Women's World Cup,2019,0
2dd9a5ed-6f4f-4bdc-bffa-e69ca8bcff52,68346,Women's World Cup,2019,0
853b8a20-cf06-4fa4-a73b-37640a09ffef,68346,Women's World Cup,2019,0
d8acaff9-a598-4443-a9c2-9472aa0f791a,68346,Women's World Cup,2019,0
d9e43023-9c21-4a90-9e40-b257f8082382,68346,Women's World Cup,2019,0
6f9f8c7e-3266-4345-8d3c-bfdae189c02b,68346,Women's World Cup,2019,0
85768227-595a-41df-af6b-b14de2a15ee0,68346,Women's World Cup,2019,0
c0dbc012-1f3a-47ff-94ac-77f4184b31ea,68346,Women's World Cup,2019,0
4c4ecd80-738a-4c3d-8e2d-6ebad9f56cda,68346,Women's World Cup,2019,1
96264607-0388-4743-b2b5-c8f0aa9c6122,68355,Women's World Cup,2019,0
75688fdc-7ea3-459b-882a-f13ea30637aa,68355,Women's World Cup,2019,0
75b65063-5124-40cd-bce2-b70fbfd62a9b,68355,Women's World Cup,2019,0
fc57d1f2-195e-45b9-ad3a-e09e6823cd23,68355,Women's World Cup,2019,1
bde905b6-d844-4c85-ae47-4efa4f7dfc46,68355,Women's World Cup,2019,0
daaf603a-215d-429d-a83a-dbb3aabc4034,68355,Women's World Cup,2019,0
cf065a97-dbb8-4a17-b1ea-ca79efeb153d,68355,Women's World Cup,2019,0
a53696ef-812d-400e-b7fe-f9bc0ced7e8e,68355,Women's World Cup,2019,0
48c1daad-ca62-470a-806f-e491ae46bc54,68355,Women's World Cup,2019,0
08ef9b01-4448-4350-92d2-ca48f514a3ae,68355,Women's World Cup,2019,0
baaa4d2e-23a0-40c6-ad1a-2793674d883f,68355,Women's World Cup,2019,0
fc820c66-76ae-4246-8df7-5d64e8e04597,68355,Women's World Cup,2019,0
0d72e62f-35fa-4dc9-9b6a-43c9a966b86d,68355,Women's World Cup,2019,0
ea4b2169-9d45-431d-9ada-2119d663baa7,68355,Women's World Cup,2019,0
d27e52c1-fe26-4778-87f7-fb2072c78102,68355,Women's World Cup,2019,0
d72401f4-a8cc-47e0-a19f-5c9ab48a5bad,68355,Women's World Cup,2019,1
3eeffe6c-aa8a-4f35-9202-224bedf20959,68355,Women's World Cup,2019,0
a425a1dc-0ce2-415e-bf03-55c6b95e794a,69301,Women's World Cup,2019,1
29463e66-91b9-4d03-aae5-d40a35da078c,69301,Women's World Cup,2019,0
cf531f3a-9c18-49b8-8cfd-7d04806033db,69301,Women's World Cup,2019,1
4bb16d93-d6e4-4717-89b8-950b3dfbfa93,69301,Women's World Cup,2019,0
820f6924-fa10-420d-81f7-f6a66d589edd,69301,Women's World Cup,2019,1
8a45dfd3-2310-48f6-89fe-8c5ae708a94a,69301,Women's World Cup,2019,0
daabd728-fbb8-4c01-abd1-6989b78bc00f,69301,Women's World Cup,2019,0
f736b03f-8586-4d14-8541-f291c034ef48,69301,Women's World Cup,2019,0
4c2ba976-abfe-4968-891f-ff869407a670,69301,Women's World Cup,2019,0
c20c4661-1578-4c5b-90cc-3f989bd881cb,69301,Women's World Cup,2019,0
8b408d9e-f60f-4057-af15-effe204d6292,69301,Women's World Cup,2019,0
64cc89fc-a8ac-49d2-a70e-19d8a76a948d,69301,Women's World Cup,2019,0
15bc4547-0939-4b5f-bcf1-7abe8460b715,69301,Women's World Cup,2019,0
90c5c48e-ff1a-4ded-bb03-bf6806312c48,69301,Women's World Cup,2019,0
e6e40d8a-aa0c-42a2-9d54-72d835bb63a9,69301,Women's World Cup,2019,0
e1a21c26-dd75-4904-86b4-179b15e87da2,69301,Women's World Cup,2019,0
0217f2c7-ce3b-474c-915b-d2dd2f342d97,69301,Women's World Cup,2019,0
a4461468-5018-4cb1-95ad-ec6efff734e8,69301,Women's World Cup,2019,0
23e173af-2b8f-4507-92d1-b44ce8d477a0,69301,Women's World Cup,2019,0
9ac33687-e0ce-4f00-af60-e151cbcf0dd9,69137,Women's World Cup,2019,0
2be1ecc3-8ecb-414a-b227-893086aab90d,69137,Women's World Cup,2019,0
1f306050-107d-4a82-a18c-8cc438aecb95,69137,Women's World Cup,2019,0
e41260b8-47ba-4b37-93b5-07a88278a9f7,69137,Women's World Cup,2019,0
99b58593-eec4-43b8-9eb9-90e053042e22,69137,Women's World Cup,2019,0
a0e5d198-39ab-4e9a-a924-1cfd60d0d577,69137,Women's World Cup,2019,0
4b04f704-707d-4efb-8886-ae49d1590a3c,69137,Women's World Cup,2019,0
136f1961-89d1-4ca0-8805-6e41e40da65c,69137,Women's World Cup,2019,0
a5a1ef68-ca00-45b1-9bd3-cb3b7958d9c4,69137,Women's World Cup,2019,1
0a35b024-a5cc-448a-af3d-49071fe610e1,69137,Women's World Cup,2019,0
a0c5f3a7-8104-4b2b-904c-6025cd85c34b,69137,Women's World Cup,2019,0
f3930e82-8b91-4921-aa17-f51a9fec78bd,69137,Women's World Cup,2019,0
186e1487-661b-46f9-ba1e-d29d3ec36fad,69137,Women's World Cup,2019,1
c3d55bae-d489-4093-ba7e-7faaabede5da,69137,Women's World Cup,2019,0
6227726e-8c04-439c-b4ac-ff2ff389b355,69137,Women's World Cup,2019,0
fad65782-28f3-45db-98e1-d91cfd99de28,69137,Women's World Cup,2019,0
957e8652-c08e-4099-a0f4-81db79fa4200,69137,Women's World Cup,2019,0
5ce50b1f-94fd-4e17-96cb-2c4e2d9377fa,69137,Women's World Cup,2019,0
4c6348f5-b864-4e6f-86fc-db8737d05b7f,69137,Women's World Cup,2019,0
9fa6da69-f1c7-45ab-abf6-b12e1f4e8744,69137,Women's World Cup,2019,0
84512b73-3431-4a35-997e-e44dd7836acb,69137,Women's World Cup,2019,0
2710c1d6-8730-4283-bc84-6bfff0210a48,69137,Women's World Cup,2019,1
db33582b-6179-475c-9efd-8794315225b0,69137,Women's World Cup,2019,0
f437b5cd-4de9-4cee-be7f-6bc8a7b57bad,69137,Women's World Cup,2019,0
aa8a345c-ea8b-4594-8b40-5713754e4b2a,69137,Women's World Cup,2019,0
047f2da8-8483-44e1-99f4-a40af45fa40e,69208,Women's World Cup,2019,0
b9f4de14-1432-4e73-bff6-136f4e620d94,69208,Women's World Cup,2019,0
e623d366-32d8-4477-95d4-b03d85127c37,69208,Women's World Cup,2019,0
f182740a-60cd-42fb-991a-ad9b3efd0ba9,69208,Women's World Cup,2019,0
1730beb4-0dd5-4729-9a81-25ed5a89e40b,69208,Women's World Cup,2019,1
4b2bcec8-456c-41a2-9c0c-c036dbbc8e18,69208,Women's World Cup,2019,0
5f8bd736-f70c-45b9-a1d2-a9c38fb67da0,69208,Women's World Cup,2019,1
a900323e-811f-4ee2-a9da-21c62224d6c2,69208,Women's World Cup,2019,0
eca32cd2-8c53-4efe-8e42-5a29aeef7c3f,69208,Women's World Cup,2019,0
6c97d4fb-59af-4bd0-8bf1-4102f457e0e3,69208,Women's World Cup,2019,0
6d3e8c96-0992-49c4-98ac-e6f78f6acb48,69208,Women's World Cup,2019,0
3d46ed5a-aacf-4b8a-bfed-1b7a0496c11c,69208,Women's World Cup,2019,0
f06bc4b1-e359-4abf-be5d-d2ba6855e31b,69208,Women's World Cup,2019,1
faf1207d-0e13-4597-8c11-ffcc20201369,69208,Women's World Cup,2019,0
6c372df1-da45-4468-a5d3-cafaff94aa7e,69208,Women's World Cup,2019,0
d3ac1f67-490a-49dc-9de5-7deaf9d55091,69208,Women's World Cup,2019,0
b3ae0533-4b0b-4486-87ec-5351ad4a1160,69208,Women's World Cup,2019,0
ac29eb81-812a-4706-ad1e-d953ddcf4c76,69208,Women's World Cup,2019,0
a9ef9fae-5327-4942-aa8c-559c94f519c3,69208,Women's World Cup,2019,0
b5bd70a8-23ed-4edc-9dc2-8f9577f19969,69208,Women's World Cup,2019,0
a0e53af5-3ed4-4aef-997e-5304f5596a13,69208,Women's World Cup,2019,0
adf4a26d-a8ff-483c-8116-128661fd0c97,69208,Women's World Cup,2019,0
db7f07bc-f149-4485-8782-5d6fd055d706,69208,Women's World Cup,2019,0
c643bb18-b656-4f32-8a7e-21ca8710c732,22936,Women's World Cup,2019,0
20f89fca-e9d4-40af-9be5-1f0cf0c94a00,22936,Women's World Cup,2019,0
84d249cc-3293-4bc6-b3ce-370c96b6e55f,22936,Women's World Cup,2019,0
d19388a3-92af-49c8-8ac3-744bc00dbdcd,22936,Women's World Cup,2019,0
a9931caa-a6ed-4746-a8e1-71a9eecec5b6,22936,Women's World Cup,2019,0
6b7995c5-79f0-4d70-9d50-69e34f045067,22936,Women's World Cup,2019,0
00231e8f-4475-4884-91cb-6b457d101c17,22936,Women's World Cup,2019,0
bd52b594-0d94-4fac-8c9e-250f9c61d5a7,22936,Women's World Cup,2019,1
db13935e-79b0-4ae9-8582-480fe6248e6d,22936,Women's World Cup,2019,0
8c61f3ba-085a-42fc-aef8-8c76a628ce2b,22936,Women's World Cup,2019,0
20ea54c5-9146-48a7-bcfb-bdf1573210ca,22936,Women's World Cup,2019,0
b3f51b38-fa88-4c27-86b0-4c79972d9820,22936,Women's World Cup,2019,0
db4c473b-24b9-44f9-80f4-35b824929919,22936,Women's World Cup,2019,0
5e0d7cfe-bf33-4fd6-a163-36542ec86ee6,22936,Women's World Cup,2019,0
e4d7a768-45a2-4577-bebc-ae11d1a1badc,22936,Women's World Cup,2019,0
c1dacc5a-0c08-47bf-9acf-13b2c549b394,22936,Women's World Cup,2019,0
ebfdc987-4a37-4ff0-aad6-a90c907aa7ca,22936,Women's World Cup,2019,0
13c3ab7c-d5de-4135-81e6-2a33a75c79f4,22936,Women's World Cup,2019,0
9cc568ef-a9d0-4ecf-aabb-f589474b58e8,22936,Women's World Cup,2019,0
76f2cfd6-b2d0-450a-9a99-e106f43181c9,22936,Women's World Cup,2019,1
468bd525-8d45-487f-ac39-a09e37e8515b,22936,Women's World Cup,2019,0
906ce50e-7ff6-4b09-bc07-e278d0b61a7c,22936,Women's World Cup,2019,0
c7352a8f-b519-4251-8627-b72037881e38,22936,Women's World Cup,2019,0
77c55ef6-8d9e-482c-9fa8-8f75d12cad77,22973,Women's World Cup,2019,0
fe79a787-7ddb-4ead-ade1-18a3430ff8de,22973,Women's World Cup,2019,0
4f347ef6-5501-4fb9-a230-4c98502d003e,22973,Women's World Cup,2019,1
f6292d5b-219d-439f-be48-50d280673bc1,22973,Women's World Cup,2019,0
2f0368a7-8714-4481-a7b7-1eff3de098f4,22973,Women's World Cup,2019,0
e1b56eaa-d87f-4b03-9282-49cfd53b9b5e,22973,Women's World Cup,2019,0
ad9e3e43-8f77-4935-ae61-16ce954f3cad,22973,Women's World Cup,2019,0
aea7cedd-000b-48a4-b5ce-7dcc3461a98a,22973,Women's World Cup,2019,0
18c43396-d354-49ca-9d71-a80f91300388,22973,Women's World Cup,2019,1
119dfd8d-5221-4fa5-be45-fa9b81d01db1,22973,Women's World Cup,2019,0
5acfbc25-50ff-41b0-adeb-7d5fee902a12,22973,Women's World Cup,2019,0
61e3c18a-df1a-40ea-8038-16c23fb65e15,22973,Women's World Cup,2019,0
43522268-3d2c-455c-ab9e-829bbecb9244,22973,Women's World Cup,2019,0
688bc528-1442-4e0c-9a28-1c0f3e356815,22973,Women's World Cup,2019,0
34e9c8e1-132e-40bb-9f86-1a6e30dfdbff,22973,Women's World Cup,2019,0
4fa86f96-5b95-4fdb-9857-08a6e3e011e7,22973,Women's World Cup,2019,0
3eb19bfc-c2ee-4d79-b85b-d7650594083b,22973,Women's World Cup,2019,0
09001185-b381-4e62-8c9d-215dfccb59d7,22973,Women's World Cup,2019,0
5425b32e-549c-4ce2-8556-3a2f156e0b3f,22973,Women's World Cup,2019,0
d7013910-2564-443c-bc12-06d1c14c7c5e,22973,Women's World Cup,2019,0
73444814-5d7d-41ea-bf85-7b708a3f70e3,22973,Women's World Cup,2019,1
936ee095-3aaf-4799-ac81-ed56d86abe28,22973,Women's World Cup,2019,0
e7383024-b84c-403f-83a9-b5bf67b65671,22973,Women's World Cup,2019,0
7c7674fa-1b0f-4752-914e-6689c7dc676c,22973,Women's World Cup,2019,0
8af3af4e-0398-44bc-9e71-1cd41098a2ec,22973,Women's World Cup,2019,0
8f03ed5d-dc4e-443d-a083-e7f4926526cb,22973,Women's World Cup,2019,0
d47d8dff-7c6b-437a-9cd1-e123be87dc51,22973,Women's World Cup,2019,0
e80c1805-d368-4a95-bac7-3ec99452201d,22973,Women's World Cup,2019,0
b8da8e2e-ce14-4463-8da8-e23222f5a05b,22973,Women's World Cup,2019,0
0344fd25-abc8-4f1b-8c9a-f2d91385b6c6,22973,Women's World Cup,2019,0
15c7ffc7-8ad4-4a78-a30e-43c9d2afacf9,22973,Women's World Cup,2019,0
4788ee43-8931-4784-9311-d372785cf3d0,22973,Women's World Cup,2019,0
472e4621-3523-45b1-b181-2102b82a4a0f,22973,Women's World Cup,2019,0
0190ba18-8c80-4335-a228-02613c26e320,22973,Women's World Cup,2019,0
4805aa42-8816-4e29-b33c-b87797f9f735,22973,Women's World Cup,2019,0
9fdea037-575b-4f47-9fe7-75e4f6d431f8,22973,Women's World Cup,2019,1
f3c3a442-296b-4a4e-b9f8-12fff6999bc9,22973,Women's World Cup,2019,0
133ae0b1-601b-4c57-9a35-c2422f039407,22973,Women's World Cup,2019,0
5fbdf9b5-d46f-4904-b2a5-6679787a77c1,22973,Women's World Cup,2019,0
942eab60-fa8f-4197-8944-0bbf405e6589,22973,Women's World Cup,2019,1
935ebaed-7606-4a94-9819-af43d2d3fe86,22973,Women's World Cup,2019,0
a792b431-30ee-41e9-8491-6927ead71d58,68337,Women's World Cup,2019,0
2c64ae87-03f8-40dd-ba7c-2c46f97b76d5,68337,Women's World Cup,2019,0
d302442a-75c6-49a1-9939-cdbfe774dd23,68337,Women's World Cup,2019,0
19abe194-6f3b-4474-9cb8-8bf5b143c987,68337,Women's World Cup,2019,0
50bb63fa-ee61-4cdc-8445-a92b9678765d,68337,Women's World Cup,2019,1
384e7a10-e0ac-4117-a85a-80cd3af24aef,68337,Women's World Cup,2019,0
b1d2d5ba-a673-492a-b5ca-4640f144c3e3,68337,Women's World Cup,2019,0
8e369ecf-58a0-46e8-87c5-fe642259e172,68337,Women's World Cup,2019,0
d6a5e37c-1b03-4344-a928-dbe2f4940732,68337,Women's World Cup,2019,0
baba8036-81c6-4dcc-b66a-cb7895724aef,68337,Women's World Cup,2019,0
ac3b92a7-d466-427a-87aa-ab07e5080006,68337,Women's World Cup,2019,0
9ad83a2e-c719-4187-8ebb-2af155acda18,68337,Women's World Cup,2019,0
b4787ca2-7289-427f-979a-d4856df1ac36,68337,Women's World Cup,2019,0
8117c83a-20b5-4a49-8bd7-d0413e9968e0,68337,Women's World Cup,2019,0
248f2d8e-d16c-489c-98e0-83287f0913fb,68337,Women's World Cup,2019,0
20fd9097-2233-47a5-b256-1d5fb4c13c9c,68337,Women's World Cup,2019,0
b81514e7-1bfa-4de9-95f1-17dc5252fa5b,68337,Women's World Cup,2019,0
d2a57b48-3756-4e14-bb64-e169d9fd2c15,68337,Women's World Cup,2019,0
3eb929db-8039-4524-b963-f9830aa2755d,68337,Women's World Cup,2019,0
178780eb-0528-4306-bbc3-6db44baddfd6,68337,Women's World Cup,2019,0
58e2ad63-279a-41e4-b284-09f3677eb1b7,68337,Women's World Cup,2019,0
f8ba2875-f952-47cf-8165-3f6c26d32a57,68337,Women's World Cup,2019,0
3383930c-f05e-442b-9890-67892289a387,68337,Women's World Cup,2019,0
50f921ce-87c2-4ab2-9d4b-fd29c1e04c0b,68337,Women's World Cup,2019,0
b4de17dd-9b6d-40d4-8981-9bf9cec8cf2b,68337,Women's World Cup,2019,0
42d84bb4-fa43-41d2-b72d-c80164452769,68337,Women's World Cup,2019,1
bccb54f6-905c-4efc-9718-f88fa42ee018,68337,Women's World Cup,2019,0
d834924f-9649-4baa-8762-83fa4d01d855,68337,Women's World Cup,2019,0
3fa52abc-aa81-489e-855f-6613e657ac3c,68337,Women's World Cup,2019,0
b7c76b66-4b3a-4514-8a5c-f80adf063ade,68337,Women's World Cup,2019,0
97f72872-8775-4e38-a8e8-8f789e01a411,68337,Women's World Cup,2019,0
a18b3f88-8724-4367-ad71-a7b3361c58cf,22981,Women's World Cup,2019,0
9a5aaedd-0365-4015-9bea-b0efc7605020,22981,Women's World Cup,2019,0
6787dcea-eac4-42f2-97c4-781fcdc505c6,22981,Women's World Cup,2019,0
bd6c618c-1148-40bd-ae1d-0232edee370e,22981,Women's World Cup,2019,0
2c1c135d-1481-4255-b986-0a384644b64b,22981,Women's World Cup,2019,0
2f463042-335d-4eb9-946b-2037a328595d,22981,Women's World Cup,2019,0
7ef7d2ba-fb4d-4175-a1d7-f428b3e45c2c,22981,Women's World Cup,2019,0
26cc77db-24a4-4244-8e83-a6210883c7bb,22981,Women's World Cup,2019,0
84deed1d-21a0-4300-ae34-424f1c22b51f,22981,Women's World Cup,2019,0
d024775b-b627-4e6c-b12a-fd503b6e5a51,22981,Women's World Cup,2019,0
c64d216c-601e-49ae-a056-25cefea996f6,22981,Women's World Cup,2019,0
b031370a-af18-49b6-bca4-361573479c33,22981,Women's World Cup,2019,0
739f5325-6a85-4f30-82b0-c30beb60becc,22981,Women's World Cup,2019,0
2be72e12-346d-4360-bfc0-0356c397823a,22981,Women's World Cup,2019,0
20f7b2f8-c4b9-4a28-a8cd-3fa922b4e8ff,22981,Women's World Cup,2019,0
83003a9f-053a-4489-911c-fa1c2bb4471f,22981,Women's World Cup,2019,0
43cecbcb-8428-4544-96f9-23b8b4943033,22981,Women's World Cup,2019,0
506d3587-62b4-40de-8c19-894a79804425,22981,Women's World Cup,2019,0
2b7bf248-4b4b-4f54-814a-156cb67017c6,22981,Women's World Cup,2019,0
d0344f81-74d9-4d82-91fd-6a16375d0a8a,22981,Women's World Cup,2019,0
fb7fda5a-97a9-4973-bdc3-116c13dcf23b,22981,Women's World Cup,2019,0
c2fe128b-0926-442b-a253-8ff0c06114c8,22981,Women's World Cup,2019,0
5ef7d958-fd89-471f-a548-b9ee53bbedd9,22981,Women's World Cup,2019,1
ec0302b6-cb05-46c7-8282-bf4c338554b1,22981,Women's World Cup,2019,0
bd0cf107-6a13-4335-9f5a-c99015f07686,22981,Women's World Cup,2019,0
f5fc20d7-4ffe-4087-9b91-b319ff1b9829,22981,Women's World Cup,2019,0
d5010c3d-bb22-4d69-b78f-5654b50104cf,22974,Women's World Cup,2019,0
729df9ee-e2f9-4cde-b3d8-3b4bf9a75dd1,22974,Women's World Cup,2019,0
b1a6a06f-b3b2-453b-a669-748ad800e9ce,22974,Women's World Cup,2019,0
a36eccfa-fe30-4470-92c4-fd0f616e2fba,22974,Women's World Cup,2019,0
3394c7a3-7477-4816-8811-95a0d1ee528a,22974,Women's World Cup,2019,1
d91119ae-37c8-4542-a6cb-101a3110044d,22974,Women's World Cup,2019,0
31359179-525f-4257-96e6-4e23a9b4ceb7,22974,Women's World Cup,2019,0
f5980c17-26a9-49b0-a74a-e5e6dc0252f7,22974,Women's World Cup,2019,0
86cf23f9-cea1-4508-824e-5e77dc38b172,22974,Women's World Cup,2019,0
94b5763e-81db-4eca-95b7-5bf047c7acf2,22974,Women's World Cup,2019,1
013437af-33f7-4e99-86b3-727b321feb25,22974,Women's World Cup,2019,0
9d17ace3-3091-4e64-8264-5ebcc54d19cd,22974,Women's World Cup,2019,0
fca828a2-da78-4315-88d7-d38d72edecb0,22974,Women's World Cup,2019,1
98ca6217-85c0-4aa9-85e3-535bd2139121,22974,Women's World Cup,2019,0
02c80f44-7ea1-4c24-8ded-df69014e1fb3,22974,Women's World Cup,2019,0
41a2fbac-6b17-4a2c-8083-275461af4c2e,22974,Women's World Cup,2019,0
50c5c8d4-12d6-44ad-9fde-d91823fd7615,22974,Women's World Cup,2019,0
2cbc1f5a-7f34-46be-9d8b-40174f55b418,22974,Women's World Cup,2019,0
2edcab47-2dfc-4ba9-9dc1-09c37720de16,22974,Women's World Cup,2019,0
22c13e5b-3834-411d-a3d9-c0ae7a48dfbc,22974,Women's World Cup,2019,0
c5f24fab-e556-4c45-9d78-748bb38e4a92,22974,Women's World Cup,2019,0
75b1d8ee-bf3e-4275-b47a-9e92143bd32b,22974,Women's World Cup,2019,0
e3e62b4d-8e81-4701-8f94-fe3b34c741f4,22974,Women's World Cup,2019,0
4651786a-b075-491b-8b5a-bdf7f9b86ca8,22974,Women's World Cup,2019,0
4e90a3b1-b928-4054-abab-0bde9efa8599,22974,Women's World Cup,2019,0
ad6d87a9-0588-45b0-b65e-4feb2069ca7f,22974,Women's World Cup,2019,0
67eb6a2d-cf38-46fb-a9c9-6e79736918f2,22974,Women's World Cup,2019,0
5d22542a-1fb8-4f46-a5d1-6ee1f68f1407,22974,Women's World Cup,2019,0
bb6410c7-421b-4d70-ad5f-c5a88bc94e38,22924,Women's World Cup,2019,0
69661773-e0b7-4410-8bae-6928c7f15550,22924,Women's World Cup,2019,1
4e9a7549-ebc3-4015-b777-88d7fe590f25,22924,Women's World Cup,2019,0
03a773f0-e6af-4dc9-a993-a62e753ad5cb,22924,Women's World Cup,2019,0
0a8884c6-e582-4161-9044-924d285ad611,22924,Women's World Cup,2019,1
c3efeb7b-3feb-4458-9717-a0ff60a52283,22924,Women's World Cup,2019,0
48a0338b-7b91-4daf-bda2-04b3942b9d6a,22924,Women's World Cup,2019,0
465ef4fa-b532-418b-9854-8b97189a457d,22924,Women's World Cup,2019,0
3c9cac0f-a238-42d7-bf7c-f806cbb8e987,22924,Women's World Cup,2019,0
f74d7f52-29bb-4dbf-861f-4c6b82c848f5,22924,Women's World Cup,2019,0
f3d1e927-f7df-48d9-9a0c-dbecadd55f0d,22924,Women's World Cup,2019,0
215afc81-bbb4-44b3-b5ff-45189d50a872,22924,Women's World Cup,2019,0
01e74b54-b289-4e71-aeb1-bf220afa6510,22924,Women's World Cup,2019,0
40744314-a593-419a-a2d0-9f10e99a0136,22924,Women's World Cup,2019,0
50e2d42e-e8b2-45ba-b4c9-172b711f6108,22924,Women's World Cup,2019,0
8a9114bf-04e0-468b-adbb-596fa8449d95,22924,Women's World Cup,2019,0
90c92f5e-9c16-47e6-8ebd-440e631c93d1,22924,Women's World Cup,2019,0
0f89e394-f922-4c50-858d-3c2a8153659d,69321,Women's World Cup,2019,0
72f19b45-63d1-48ef-bbff-583611275e3d,69321,Women's World Cup,2019,0
f305ff50-fb05-4f13-8e6f-6adb28c3becd,69321,Women's World Cup,2019,0
ba0dc63e-d8ab-491d-9b50-ddf805a1db3c,69321,Women's World Cup,2019,0
57eee99d-860a-43b3-b57d-b79e8e47a43f,69321,Women's World Cup,2019,0
2b344dc4-bfdf-40d0-9cf4-f34ebc387bb5,69321,Women's World Cup,2019,0
1b94386a-4602-4fd0-9001-44e493e7b0ac,69321,Women's World Cup,2019,0
bf3f6862-853d-4dfb-9276-16165e01be77,69321,Women's World Cup,2019,0
2d238cc9-5ff5-4cb7-8133-575bcc81a04b,69321,Women's World Cup,2019,0
908f2cb3-85c9-45d6-9b40-f2c2f9b4483d,69321,Women's World Cup,2019,1
d82d4959-1fbb-4629-a4af-56818661c902,69321,Women's World Cup,2019,0
3946fb51-071c-4b20-b626-679d28c39208,69321,Women's World Cup,2019,0
6a23e2f6-54ce-4392-b33e-a93287a8a026,69321,Women's World Cup,2019,0
a5da3e10-bad0-4c06-aa96-51eb414e8672,69321,Women's World Cup,2019,0
3e2a21cf-5c47-4f9c-9a6c-d22191f9e7af,69321,Women's World Cup,2019,0
620de0c7-c9a3-4adc-a7e5-d33f88c654b2,69321,Women's World Cup,2019,0
1c65dcfe-4dd9-46e5-8b71-b70e9f98dc6b,69321,Women's World Cup,2019,0
e036f94f-2069-4a3e-8f98-9275bb7618e4,69321,Women's World Cup,2019,0
d49de19c-6b81-497a-ae0f-67c8f8afcd56,69321,Women's World Cup,2019,0
9884470f-d3d4-4ab9-aef2-12b507539b64,22983,Women's World Cup,2019,0
c0cfe02c-36cf-43fb-9f63-5b3fd986bc5a,22983,Women's World Cup,2019,0
e98b37b8-07c1-444c-bc7e-b46548f6b042,22983,Women's World Cup,2019,0
891c2c9d-7f0f-442f-954c-9fafa353fb07,22983,Women's World Cup,2019,0
27ff4659-2df9-41ae-8f23-bf6cc7220d11,22983,Women's World Cup,2019,0
5e3eb526-7517-4215-922c-ff3b61bdac15,22983,Women's World Cup,2019,0
aee06e90-3652-4f50-bc8e-ad01fda59454,22983,Women's World Cup,2019,0
0b1100e9-f039-4ff7-8f24-2b53e1b788e8,22983,Women's World Cup,2019,0
863f5d66-0885-499c-b743-8c35a0fadf52,22983,Women's World Cup,2019,0
232f8ecf-c2de-4ebd-945c-3abfbec56b5e,22983,Women's World Cup,2019,0
69e169b9-17e8-4bca-8bf7-d8622423a3eb,22983,Women's World Cup,2019,0
6e6e48fc-5094-41aa-ae24-7a90013cbee1,22983,Women's World Cup,2019,0
0642496c-708e-48d9-8404-11ecd3666f9c,22983,Women's World Cup,2019,0
330bf30b-6ce4-4bb5-a8a2-326d7428d5f1,22983,Women's World Cup,2019,0
e5cf203a-1e4f-49a0-b322-52de7c5ea789,22983,Women's World Cup,2019,0
d8e6d544-9e4c-4504-a5bb-91fdc8ce876c,22983,Women's World Cup,2019,0
af1595bc-e7c2-47b8-9ff7-493bf9444e3f,22983,Women's World Cup,2019,0
a73d9c69-b6f1-4259-8167-f8f59e4affc0,22983,Women's World Cup,2019,0
8ae2a63a-b61f-4f09-87e7-c3a07a8f0c42,22983,Women's World Cup,2019,0
5fa37e1a-d74b-435f-9c3b-6ffbb6c3a4ab,22983,Women's World Cup,2019,0
64399eea-5a05-4f13-a160-53fbdd685fd0,22983,Women's World Cup,2019,0
ffa00e70-fe70-4a30-aaf4-689e651ca698,22983,Women's World Cup,2019,0
c7888f02-e54d-4415-b12b-b0c3f876112b,22983,Women's World Cup,2019,0
93cf5152-7f8a-4d9c-9f7d-b5434df9a909,22983,Women's World Cup,2019,0
c67c0444-5608-4544-b531-09a5d2351089,22983,Women's World Cup,2019,0
b58bb8df-cb62-4d01-a672-23bec135ee9a,68312,Women's World Cup,2019,0
03166a6f-1806-493b-ba3f-5eecf7fb4587,68312,Women's World Cup,2019,0
4319283d-e65c-4eba-b4b7-2ac7cda2358e,68312,Women's World Cup,2019,0
cf73161a-4262-46da-93e8-611cb45e3d3d,68312,Women's World Cup,2019,0
428362a2-ed66-4543-8c25-f2b4ba872269,68312,Women's World Cup,2019,0
328d9f2c-dd59-4733-9a5b-b5e417b59626,68312,Women's World Cup,2019,0
e4684c0d-f9ef-4794-9d75-ef1b4b9837cb,68312,Women's World Cup,2019,0
5a49f515-4cd6-4521-ba94-284aacc4a5d0,68312,Women's World Cup,2019,0
75abd85f-da81-454f-adf9-3e8e91e2db14,68312,Women's World Cup,2019,0
1e1605b9-a4cb-4021-b9b3-dca4b2c7cd86,68312,Women's World Cup,2019,0
dfbbba03-b5b4-4f5b-a149-5c2541598adc,68312,Women's World Cup,2019,0
b7b3553f-6983-45e2-81dc-9522dc082a33,68312,Women's World Cup,2019,0
cf84d6c5-5126-4cf6-ada3-0d8b2f974bb8,68312,Women's World Cup,2019,0
18d48250-7481-489f-9183-24db81c15e6d,68312,Women's World Cup,2019,0
ab1b8286-1760-4441-b227-0aa61e6d9530,68312,Women's World Cup,2019,0
c9aaacf9-b22a-498d-aa83-849aa4d23d47,68312,Women's World Cup,2019,0
ea4a7aca-6828-40f6-bd1d-8ed0748978e6,68312,Women's World Cup,2019,0
ff8237c4-d6f2-42a6-9849-316e101ba213,68312,Women's World Cup,2019,0
64dcafb4-0e44-4904-a69f-7e8c1b6e92e7,22921,Women's World Cup,2019,0
f11b76fb-ab4e-41db-ac1c-7437a187fa8b,22921,Women's World Cup,2019,0
710812c9-2796-42e7-87cf-1f171cfbfa9f,22921,Women's World Cup,2019,0
cdabf2f9-7dce-4be0-92b5-3cd5f81ad7c1,22921,Women's World Cup,2019,0
96b29b86-d151-4153-96a4-ef7e178272a4,22921,Women's World Cup,2019,1
9d678d94-38d9-4855-928f-74d41bdc2ff0,22921,Women's World Cup,2019,0
397d21f7-e791-44c2-9db8-154d18d67e0c,22921,Women's World Cup,2019,0
2ed7fa06-2fb9-4429-bc87-0a0a321f263e,22921,Women's World Cup,2019,0
ab638a75-f44b-4f85-8802-e96fd043c20c,22921,Women's World Cup,2019,0
d03edbd1-e4b7-489f-8224-a7b18108ebf7,22921,Women's World Cup,2019,0
aa435cee-04e9-4210-b76c-6fb49f9f356d,22921,Women's World Cup,2019,0
c3759b2c-2ad0-4b0d-9943-bf7004dcd536,22921,Women's World Cup,2019,0
c4944e0c-8695-4017-aeb9-dfc2d1084a75,22921,Women's World Cup,2019,0
04689ed1-ab19-40f2-bf0e-b8d1f28159c2,22921,Women's World Cup,2019,1
d6360906-1ad2-46f4-9434-f5fc3fa418c2,22921,Women's World Cup,2019,0
0574e2f3-086f-42f7-a5af-94cc9c730501,22921,Women's World Cup,2019,0
425f49e4-e001-42f8-9843-91b8266b1395,22921,Women's World Cup,2019,1
77350488-e47b-4787-9ff9-f496151fa972,22921,Women's World Cup,2019,0
d73d8855-9e5d-40a4-80d4-e4b96a7ddc4a,22921,Women's World Cup,2019,0
93106317-0887-4536-a04f-0b69ce02eb2c,22921,Women's World Cup,2019,0
b6919e4f-839a-4d5d-9a2f-72cb37544e77,22921,Women's World Cup,2019,0
e50aae84-e6da-4520-a7a5-78d7b838e161,22921,Women's World Cup,2019,0
a32fe59c-f1d8-44df-8c2b-fa7751e151a7,22921,Women's World Cup,2019,0
9b5e91fb-9897-4cd5-8b13-14d99584ef76,22921,Women's World Cup,2019,1
f5a65c6d-a2e3-4630-9cc2-b80133e5d7fd,22921,Women's World Cup,2019,0
185e40c4-65fa-4f1d-8918-681f182a79fa,22921,Women's World Cup,2019,0
1e1e574b-7b52-4c66-9df4-171fcaf66005,22926,Women's World Cup,2019,0
305579bd-54ec-4ca9-bf7e-ac117a3d908c,22926,Women's World Cup,2019,0
d67e4f1e-8140-464f-a8b9-4eb1f9d5268b,22926,Women's World Cup,2019,0
467c3858-30dc-4d7c-bd8d-6a3f95514843,22926,Women's World Cup,2019,0
c4d3dde4-53c0-42c1-b08d-eab5991c2833,22926,Women's World Cup,2019,0
3f34482b-be72-4969-9cd6-bb976dae450a,22926,Women's World Cup,2019,0
ee33182f-3a7e-4cd0-8581-6d229ae4812f,22926,Women's World Cup,2019,0
dfaf32e4-1976-4477-9052-62c8356a844f,22926,Women's World Cup,2019,0
dfbbc2bf-5d13-450a-a4b3-c3d0764e1e3f,22926,Women's World Cup,2019,0
db743fd2-920f-4daf-93e0-894baa33c4d1,22926,Women's World Cup,2019,0
b207fc65-45ea-468b-b563-2b64bb9c3fca,22926,Women's World Cup,2019,0
dea0a8db-126e-4844-85ce-d1c3f2a5a3fa,22926,Women's World Cup,2019,0
4d3f7dea-74b3-4aba-933a-24b925658a55,22926,Women's World Cup,2019,0
aa304128-3301-45db-9e3d-7fd46c310fc9,22926,Women's World Cup,2019,0
d9963973-f15b-4860-b439-8436e41812fb,22926,Women's World Cup,2019,0
46ea4a63-9786-4729-8c73-85a48554465c,22926,Women's World Cup,2019,0
59c8d819-e865-410f-a1e7-66238eceb353,22926,Women's World Cup,2019,1
cc6dc6a9-0563-4c95-82ff-373c2d5010ac,22926,Women's World Cup,2019,0
c611a6ca-ccc0-4ede-8bce-99293a1c293e,22926,Women's World Cup,2019,0
188229d0-2e88-435e-80e3-75abe3fb9865,22926,Women's World Cup,2019,0
9147d03d-cc1c-493d-8bd2-8bbdb4e2a5f2,22926,Women's World Cup,2019,0
3aa021f9-98ab-46dd-8cc3-f4368ff5fafd,22930,Women's World Cup,2019,0
866b8ff2-6a33-4fd3-bb53-5d52b0ad6633,22930,Women's World Cup,2019,0
2b560343-b904-4f01-a1cc-dfc97d5311ad,22930,Women's World Cup,2019,0
343b5853-d637-4321-82db-69baeca6c479,22930,Women's World Cup,2019,0
cfb92d94-48ec-4b1f-b277-b3948d0e51c5,22930,Women's World Cup,2019,0
770f2ebc-1be8-4da1-b01f-6a7b767cfe95,22930,Women's World Cup,2019,0
7ea3e3df-ce05-4934-9885-e3db739804d3,22930,Women's World Cup,2019,0
4e7e05da-d409-4086-85e6-e0a011e738ef,22930,Women's World Cup,2019,1
e145a0c7-789a-4009-92d8-49db1c20f3db,22930,Women's World Cup,2019,0
181ea468-4405-47b4-957c-f492b647109b,22930,Women's World Cup,2019,0
d36b79ef-56e4-4af8-b005-9c2d5feda23c,22930,Women's World Cup,2019,0
e11cbdcb-a209-4f35-b7dd-ad7df9204491,22930,Women's World Cup,2019,0
7d220c35-2e7f-4253-8491-e64af896b464,22930,Women's World Cup,2019,0
200edc38-0bf7-4270-977e-5d5813386c5a,22930,Women's World Cup,2019,0
24ab0737-b5f5-414d-81a7-77a0461f637a,22930,Women's World Cup,2019,0
59939604-0106-4883-acf9-6b8dc507fad5,22930,Women's World Cup,2019,0
78f71f50-d09a-43ee-ba0c-2306ba35013e,22930,Women's World Cup,2019,0
6c8f9c17-a122-4796-8c4a-42e075c3071f,22930,Women's World Cup,2019,0
bafc07f7-a2cd-4618-b654-06263d361d00,22930,Women's World Cup,2019,0
a82623bd-1117-431f-99b6-1a5f8bf4bb6f,22930,Women's World Cup,2019,0
b6270f17-2c67-429b-802e-c51545ec49ad,22930,Women's World Cup,2019,0
ed74a802-368d-4cbe-8bf3-3f547af00881,22930,Women's World Cup,2019,0
2095c5e3-0a4b-4925-bcac-d2885abdd7fa,22930,Women's World Cup,2019,0
c9cafa76-2ef4-4d39-8191-e79692438542,22930,Women's World Cup,2019,0
5bda7166-2935-46c8-953e-f0da175f3795,22930,Women's World Cup,2019,1
6b6acf08-0bbb-4556-bdd4-29cf07f8a27a,22930,Women's World Cup,2019,0
1d296ddd-742d-4e90-b15a-8fd76bd6b610,22930,Women's World Cup,2019,0
d1d68bc3-079e-4266-b10c-e30182c734e0,22930,Women's World Cup,2019,0
f031f3f1-7255-4f9c-a81e-809ea56c7359,22934,Women's World Cup,2019,0
1be61cc4-4b7a-4193-b0a3-d9fa89837ea2,22934,Women's World Cup,2019,0
0b67a8dc-8e16-457d-949b-7026ced40680,22934,Women's World Cup,2019,0
5a4abf3c-11b4-4b96-b2ce-6b6f0a3c822d,22934,Women's World Cup,2019,0
e3e5f613-eb96-408d-a29e-ad723219ba30,22934,Women's World Cup,2019,0
e8a80f71-727b-4a41-b1e4-10a88457a916,22934,Women's World Cup,2019,1
edac575e-c0cd-4239-a3c5-4a10f78828f3,22934,Women's World Cup,2019,0
a9c5e342-68d0-433d-8085-8b3bb5ba36bb,22934,Women's World Cup,2019,0
9cbc643d-7192-44a4-885d-1fea37610f8d,22934,Women's World Cup,2019,0
6e9868f2-4bc8-49b7-9601-bfc48268f227,22934,Women's World Cup,2019,0
7ff51d25-4ca2-44a7-8350-4de91373051e,22934,Women's World Cup,2019,0
eab9fff2-9841-478e-a7b0-d130a7a43984,22934,Women's World Cup,2019,0
c3367c27-4dc0-4f45-b0a3-2caaa2af5604,22934,Women's World Cup,2019,0
58ca8a2c-876a-452a-950f-5f4b59f0c0d1,22934,Women's World Cup,2019,0
fdfe6689-e654-4fd2-b3ec-5c4cf1505feb,22934,Women's World Cup,2019,0
2a3ac57d-ab79-4ee2-9056-e28f4506405c,22934,Women's World Cup,2019,1
be1eade1-b7d9-484f-997b-dd3b9fd10ec5,22934,Women's World Cup,2019,0
ad24624f-8b6c-4305-8473-2ab1af351772,22934,Women's World Cup,2019,0
a8245ec3-a9a3-444b-b2a5-b6230781875e,22934,Women's World Cup,2019,0
6dee94c9-5204-4b0a-9ebf-61c6479d9db8,22934,Women's World Cup,2019,0
99fd96ba-9c1e-42d7-a510-392fe8bdf9e7,22934,Women's World Cup,2019,0
ba9be011-c684-447d-a30e-b2a9a23008f5,22934,Women's World Cup,2019,0
fed81199-1514-491e-9273-212dd4688ad2,22934,Women's World Cup,2019,0
0a0093ef-06bd-479d-beda-eaf98612ec14,22934,Women's World Cup,2019,0
fe8f8323-b947-4cdd-a3f5-5388d5803a51,22934,Women's World Cup,2019,0
062570de-97df-4d93-a104-49ccd9dc2284,22939,Women's World Cup,2019,0
059979fe-05fd-42ad-8e2b-c122746cb02a,22939,Women's World Cup,2019,0
b4a8779a-aa08-4587-a1e0-56b3fd598f62,22939,Women's World Cup,2019,0
93badd0f-e4d3-4502-acf9-85ff477108f2,22939,Women's World Cup,2019,0
e50e2da9-be79-46cb-8c9c-2da339a6450a,22939,Women's World Cup,2019,0
8ddadad7-455c-499b-b336-94c433678038,22939,Women's World Cup,2019,0
f6d59229-fb1e-4629-be06-254d107cfaca,22939,Women's World Cup,2019,0
284bb526-feba-45fb-a40e-e74bcf4046b0,22939,Women's World Cup,2019,0
72912811-ff89-43ce-adeb-8f9be758f387,22939,Women's World Cup,2019,0
7256840e-4d2e-4371-a745-ed643adcb916,22939,Women's World Cup,2019,0
6ec0bf02-6b78-4ee9-a7f2-6778dbceab0a,22939,Women's World Cup,2019,1
e195bc1d-6a10-4838-b4bc-95b2ef6917fd,22939,Women's World Cup,2019,0
c150db3e-47aa-4003-b7ff-7c35ce36f438,22939,Women's World Cup,2019,0
c8daf210-1c31-4299-b3cc-f6f2e6bf988f,22939,Women's World Cup,2019,0
fb5baeb9-a3c1-4940-b422-280303437901,22939,Women's World Cup,2019,0
855f039e-08e3-4c3e-b0b3-1b7b80e4af43,22939,Women's World Cup,2019,0
8378c5f4-14b4-45b6-a0da-bd5b9db9d020,22939,Women's World Cup,2019,0
6f2bdb63-617d-4aec-8532-d01ee838b0cd,22939,Women's World Cup,2019,0
a7d51250-e4aa-49e9-9e05-15311f4275a5,22939,Women's World Cup,2019,0
eb9ac9e5-bd9d-4164-83de-1fe61f923b2f,69202,Women's World Cup,2019,0
4feef9d2-5780-4381-9fbd-945fa3f3e7ea,69202,Women's World Cup,2019,0
35885e73-1b3c-4c9e-ae17-238725c7b684,69202,Women's World Cup,2019,0
431bb40e-eb6d-461c-8dfc-9a636632ee97,69202,Women's World Cup,2019,0
1e6b04b5-d5ae-4eae-9029-ea03f91b0daa,69202,Women's World Cup,2019,0
cfc3932a-d3be-43f3-8359-32528cd11017,69202,Women's World Cup,2019,0
8c4cf66a-db57-4e30-970a-92a092240980,69202,Women's World Cup,2019,0
240379a3-08b7-42f4-8918-5036f1fd9753,69202,Women's World Cup,2019,0
bbaaacfd-0615-4385-9c9d-48cd0106e8c2,69202,Women's World Cup,2019,0
8dfd9367-6ae5-48b4-9e57-b45f4300cee9,69202,Women's World Cup,2019,0
c00cf2d4-da36-40e4-b8b0-94960495dbdb,69202,Women's World Cup,2019,0
f7d39022-d572-43f0-8b6d-401180f18901,69202,Women's World Cup,2019,0
ea1e2905-b566-499d-b493-e33c2682dcac,69202,Women's World Cup,2019,0
c154c1b5-6b46-458f-96a8-3e4b2a73e530,69202,Women's World Cup,2019,0
94dfed86-8c7f-48fd-9e86-92211c3b81f3,69202,Women's World Cup,2019,0
2aae07a9-79f5-47b3-824d-dee8845bc273,69202,Women's World Cup,2019,0
d3a3a150-9bcf-443f-ae72-c57aaf9b5948,69202,Women's World Cup,2019,0
93c93537-7a23-49cc-8c68-eeb9b508355a,69202,Women's World Cup,2019,0
b3d85703-286d-4c14-98eb-38e751186653,69202,Women's World Cup,2019,0
460c39d3-f1ca-4262-a41f-29c460ce98d4,69202,Women's World Cup,2019,0
8ea67e83-d9b0-4f4b-9fdc-620a712c399b,69202,Women's World Cup,2019,0
e6bb803f-00b9-4f26-bf89-0ec0d2e6c388,69202,Women's World Cup,2019,1
f220276a-6b37-429a-b93e-e544ff68b0bd,69202,Women's World Cup,2019,0
3f0e27f5-2d1d-4eac-9b4b-d65a44324bb1,69202,Women's World Cup,2019,0
632596d0-fe1d-4e01-bf96-f92bac40ea38,69202,Women's World Cup,2019,0
105874f2-880a-422d-a3e1-93f7d95b1052,69202,Women's World Cup,2019,1
cb280c81-3c34-4098-95c4-185de72ae1a1,69202,Women's World Cup,2019,0
fbdbecc2-358b-4051-8c83-3f798810fbb6,69202,Women's World Cup,2019,0
96fdd74f-427d-42bf-baed-fce0953f3bc7,69202,Women's World Cup,2019,0
09d0e971-41ce-46b6-b4a6-5cf9fa8937a0,22942,Women's World Cup,2019,0
24707bce-4256-4384-bc41-8dc92decb1d6,22942,Women's World Cup,2019,0
730b01ca-9e21-4424-a3a0-d54c07a2b018,22942,Women's World Cup,2019,0
1e7214d1-898b-4758-a83c-44cca1c996ad,22942,Women's World Cup,2019,0
9753544b-22c8-4e82-8e76-a0d1464a482e,22942,Women's World Cup,2019,0
4fed3610-e07e-4b27-bd48-eb08fd107945,22942,Women's World Cup,2019,0
ff54907d-e198-4411-bf90-a5401b0c665f,22942,Women's World Cup,2019,0
6088b2df-134d-4cab-9a51-d1dc8036eb05,22942,Women's World Cup,2019,0
47972e79-f785-434a-89c5-7f97c82c2414,22942,Women's World Cup,2019,0
d1f6148a-4ff8-4f9b-b8d6-7c9271e4b039,22942,Women's World Cup,2019,0
5053cd9d-4a89-4abe-b12e-c6c17d33b52a,22942,Women's World Cup,2019,0
e84b6370-8f12-4b12-accd-d8beaeab61cc,22942,Women's World Cup,2019,0
a58e8fb5-28a8-41f1-bba2-46ba3ed6f2b2,22942,Women's World Cup,2019,0
bf978720-4ef1-4817-8e4d-9b8705209ca5,22942,Women's World Cup,2019,0
09a20f27-14d6-4aee-8c96-98a02324ecb7,22942,Women's World Cup,2019,0
633a830b-c36b-4920-886d-ff7e97614b37,22942,Women's World Cup,2019,0
d61e339d-ceda-4fdf-8b80-a0752503bc12,22942,Women's World Cup,2019,0
1c14abee-7e8a-4839-8b5f-3770e6e7ffc8,22942,Women's World Cup,2019,0
c3d9d23a-3987-43dd-bcab-236d16832e42,22942,Women's World Cup,2019,0
a8e355b0-93e8-479a-9f4b-f87824f6b78e,22942,Women's World Cup,2019,0
6008f1dc-cee9-4712-ae07-f58e49bc3955,22942,Women's World Cup,2019,0
6db1281b-2457-486a-8ab6-36f034091542,22942,Women's World Cup,2019,1
606b8870-8336-4b39-ac69-b16322e4fc1a,22948,Women's World Cup,2019,0
ef2b2a54-f905-4549-b7d8-6c6f0bee39ec,22948,Women's World Cup,2019,0
c9ece95d-d666-4229-9d26-7ab84305714a,22948,Women's World Cup,2019,0
b9058a86-fe83-4756-aaf3-daa60d358f77,22948,Women's World Cup,2019,0
a021a6c3-a5d8-47a2-92d9-80d377209977,22948,Women's World Cup,2019,0
df0b79eb-8b6e-48d6-9705-6d691b2b827b,22948,Women's World Cup,2019,0
7be70c74-a046-4708-a1ca-933e8c4beb3e,22948,Women's World Cup,2019,0
de1329d2-1cd6-4d55-a3ee-dae13f2fb11e,22948,Women's World Cup,2019,0
88b14eac-6d82-4a26-af60-4fde2926ead4,22948,Women's World Cup,2019,0
24eaa499-c4b1-481f-801d-3c7f35474577,22948,Women's World Cup,2019,0
dda2778b-2c68-42f2-851b-6e8920f94316,22948,Women's World Cup,2019,0
8d92a792-75b0-400a-abed-ac4d27ca04fc,22948,Women's World Cup,2019,0
71ffc4d3-2fdb-4e3c-9fd3-204f209f2864,22948,Women's World Cup,2019,0
cff79d3a-2d6c-4527-9a52-ea2ebdadbfe7,22948,Women's World Cup,2019,1
4ff6856e-4a79-41a5-b822-c15e6474c983,22948,Women's World Cup,2019,0
4b6d7d89-b355-41a4-8a55-b70cb0dcd773,22948,Women's World Cup,2019,0
e495d9c2-2a78-413c-9513-3a514285a79c,22948,Women's World Cup,2019,0
f31baecc-d153-4137-b629-821b892c282c,22948,Women's World Cup,2019,0
ba2a16bb-e6db-4387-ae2a-0a8b8ec5da3b,22948,Women's World Cup,2019,0
06241af8-11cd-4832-8fe7-f0a445214ce5,22955,Women's World Cup,2019,0
1ddad21b-444a-468f-b90f-c38a5d97d651,22955,Women's World Cup,2019,0
30295373-285f-494b-816d-5e3f4bfcba98,22955,Women's World Cup,2019,0
ea644a17-a9b7-42cf-89fd-74f05fa2b31f,22955,Women's World Cup,2019,1
f4d96c1c-704a-4102-99e9-33abece686ca,22955,Women's World Cup,2019,0
edb7127a-2745-4cd0-ac62-d0718e6681d2,22955,Women's World Cup,2019,0
7157b5e0-8f0a-43a1-a0de-69682c783b59,22955,Women's World Cup,2019,1
c8e3957c-9418-4828-98fe-a50b49499ee2,22955,Women's World Cup,2019,0
ec9de983-8216-4293-9e90-53a6458469d1,22955,Women's World Cup,2019,0
5a0fc95e-11f9-44c3-8d28-125cb02ec56e,22955,Women's World Cup,2019,0
a4666e60-5cdc-4432-b071-53aefdc39d78,22955,Women's World Cup,2019,1
8053a4c1-f92a-4bb8-a8d2-52a3b75dc235,22955,Women's World Cup,2019,0
fafbed8a-f4c2-41a4-a040-93d5d2c753c0,22955,Women's World Cup,2019,0
90b83039-6167-4cd0-a4ff-e818845650c5,22955,Women's World Cup,2019,0
37ae3297-8961-483d-8824-a566588388b2,22955,Women's World Cup,2019,0
e4e55eff-228d-44cf-bbe2-c164d5c0abe3,22955,Women's World Cup,2019,0
56f85f44-ab43-4cd3-98b0-6e9edcf8387d,22955,Women's World Cup,2019,0
cc381df7-acea-420b-afcf-14797caa8e41,22955,Women's World Cup,2019,0
1bb026fc-5f3a-4fcf-87f5-0334d2e197ab,22955,Women's World Cup,2019,0
65fa51d2-7a09-4099-ad43-bdf7a84a9cf5,22955,Women's World Cup,2019,0
541b19ce-a73e-4220-a79c-8a821a4e47f0,22962,Women's World Cup,2019,0
92e4953c-dd47-4be7-9ca3-461d492ef672,22962,Women's World Cup,2019,0
739ac1ed-34ad-4788-93c1-35d834a05657,22962,Women's World Cup,2019,0
3b9b0183-9892-4485-8976-f029650f7d09,22962,Women's World Cup,2019,0
c76573fc-39eb-4f77-9101-4a6a025f2cd0,22962,Women's World Cup,2019,0
d0cf1f17-c273-48c5-8ac7-e04131bf70f6,22962,Women's World Cup,2019,0
a204d254-f691-472c-9417-1b017eb5f67f,22962,Women's World Cup,2019,0
dc8859c0-29c5-48fa-b5bd-b30dbe3163fa,22962,Women's World Cup,2019,0
be0b69d7-ad4e-442c-ba0f-713559cfca76,22962,Women's World Cup,2019,0
0dc255f6-2077-48af-8fa0-d5e3b8804a05,22962,Women's World Cup,2019,0
ab5795d8-9a94-44ba-8c3d-a77a78d66ef0,22962,Women's World Cup,2019,0
e7b935a9-c3ce-463a-b894-b19b66f86853,22962,Women's World Cup,2019,0
6fede05c-d96c-4af2-bbc9-b26d2f05ab4c,22962,Women's World Cup,2019,1
7691ee4f-17a8-46f0-ad3e-cfb9735f038e,22962,Women's World Cup,2019,0
1ab26a9e-f8ae-4fcf-bda8-5c4ff1ad33a7,22962,Women's World Cup,2019,0
5924abfd-193a-4a37-89a6-d16b6f63b2b5,22962,Women's World Cup,2019,0
9e6b0706-8ae1-49a9-a783-28f5fbc79104,22962,Women's World Cup,2019,0
068cce1b-d9b0-4869-90fe-91b579933780,22980,Women's World Cup,2019,0
8e997508-29dc-4f5e-a30c-980775560041,22980,Women's World Cup,2019,0
0437315b-b6a4-4bd5-aac8-deaae06a3179,22980,Women's World Cup,2019,0
ef0ec4fb-b559-4bc6-91bd-d92571d46f22,22980,Women's World Cup,2019,0
0e82de61-bfb7-4afd-b91c-39040f751b62,22980,Women's World Cup,2019,0
128bc728-ef1b-4815-b96b-8911d0b66498,22980,Women's World Cup,2019,0
33530333-33ee-4851-aba3-befed3444487,22980,Women's World Cup,2019,0
eb519563-b495-4766-9cb7-9ddd1dd6571c,22980,Women's World Cup,2019,0
bce6d8c8-ea08-4837-a9a0-6eabcc3eb818,22980,Women's World Cup,2019,0
53587d76-75f5-44b7-af32-4273517526b9,22980,Women's World Cup,2019,0
465188f9-13c5-495a-a614-7aeeee07b7f3,22980,Women's World Cup,2019,0
8e6a823b-71c3-4166-bd67-cddb79454af6,22980,Women's World Cup,2019,0
75c2c34b-f308-4318-b83d-0da274ccf4f9,22980,Women's World Cup,2019,0
36d3eaf0-147e-42c2-a1e3-4923fe333eca,22980,Women's World Cup,2019,0
12dd248f-d1b9-4f85-a3c8-3342b41302b5,22980,Women's World Cup,2019,0
f020585e-96aa-49d3-a0f0-88bbe1174f1d,22980,Women's World Cup,2019,0
a2e76c65-551b-4606-b468-b649d590f4fd,22980,Women's World Cup,2019,0
02812fc2-a7d6-4e8e-be0a-6f2c9d4b17a7,22980,Women's World Cup,2019,0
a60fd774-1a09-4886-8ffe-7a7b74af06d9,22980,Women's World Cup,2019,0
5a94314e-51b2-4a4d-af71-fcb162ac8f24,22980,Women's World Cup,2019,0
3639b792-3ce6-4480-8e47-30ec7cbf8946,22980,Women's World Cup,2019,0
63e6360f-ae51-459b-a5a8-33a7b9582c55,22984,Women's World Cup,2019,0
755819cf-332b-4fed-a6a2-ceb6005cd07b,22984,Women's World Cup,2019,0
0a563b17-8b1c-4076-9ad4-e9695fd6de2e,22984,Women's World Cup,2019,1
928876da-f064-4dd8-ab7e-300b26517118,22984,Women's World Cup,2019,0
996f1b9b-0b3c-4fba-a4a1-916864fc0b2a,22984,Women's World Cup,2019,0
1a300a62-cc97-4400-a4ea-e193fa3cb18c,22984,Women's World Cup,2019,0
5dbdf67a-b2ef-40fd-be02-43bcae3b119d,22984,Women's World Cup,2019,0
d7b2c03c-34ba-4bbb-bc2e-2b511bc03a13,22984,Women's World Cup,2019,1
6e8a68e8-9375-404e-8b4b-dc2d9973e375,22984,Women's World Cup,2019,0
cd8027eb-d1af-457b-a5cb-5965ca21ce17,22984,Women's World Cup,2019,0
c2f88dd0-a3f0-4b91-b4b7-26acf0e3f533,22984,Women's World Cup,2019,1
a0894508-0c13-4db9-a88e-45662f6ed9e7,22984,Women's World Cup,2019,0
be610a6c-fd23-493b-82be-46d678674abc,22984,Women's World Cup,2019,0
e88a4e2c-c9bf-4dc2-9395-3ca1b31026c9,22984,Women's World Cup,2019,0
3b17ec74-c63f-4062-bf26-22ad7b3351e7,22984,Women's World Cup,2019,0
a6793aa0-9a67-48d0-b6df-34116e460eb8,22984,Women's World Cup,2019,0
66d0030e-eb08-4e34-846d-67df7b461941,22984,Women's World Cup,2019,0
3860cbbe-c439-4f6b-b78d-fd9ea09f6ad0,22984,Women's World Cup,2019,1
631dbff4-2ed5-4f7d-b4ad-758889bc2a26,22984,Women's World Cup,2019,0
ec7e666e-639f-45c2-8de3-44c90bf7092b,22984,Women's World Cup,2019,0
c77c7601-bcbe-4b6b-98ac-153670d6afc2,22984,Women's World Cup,2019,0
f397410f-ce25-458c-9d5f-85442dd72946,22984,Women's World Cup,2019,0
e819ba88-143b-4a1e-af81-44f0e996268f,22984,Women's World Cup,2019,0
4535b9f6-51d3-4258-a81d-800365aa4e6e,22984,Women's World Cup,2019,0
178ef9c4-2829-4c20-89f3-b011c5b535b5,22984,Women's World Cup,2019,0
76ae8152-6893-47be-af19-3f6ba9a95be1,22984,Women's World Cup,2019,0
fbc9b56e-76ce-4f9e-931b-67fbbc2b4631,22984,Women's World Cup,2019,0
a79d7771-909c-46bb-aa29-7d89104844ff,22984,Women's World Cup,2019,0
0a6a45f0-9702-4fcf-9524-7e8e05d0a876,22984,Women's World Cup,2019,0
b9df417e-1da2-47a4-9739-45c72236827f,22984,Women's World Cup,2019,0
84c92884-454f-4e93-b60d-67d9fa9b949c,68338,Women's World Cup,2019,0
3bb8a22b-bbb3-4ace-b00d-732d5ac35002,68338,Women's World Cup,2019,0
0d4fc7b5-dfa0-4328-80f4-b93d81be4532,68338,Women's World Cup,2019,0
70fad13f-20c7-4a46-805c-d86551164ab0,68338,Women's World Cup,2019,0
7fc17486-8409-4ae4-bb6c-37e229cf206b,68338,Women's World Cup,2019,0
752451d5-33b9-43b5-b3c7-ff3d80202c38,68338,Women's World Cup,2019,1
02b86802-c917-4dda-a5a0-0de868da0853,68338,Women's World Cup,2019,0
171cf58f-fdc9-4b9f-a993-0859a481429a,68338,Women's World Cup,2019,0
5514ea12-f225-4f80-b292-65a5562ef9f3,68338,Women's World Cup,2019,0
97707a1b-1371-4755-8b37-65f9cb48d0e1,68338,Women's World Cup,2019,0
9e96a6e6-2ee8-435d-bfde-52ad33154626,68338,Women's World Cup,2019,1
65c557b1-6ff0-484f-91fb-6f864c4b8b66,68338,Women's World Cup,2019,0
43ac84ee-656f-4035-b316-364c7630b6bf,68338,Women's World Cup,2019,0
2cf76167-da87-4f35-8810-dffbc217b020,68338,Women's World Cup,2019,0
d7127e80-f3d3-4187-9535-b9e94e657c24,68338,Women's World Cup,2019,0
52f95225-4315-48bf-9d69-f324ab686dee,68338,Women's World Cup,2019,1
9e07ffda-2597-4ed7-8006-f91c4c441b95,68338,Women's World Cup,2019,0
d82538a0-47c1-49ef-b8b6-c11b5f965d7e,68338,Women's World Cup,2019,1
394e41ee-ad69-4921-92fa-0aeb62600642,68338,Women's World Cup,2019,0
e865611f-4f60-4031-bb5d-e38c02be6ca5,68338,Women's World Cup,2019,0
7ce80274-b117-4e2a-8d02-2b95b3f622ea,68343,Women's World Cup,2019,0
8c013eaa-1a21-487e-94f0-a81dfebec792,68343,Women's World Cup,2019,0
d622a739-983e-4e6d-8faf-45655fd8147d,68343,Women's World Cup,2019,0
36f7530c-9a99-435c-896e-cf72adc5d6e3,68343,Women's World Cup,2019,0
6a5b819d-4a93-4b11-bc3e-f0a54d510dc2,68343,Women's World Cup,2019,0
5f7a0229-caf5-4d74-a0b8-b35e67bd2553,68343,Women's World Cup,2019,0
8bd14735-8de3-44c4-bd3f-b2708329ffca,68343,Women's World Cup,2019,0
94851bb5-87e6-420f-8461-9ab9d7a0c66d,68343,Women's World Cup,2019,0
4129f7c4-5fa9-4f7a-967a-c5e80716850a,68343,Women's World Cup,2019,0
0af69a45-a172-4b2e-bad8-0135492cef30,68343,Women's World Cup,2019,0
06f34b69-8203-4fbf-b150-11062ac90938,68343,Women's World Cup,2019,0
84ff0df3-5c8b-4442-a443-220675dc36d0,68343,Women's World Cup,2019,0
a91f971a-14f6-4d3c-bca6-b1ababc3d2d7,68343,Women's World Cup,2019,0
d6491829-6f3f-48c2-ab1c-489975b46e12,68343,Women's World Cup,2019,0
24426dd3-7d2a-417b-8edf-8a9e2ba77341,68343,Women's World Cup,2019,0
6c79faef-9ca4-4439-93af-347b70a30315,68343,Women's World Cup,2019,0
99807950-d19a-4e74-b353-04d37704e0f0,68343,Women's World Cup,2019,0
b8dd4e58-48c3-47bc-91b0-05c14c0ff7ca,68343,Women's World Cup,2019,0
d9ff4e19-bda0-486a-82e0-58b8ad75df5a,68343,Women's World Cup,2019,0
2f2ab823-901b-4923-9b81-357ccccfa81f,68343,Women's World Cup,2019,0
054da38f-18a4-4f08-87b8-182a71cad67c,68343,Women's World Cup,2019,0
a68de6a7-41b1-472c-9f48-c3fcd6a6476a,68343,Women's World Cup,2019,0
f8ef7ab0-cdc2-47e5-bec8-c775c22624d6,68343,Women's World Cup,2019,0
e770b1d1-bde8-4940-a77a-4c86efbd2c16,68343,Women's World Cup,2019,0
50407144-8801-4924-9c5f-d0876901e432,68343,Women's World Cup,2019,0
e31be1e4-196f-4bf7-b9af-1cb29511040c,68343,Women's World Cup,2019,0
ac075308-a877-4d6d-9f3a-bcc522657c03,68343,Women's World Cup,2019,1
d1181ada-16b8-4e2c-b81f-71324f235d4f,68343,Women's World Cup,2019,0
1c2344bb-29a9-4093-8270-3819a6fb12d7,68343,Women's World Cup,2019,0
96e84cd9-1564-45b9-9bee-5c371de344f6,68343,Women's World Cup,2019,0
1177d209-f074-4c09-a6a8-abb01daf9920,68362,Women's World Cup,2019,1
f8623e83-6446-4836-ae57-d1247a26effa,68362,Women's World Cup,2019,0
5904462e-eec0-4f18-acc5-409f7e879203,68362,Women's World Cup,2019,0
4d006603-0f00-43e8-97ea-a29397990855,68362,Women's World Cup,2019,0
62e926d7-fa32-4bd6-aad9-e90cf885d94b,68362,Women's World Cup,2019,1
a88c48b1-0a37-4c4e-9733-d12129cb016b,68362,Women's World Cup,2019,0
20d5e939-ed38-4a3d-b496-9c1d856521af,68362,Women's World Cup,2019,1
b16ab3eb-5ed4-41cf-abec-9d7bbf13d7a5,68362,Women's World Cup,2019,0
aedc58e7-dc8f-4729-857f-e408e16ddaf0,68362,Women's World Cup,2019,0
d585bc5c-70dc-43f4-978e-8b87df217550,68362,Women's World Cup,2019,0
fdfcb6f8-92bf-406f-80d5-35097a048c46,68362,Women's World Cup,2019,0
a0c741f7-e062-4f5d-8517-db9f3868364a,68362,Women's World Cup,2019,0
53f6d4b5-37f4-4a35-a494-ceda77d7eb86,68362,Women's World Cup,2019,0
a1dd2a4a-c751-4915-b4b9-337a92a622c2,68362,Women's World Cup,2019,0
01d281dc-06c6-4621-a058-712e82f4c091,69191,Women's World Cup,2019,0
df910423-a741-4935-9219-82c48756feba,69191,Women's World Cup,2019,0
bbcda5c5-043d-45f0-8eb7-1ed788e37f95,69191,Women's World Cup,2019,0
516f4248-30aa-431a-a317-fbb213db455f,69191,Women's World Cup,2019,0
c871fed0-bc9a-4f2e-a2b3-ba4ec8ecb3d7,69191,Women's World Cup,2019,1
e777b95b-1bae-4719-8154-6480c639faf0,69191,Women's World Cup,2019,0
62385e65-79fa-4213-8aba-cab0d09e5afe,69191,Women's World Cup,2019,0
59741831-74d9-4fb4-8b8d-fdad69433449,69191,Women's World Cup,2019,0
ad5d34b9-3310-4199-8f26-3cdd15103ce5,69191,Women's World Cup,2019,0
4c07b40a-40b6-48bb-a0c5-70aeb932b3b3,69191,Women's World Cup,2019,0
2f4e2dac-1119-4d25-b077-d98b5956272a,69191,Women's World Cup,2019,0
874dce8c-630e-4e42-8c49-492aa01754ad,69191,Women's World Cup,2019,0
536cf02d-b83f-4ad7-907a-05dea0fe3830,69191,Women's World Cup,2019,0
6a91c2cd-9eb5-4c7d-9853-e75761fe5646,69191,Women's World Cup,2019,0
51cd9481-75f5-4b08-9ee7-5c2999c031b4,69191,Women's World Cup,2019,1
8ad6587e-a126-4da2-b0e8-32464ddc42a5,69191,Women's World Cup,2019,0
48b00ce1-4fe0-4a35-958e-70b4dceb02ad,69191,Women's World Cup,2019,0
85bc4087-c718-40ba-a463-d517f03cc2f5,69191,Women's World Cup,2019,0
c99034e9-c127-4785-9d65-f43c27d39fdd,69191,Women's World Cup,2019,0
05f2bde9-0906-4ffa-9011-1879210539f2,69191,Women's World Cup,2019,0
eec8efa1-ed91-4f90-8e09-c123ca622592,69191,Women's World Cup,2019,0
ab9b57bd-14fe-4889-b1ed-ea744e29a213,69191,Women's World Cup,2019,0
db25fe31-065b-45ea-b141-dbc075108087,69191,Women's World Cup,2019,0
5ad8d69c-e49d-4c68-aefd-cb148d789dc6,69191,Women's World Cup,2019,0
c125f93a-8f42-454f-8484-e083c3f0cf51,69191,Women's World Cup,2019,0
9d293d20-f7d4-436e-ab54-1c8b6abd39ff,69191,Women's World Cup,2019,0
7de96dbb-d8cf-4ec5-ab5e-df44cd1f28e1,69191,Women's World Cup,2019,0
2d50fe9a-d90f-40a5-895f-1a92e5451d92,69191,Women's World Cup,2019,0
404b1b82-aaee-4f50-92c8-2cf90e20a9ce,69191,Women's World Cup,2019,0
d83ab92c-f391-49fb-aa31-549aec55e55c,69191,Women's World Cup,2019,0
e93aa0de-b3fe-4afd-9a39-9307965bc62b,69191,Women's World Cup,2019,0
9134c444-99df-432d-b846-a4d3e02cec41,69191,Women's World Cup,2019,0
26547b4d-3448-4da1-8306-6f2fedc5ad71,69191,Women's World Cup,2019,0
9d4ce7dd-d438-41e2-90d6-99e1ae8b4429,69191,Women's World Cup,2019,0
83d7a678-2c16-4cd4-95a6-d436ed36846a,69188,Women's World Cup,2019,0
65d651b9-676d-414c-b4f3-1f7033281be3,69188,Women's World Cup,2019,0
d34952e6-5370-452a-95f2-5148a4235f1e,69188,Women's World Cup,2019,1
829f3a07-6b32-4268-a99a-a967e8e65acc,69188,Women's World Cup,2019,0
8819dbcd-8e02-41c8-a292-e6c778325d25,69188,Women's World Cup,2019,0
f7f8ebab-c28a-464a-bd4d-d21f5a0ed81e,69188,Women's World Cup,2019,1
b2584b5a-9afd-4ae9-bfb7-460c5b2a95af,69188,Women's World Cup,2019,0
ac78a9ff-3329-476f-9a4a-9310523b9cc9,69188,Women's World Cup,2019,0
00893bb1-3598-4cfe-969c-7a3610f2e0a6,69188,Women's World Cup,2019,0
34447e2a-8f1d-445c-92d9-f7c7be19a757,69188,Women's World Cup,2019,0
92253cb9-404b-4e0c-be34-357561b6a6f6,69188,Women's World Cup,2019,0
1e621755-dddd-4695-9534-cefae0f36e9d,69188,Women's World Cup,2019,0
b160beaa-f9eb-48df-a808-682bf4312f49,69188,Women's World Cup,2019,0
0b4b44df-1e31-4ab0-943d-5e27c30162a4,69188,Women's World Cup,2019,0
0e462fe1-504c-40be-b7bf-25dfaeb71ff1,69188,Women's World Cup,2019,0
4708a321-6a37-4d2c-9859-81886ff932ee,69188,Women's World Cup,2019,0
10af110e-4a11-4efa-9786-f5699ceb3796,69188,Women's World Cup,2019,0
d578df90-7ed9-4793-82c4-3e1d6b944383,69188,Women's World Cup,2019,0
233789b2-2fc8-4b07-a18d-13d74e56931c,69188,Women's World Cup,2019,0
422180d1-20e3-4759-ad77-62bf730f2f5b,69188,Women's World Cup,2019,0
ea022f84-cc13-45fa-9a1f-24497e5bff34,69188,Women's World Cup,2019,0
d6357ca9-98d3-40c3-a2b7-1165f4c83963,69199,Women's World Cup,2019,1
10f6a06c-0661-4c1a-a774-da1e7289c37d,69199,Women's World Cup,2019,0
6be01d6c-3c63-46c0-81f4-7be4203a795b,69199,Women's World Cup,2019,0
b5471ec2-cda3-4ad2-878b-a58cebed585c,69199,Women's World Cup,2019,0
52c37664-591d-4ffa-9848-6378b878c5f3,69199,Women's World Cup,2019,0
81b65403-6bca-46c9-98ab-8e3fe583df42,69199,Women's World Cup,2019,0
82591146-aec8-44f7-85b4-1ff6735c7d6c,69199,Women's World Cup,2019,0
c07a12ea-3dc3-434b-a5fa-a56142df0245,69199,Women's World Cup,2019,0
ee43fb59-e31d-4367-bba3-1ea01a1dc6b8,69199,Women's World Cup,2019,1
25cc0ca6-ed7e-4c86-963b-28d3c5ecefd0,69199,Women's World Cup,2019,0
52de6d18-b7ec-432f-9003-a0df11c67e00,69199,Women's World Cup,2019,0
2483eec1-6433-4740-a905-a63dfa9d0907,69199,Women's World Cup,2019,0
3d50af57-c655-48e6-b960-477c7cf713ca,69199,Women's World Cup,2019,1
82d19440-be7a-46c2-aa44-845d17e613ab,69199,Women's World Cup,2019,0
2bf65400-a919-4499-9fb7-2ff053029a95,69199,Women's World Cup,2019,0
db03123e-c584-43b5-a261-0ab9af451293,69199,Women's World Cup,2019,0
75fa9bba-4459-46c1-bfe7-d6f515c9ca6c,69199,Women's World Cup,2019,0
f1a1fb69-366e-488c-b189-672466325d56,69199,Women's World Cup,2019,0
fcbcf435-9dee-45cd-b15c-63bdca3d9b01,69199,Women's World Cup,2019,0
a0ddbabe-0408-455d-b104-bda6ed168add,69199,Women's World Cup,2019,0
7b13843e-b393-4619-b6b2-ee0633429c21,69199,Women's World Cup,2019,0
341c5610-4264-4212-bc36-411cd9fe66e9,69199,Women's World Cup,2019,0
ef39314f-38b8-46c9-9979-9cbdb2f488ab,69199,Women's World Cup,2019,0
29a8f0d8-8717-42b5-822d-13e9ab80e4fd,69199,Women's World Cup,2019,0
3b8aa827-fd96-48db-ab82-da3b9e6a6240,69199,Women's World Cup,2019,0
174a88eb-be6c-4eec-8243-18e46775088e,69199,Women's World Cup,2019,0
19fa059f-feb0-424c-80ca-efe469241b16,69199,Women's World Cup,2019,0
eb46f1d3-aba3-430b-b994-c7c2417a9775,69258,Women's World Cup,2019,0
3cf2c869-c8ff-48fa-845b-9cffd5904658,69258,Women's World Cup,2019,0
11fec3fa-48f3-4949-bbc4-8699d01c58f1,69258,Women's World Cup,2019,1
8c51b399-7b10-48c6-a8a2-55a566bfa1fc,69258,Women's World Cup,2019,0
51347d25-efea-44ec-9159-4ee6c1b01194,69258,Women's World Cup,2019,1
1d22bfa4-59ae-4681-b95a-65b221d7027e,69258,Women's World Cup,2019,0
a3e59153-d68e-4e9b-8343-ba0f30204894,69258,Women's World Cup,2019,0
685062f6-53f9-47af-be7d-a78f0cccb1f1,69258,Women's World Cup,2019,1
eae7d803-88f6-48fd-b84f-d67c0fee00e0,69258,Women's World Cup,2019,0
03fa9dd3-8e6b-4cc0-89a1-af5f6cebda87,69258,Women's World Cup,2019,0
9999d393-d73c-40db-b819-fd568bbb80e7,69258,Women's World Cup,2019,0
fe05db1f-0324-435f-baf2-1e3b829713ab,69258,Women's World Cup,2019,0
55d8157f-ba5a-41ea-ac18-3a01237e1914,69258,Women's World Cup,2019,0
e9e52d90-6a4d-491c-8f19-28ee39b4e73c,69258,Women's World Cup,2019,0
56b8f448-e8b4-4221-9e03-623abc3dd286,69258,Women's World Cup,2019,0
dfa54b32-4919-483f-bb36-294db249f2cf,69258,Women's World Cup,2019,0
01e05422-3b49-4024-97ee-4a36cdcaa273,69258,Women's World Cup,2019,0
0d25a121-1b9a-4c47-aff8-d2788e942dca,69284,Women's World Cup,2019,0
b4f9c450-af8c-4ba3-b88e-bea13dca38b4,69284,Women's World Cup,2019,0
bd667986-dce9-4ddc-ba1b-23cd8a2b2cf1,69284,Women's World Cup,2019,0
d16c0e7e-9239-40b4-8f27-1c6eea241e69,69284,Women's World Cup,2019,0
46ba6232-6826-4148-8ced-743c3fe7a3c7,69284,Women's World Cup,2019,0
3374a82f-7c75-4f98-85c2-e7422c96758a,69284,Women's World Cup,2019,0
fc751475-2e27-4740-bb4d-342b944de318,69284,Women's World Cup,2019,0
3027a4d3-2d4e-445d-8359-87c14343ff14,69284,Women's World Cup,2019,0
97402e9f-2e77-4ef9-afb1-7992692e23d5,69284,Women's World Cup,2019,0
2aed9607-11fe-4a66-8452-d1f8a4ca9333,69284,Women's World Cup,2019,0
eecbe253-e673-4139-b3c9-a8b826710684,69284,Women's World Cup,2019,0
ee5bd3f8-3257-4b38-8356-2cff2a96867a,69284,Women's World Cup,2019,0
29756d76-2221-4bad-980c-099d38ab24cb,69284,Women's World Cup,2019,0
158fef1b-7892-4ef5-8503-5cd0f65ab644,69284,Women's World Cup,2019,0
c0004c3c-a962-4d20-87e5-be3abd376fdf,69284,Women's World Cup,2019,0
ee5de7c6-cf66-414c-b501-ec47121b2690,69284,Women's World Cup,2019,0
762f62e0-1731-4105-91aa-340cbf4abfa4,69284,Women's World Cup,2019,0
68dfd304-459b-4b93-b888-d8639c67b863,69284,Women's World Cup,2019,0
8234ced1-7368-4ab7-ba98-dd1db2ea74ab,69284,Women's World Cup,2019,0
0b01c0e3-ea6e-4c9e-9871-0dd8c410c9d4,69284,Women's World Cup,2019,0
5900119b-a42b-47e7-8166-839d2aab741f,69284,Women's World Cup,2019,1
a9284bf0-9ce7-4580-abe8-dd5858e615e3,69284,Women's World Cup,2019,0
a2892691-a971-4391-8bb2-ffa61b398c9b,69284,Women's World Cup,2019,0
c11ec37c-6ee2-483f-b151-e067bbc8c0cc,69284,Women's World Cup,2019,0
a1edde62-0d33-4177-822a-1f1bb28d88cb,69284,Women's World Cup,2019,0
38a8026b-7021-4ad3-b266-fe48df48c45c,69284,Women's World Cup,2019,0
7f6e5668-4e60-4cda-bfbf-242f9289c297,69205,Women's World Cup,2019,0
8376b8de-af32-4fde-9097-c1f81df8a435,69205,Women's World Cup,2019,0
c4518a78-596c-4a92-b63e-e924c4cb33f1,69205,Women's World Cup,2019,0
695d8815-5768-4ac2-8a0a-a3c4aa91cd59,69205,Women's World Cup,2019,0
651f5666-aa51-4159-b7ab-dcfbe24d1ecb,69205,Women's World Cup,2019,0
2c92a25a-2014-4080-b8fd-b69d72092898,69205,Women's World Cup,2019,0
88b88b56-b9a1-4b66-809d-5665d51dec4c,69205,Women's World Cup,2019,0
eda33083-4634-4f4d-9d60-b7d9840794aa,69205,Women's World Cup,2019,0
eb914c2c-fea7-4621-af25-0db11589161c,69205,Women's World Cup,2019,0
c9f3e35f-1cb2-4120-bb8b-f8a82e2f04e6,69205,Women's World Cup,2019,0
5502435c-dc51-469f-bb49-fbdc7b89d901,69205,Women's World Cup,2019,0
a05ca8ff-e242-4f4d-b00f-21a794d55f31,69205,Women's World Cup,2019,0
99e3f3a7-bac6-4ddb-8250-43fe0c073182,69205,Women's World Cup,2019,0
c22e1da1-caf2-470c-ad93-d3330a21ea96,69205,Women's World Cup,2019,0
ab72552e-3a86-49eb-b2f8-3b4cc294af8d,69205,Women's World Cup,2019,0
4cdfc246-b8f7-43c9-bc12-cbd661bbf585,69205,Women's World Cup,2019,0
828295e4-feac-43c4-8b4a-47617f6d2408,69205,Women's World Cup,2019,1
81371a58-981b-4600-90eb-901d5a3981d5,69205,Women's World Cup,2019,0
58997323-8e35-474d-815c-7926e1e143ba,69205,Women's World Cup,2019,1
a721af1c-c7e0-4873-977c-da1b6b2db0ab,69205,Women's World Cup,2019,0
74c94f83-1d9e-4b96-b300-b4cb190e1a18,69205,Women's World Cup,2019,0
88642874-9aca-4ec7-92b8-c38c6c5313e1,69205,Women's World Cup,2019,0
a82fcc27-0982-4c0b-a614-9435838976bc,69205,Women's World Cup,2019,0
3331b7f4-1a94-4701-befb-5a8b6991c0cf,69161,Women's World Cup,2019,0
8e28db3b-ade6-454f-a64c-55e11a31753b,69161,Women's World Cup,2019,1
ffad4bd3-7367-42d9-bfea-65d4f9326565,69161,Women's World Cup,2019,0
4201f68c-764d-45bd-bcfb-96470a72c2e8,69161,Women's World Cup,2019,0
900419be-a992-4704-8ba8-e646d6c19f71,69161,Women's World Cup,2019,0
e69b4657-15fb-4c6d-9042-082e4dedb3b3,69161,Women's World Cup,2019,0
d732be47-25cc-4380-aa50-0ae475b1a177,69161,Women's World Cup,2019,0
8131a8ba-9f7a-4f6f-aa1a-ead22eb0a9c9,69161,Women's World Cup,2019,0
f0a58dce-819f-4b42-a296-5fce1c0f8869,69161,Women's World Cup,2019,0
b06051f7-ed65-4264-863d-65196bcca608,69161,Women's World Cup,2019,0
5582290f-1739-43d7-8d2b-37bcca19b844,69161,Women's World Cup,2019,0
46b73a8c-f48c-4a25-a3ac-956bde0ebf7c,69161,Women's World Cup,2019,0
668e5f58-acff-49bc-bfec-23cacc20b414,69161,Women's World Cup,2019,0
